book,chapter,verse,stem,severity,categories,note,goi_vi,vie1934,wlc
GEN,5,1,001_GEN_005_001,green,clean,green:clean: No lint findings.,"Đây là sách gia phổ của A-đam. Ngày Đức Chúa Trời tạo nên A-đam, Ngài làm nên người theo hình dạng Đức Chúa Trời.","Đây là sách chép dòng dõi của A-đam. Ngày mà Đức Chúa Trời dựng nên loài người, thì Ngài làm nên loài người giống như Đức Chúa Trời;",זֶ֣ה סֵ֔פֶר תּוֹלְדֹ֖ת אָדָ֑ם בְּי֗וֹם בְּרֹ֤א אֱלֹהִים֙ אָדָ֔ם בִּדְמ֥וּת אֱלֹהִ֖ים עָשָׂ֥ה אֹתֽוֹ
GEN,5,2,001_GEN_005_002,green,clean,green:clean: No lint findings.,"Ngài tạo nên người nam và người nữ, ban phước cho họ, và trong ngày Ngài tạo nên họ, Ngài đặt tên họ là A-đam.","Ngài dựng nên người nam cùng người nữ, ban phước cho họ, và trong ngày đã dựng nên, đặt tên là người.",זָכָ֥ר וּנְקֵבָ֖ה בְּרָאָ֑ם וַיְבָ֣רֶךְ אֹתָ֗ם וַיִּקְרָ֤א אֶת שְׁמָם֙ אָדָ֔ם בְּי֖וֹם הִבָּֽרְאָֽם
GEN,5,3,001_GEN_005_003,green,clean,green:clean: No lint findings.,"A-đam sống được một trăm ba mươi năm, rồi sinh một con trai giống như mình, theo hình tượng mình, và đặt tên con là Sết.","Vả, A-đam được một trăm ba mươi tuổi, sanh một con trai giống như hình tượng mình, đặt tên là Sết.",וַֽיְחִ֣י אָדָ֗ם שְׁלֹשִׁ֤ים וּמְאַת֙ שָׁנָ֔ה וַיּ֥וֹלֶד בִּדְמוּת֖וֹ כְּצַלְמ֑וֹ וַיִּקְרָ֥א אֶת שְׁמ֖וֹ שֵֽׁת
GEN,5,4,001_GEN_005_004,green,clean,green:clean: No lint findings.,"Sau khi A-đam sinh Sết, người còn sống tám trăm năm và sinh các con trai và các con gái.","Sau khi A-đam sanh Sết rồi, còn sống được tám trăm năm, sanh con trai con gái.",וַיִּֽהְי֣וּ יְמֵי אָדָ֗ם אַֽחֲרֵי֙ הוֹלִיד֣וֹ אֶת שֵׁ֔ת שְׁמֹנֶ֥ה מֵאֹ֖ת שָׁנָ֑ה וַיּ֥וֹלֶד בָּנִ֖ים וּבָנֽוֹת
GEN,5,5,001_GEN_005_005,green,clean,green:clean: No lint findings.,"A-đam sống chín trăm ba mươi năm, rồi qua đời.","Vậy, A-đam hưởng thọ được chín trăm ba mươi tuổi, rồi qua đời.",וַיִּֽהְי֞וּ כָּל יְמֵ֤י אָדָם֙ אֲשֶׁר חַ֔י תְּשַׁ֤ע מֵאוֹת֙ שָׁנָ֔ה וּשְׁלֹשִׁ֖ים שָׁנָ֑ה וַיָּמֹֽת
GEN,5,6,001_GEN_005_006,green,clean,green:clean: No lint findings.,"Sết sống được một trăm năm, rồi sinh ra Ê-nót.","Sết được một trăm năm tuổi, sanh Ê-nót.",וַֽיְחִי שֵׁ֕ת חָמֵ֥שׁ שָׁנִ֖ים וּמְאַ֣ת שָׁנָ֑ה וַיּ֖וֹלֶד אֶת אֱנֽוֹשׁ
GEN,5,7,001_GEN_005_007,green,clean,green:clean: No lint findings.,"Sau khi Sết sinh Ê-nót, người còn sống tám trăm bảy năm, rồi sinh các con trai và các con gái.","Sau khi Sết sanh Ê-nót rồi, còn sống được tám trăm bảy năm, sanh con trai con gái.",וַֽיְחִי שֵׁ֗ת אַֽחֲרֵי֙ הוֹלִיד֣וֹ אֶת אֱנ֔וֹשׁ שֶׁ֣בַע שָׁנִ֔ים וּשְׁמֹנֶ֥ה מֵא֖וֹת שָׁנָ֑ה וַיּ֥וֹלֶד בָּנִ֖ים וּבָנֽוֹת
GEN,5,8,001_GEN_005_008,green,clean,green:clean: No lint findings.,"Sết sống được chín trăm mười hai năm, rồi qua đời.","Vậy, Sết hưởng thọ được chín trăm mười hai tuổi, rồi qua đời.",וַיִּֽהְיוּ֙ כָּל יְמֵי שֵׁ֔ת שְׁתֵּ֤ים עֶשְׂרֵה֙ שָׁנָ֔ה וּתְשַׁ֥ע מֵא֖וֹת שָׁנָ֑ה וַיָּמֹֽת
GEN,5,9,001_GEN_005_009,green,clean,green:clean: No lint findings.,"Ê-nót sống chín mươi năm, rồi sinh ra Kê-nan.","Ê-nót được chín mươi tuổi, sanh Kê-nan.",וַֽיְחִ֥י אֱנ֖וֹשׁ תִּשְׁעִ֣ים שָׁנָ֑ה וַיּ֖וֹלֶד אֶת קֵינָֽן
GEN,5,10,001_GEN_005_010,green,clean,green:clean: No lint findings.,"Ê-nót sống tám trăm mười lăm năm sau khi sinh Kê-nan, và sinh các con trai và các con gái.","Sau khi Ê-nót sanh Kê-nan rồi, còn sống được tám trăm mười lăm năm, sanh con trai con gái.",וַֽיְחִ֣י אֱנ֗וֹשׁ אַֽחֲרֵי֙ הוֹלִיד֣וֹ אֶת קֵינָ֔ן חֲמֵ֤שׁ עֶשְׂרֵה֙ שָׁנָ֔ה וּשְׁמֹנֶ֥ה מֵא֖וֹת שָׁנָ֑ה וַיּ֥וֹלֶד בָּנִ֖ים וּבָנֽוֹת
DEU,10,6,005_DEU_010_006,green,clean,green:clean: No lint findings.,"Dân Y-sơ-ra-ên đi từ Bê-rốt Bê-nê-Gia-can đến Mô-sê-ra; tại đó A-rôn qua đời và được chôn, và Ê-lê-a-sa, con trai người, làm thầy tế lễ thế cho người.","Vả, dân Y-sơ-ra-ên đi từ Bê-rốt Bê-nê-Gia-can đến Mô-sê-ra. A-rôn qua đời và được chôn tại đó; Ê-lê-a-sa, con trai người, làm chức tế lễ thế cho người.",וּבְנֵ֣י יִשְׂרָאֵ֗ל נָֽסְע֛וּ מִבְּאֵרֹ֥ת בְּנֵי יַעֲקָ֖ן מוֹסֵרָ֑ה שָׁ֣ם מֵ֤ת אַהֲרֹן֙ וַיִּקָּבֵ֣ר שָׁ֔ם וַיְכַהֵ֛ן אֶלְעָזָ֥ר בְּנ֖וֹ תַּחְתָּֽיו
DEU,10,7,005_DEU_010_007,green,clean,green:clean: No lint findings.,"Từ đó họ khởi hành đến Gút-gô-đa, rồi từ Gút-gô-đa đến Dốt-ba-tha, là đất có các suối nước.","Từ đó, dân Y-sơ-ra-ên đi đến Gút-gô-đa, rồi từ Gút-gô-đa đến Dốt-ba-tha, là xứ có nhiều sông rạch.",מִשָּׁ֥ם נָסְע֖וּ הַגֻּדְגֹּ֑דָה וּמִן הַגֻּדְגֹּ֣דָה יָטְבָ֔תָה אֶ֖רֶץ נַ֥חֲלֵי מָֽיִם
DEU,10,8,005_DEU_010_008,green,clean,green:clean: No lint findings.,"Trong lúc ấy, Đức Giê-hô-va biệt riêng chi phái Lê-vi ra để khiêng hòm giao ước của Đức Giê-hô-va, đứng trước mặt Đức Giê-hô-va mà phục vụ Ngài và nhân danh Ngài mà ban phước, cho đến ngày nay.","Trong lúc ấy, Đức Giê-hô-va biệt chi phái Lê-vi riêng ra, đặng khiêng hòm giao ước của Đức Giê-hô-va, chầu chực trước mặt Đức Giê-hô-va, phục sự Ngài, và nhân danh Ngài chức phước, cho đến ngày nay.",בָּעֵ֣ת הַהִ֗וא הִבְדִּ֤יל יְהוָה֙ אֶת שֵׁ֣בֶט הַלֵּוִ֔י לָשֵׂ֖את אֶת אֲר֣וֹן בְּרִית יְהוָ֑ה לַעֲמֹד֩ לִפְנֵ֨י יְהוָ֤ה לְשָֽׁרְתוֹ֙ וּלְבָרֵ֣ךְ בִּשְׁמ֔וֹ עַ֖ד הַיּ֥וֹם הַזֶּֽה
DEU,10,9,005_DEU_010_009,green,clean,green:clean: No lint findings.,"Bởi vậy, người Lê-vi không có phần hay sản nghiệp cùng anh em mình; Đức Giê-hô-va là sản nghiệp của người, như chính Đức Giê-hô-va Đức Chúa Trời ngươi đã phán dạy người.","Bởi cớ đó, Lê-vi không phần, không nghiệp với anh em mình; Đức Giê-hô-va là cơ nghiệp của ngươi y như Giê-hô-va Đức Chúa Trời ngươi đã phán cùng người.",עַל כֵּ֞ן לֹֽא הָיָ֧ה לְלֵוִ֛י חֵ֥לֶק וְנַחֲלָ֖ה עִם אֶחָ֑יו יְהוָה֙ ה֣וּא נַחֲלָת֔וֹ כַּאֲשֶׁ֥ר דִּבֶּ֛ר יְהוָ֥ה אֱלֹהֶ֖יךָ לֽוֹ
DEU,10,10,005_DEU_010_010,green,clean,green:clean: No lint findings.,"Ta đã đứng trên núi như những ngày đầu tiên, bốn mươi ngày và bốn mươi đêm; Đức Giê-hô-va đã nhậm lời ta trong lần ấy, và Đức Giê-hô-va không muốn hủy diệt ngươi.","Vậy, ta ở trên núi trong bốn mươi ngày và bốn mươi đêm như lần đầu, và lần nầy Đức Giê-hô-va lại nhậm lời ta, bằng lòng không diệt ngươi.",וְאָנֹכִ֞י עָמַ֣דְתִּי בָהָ֗ר כַּיָּמִים֙ הָרִ֣אשֹׁנִ֔ים אַרְבָּעִ֣ים י֔וֹם וְאַרְבָּעִ֖ים לָ֑יְלָה וַיִּשְׁמַ֨ע יְהוָ֜ה אֵלַ֗י גַּ֚ם בַּפַּ֣עַם הַהִ֔וא לֹא אָבָ֥ה יְהוָ֖ה הַשְׁחִיתֶֽךָ
DEU,10,11,005_DEU_010_011,green,clean,green:clean: No lint findings.,"Đức Giê-hô-va phán cùng tôi rằng: “Hãy đứng dậy, đi trước mặt dân sự, để họ vào và nhận lấy đất mà Ta đã thề ban cho tổ phụ họ.”","Nhưng Đức Giê-hô-va phán cùng ta rằng: Hãy đứng dậy, đi đầu dân sự, đặng chúng nó vào nhận lấy xứ mà ta đã thề cùng tổ phụ chúng nó, để ban cho chúng nó.",וַיֹּ֤אמֶר יְהוָה֙ אֵלַ֔י ק֛וּם לֵ֥ךְ לְמַסַּ֖ע לִפְנֵ֣י הָעָ֑ם וְיָבֹ֨אוּ֙ וְיִֽרְשׁ֣וּ אֶת הָאָ֔רֶץ אֲשֶׁר נִשְׁבַּ֥עְתִּי לַאֲבֹתָ֖ם לָתֵ֥ת לָהֶֽם
DEU,10,12,005_DEU_010_012,green,clean,green:clean: No lint findings.,"Vậy, hỡi Y-sơ-ra-ên, bây giờ Đức Giê-hô-va Đức Chúa Trời ngươi đòi ngươi điều gì, nếu không phải là kính sợ Đức Giê-hô-va Đức Chúa Trời ngươi, đi trong mọi con đường của Ngài, yêu mến Ngài, và phục sự Đức Giê-hô-va Đức Chúa Trời ngươi hết lòng, hết linh hồn ngươi?","Vậy, hỡi Y-sơ-ra-ên, bây giờ Giê-hô-va Đức Chúa Trời ngươi đòi ngươi điều chi? há chẳng phải đòi ngươi kính sợ Giê-hô-va, Đức Chúa Trời ngươi, đi theo các đạo Ngài, hết lòng hết ý kính mến và phục sự Giê-hô-va Đức Chúa Trời ngươi,",וְעַתָּה֙ יִשְׂרָאֵ֔ל מָ֚ה יְהוָ֣ה אֱלֹהֶ֔יךָ שֹׁאֵ֖ל מֵעִמָּ֑ךְ כִּ֣י אִם לְ֠יִרְאָה אֶת יְהוָ֨ה אֱלֹהֶ֜יךָ לָלֶ֤כֶת בְּכָל דְּרָכָיו֙ וּלְאַהֲבָ֣ה אֹת֔וֹ וְלַֽעֲבֹד֙ אֶת יְהוָ֣ה אֱלֹהֶ֔יךָ בְּכָל לְבָבְךָ֖ וּבְכָל נַפְשֶֽׁךָ
DEU,10,13,005_DEU_010_013,green,clean,green:clean: No lint findings.,"giữ các điều răn và luật lệ của Đức Giê-hô-va mà ta truyền cho ngươi ngày nay, để ngươi được phước.","giữ các điều răn và luật lệ của Đức Giê-hô-va, mà ta truyền cho ngươi ngày nay, để ngươi được phước?",לִשְׁמֹ֞ר אֶת מִצְוֺ֤ת יְהוָה֙ וְאֶת חֻקֹּתָ֔יו אֲשֶׁ֛ר אָנֹכִ֥י מְצַוְּךָ֖ הַיּ֑וֹם לְט֖וֹב לָֽךְ
DEU,10,14,005_DEU_010_014,green,clean,green:clean: No lint findings.,"Kìa, trời, các tầng trời cao nhất, đất và mọi vật ở trong đó đều thuộc về Đức Giê-hô-va Đức Chúa Trời ngươi.","Kìa, trời và các từng trời cao hơn trời, đất và mọi vật ở nơi đất đều thuộc về Giê-hô-va Đức Chúa Trời ngươi.",הֵ֚ן לַיהוָ֣ה אֱלֹהֶ֔יךָ הַשָּׁמַ֖יִם וּשְׁמֵ֣י הַשָּׁמָ֑יִם הָאָ֖רֶץ וְכָל אֲשֶׁר בָּֽהּ
DEU,10,15,005_DEU_010_015,green,clean,green:clean: No lint findings.,"Chỉ Đức Giê-hô-va yêu mến tổ phụ các ngươi và chọn dòng dõi họ sau họ, tức là các ngươi, giữa mọi dân tộc, như ngày nay.","Chỉn Đức Giê-hô-va ưa-đẹp các tổ phụ ngươi và yêu mến; rồi trong muôn dân, Ngài đã chọn dòng dõi họ, tức là các ngươi, y như các ngươi thấy ngày nay.",רַ֧ק בַּאֲבֹתֶ֛יךָ חָשַׁ֥ק יְהוָ֖ה לְאַהֲבָ֣ה אוֹתָ֑ם וַיִּבְחַ֞ר בְּזַרְעָ֣ם אַחֲרֵיהֶ֗ם בָּכֶ֛ם מִכָּל הָעַמִּ֖ים כַּיּ֥וֹם הַזֶּה
LEV,18,6,003_LEV_018_006,green,clean,green:clean: No lint findings.,Chớ ai trong các ngươi đến gần bất cứ người bà con huyết thống nào để phơi bày sự trần truồng: Ta là Đức Giê-hô-va.,Chớ một ai trong vòng các ngươi đến gần cùng người nữ bà con mình đặng cấu hiệp: Ta là Đức Giê-hô-va.,אִ֥ישׁ אִישׁ֙ אֶל כָּל שְׁאֵ֣ר בְּשָׂר֔וֹ לֹ֥א תִקְרְב֖וּ לְגַלּ֣וֹת עֶרְוָ֑ה אֲנִ֖י יְהוָֽה
LEV,18,7,003_LEV_018_007,green,clean,green:clean: No lint findings.,"Chớ tiết lộ sự trần truồng của cha ngươi và sự trần truồng của mẹ ngươi; mẹ ngươi là mẹ ngươi, ngươi chớ tiết lộ sự trần truồng của bà ấy.","Chớ cấu hiệp cùng mẹ mình; bằng cấu hiệp, tất làm nhục cho cha mẹ.",עֶרְוַ֥ת אָבִ֛יךָ וְעֶרְוַ֥ת אִמְּךָ֖ לֹ֣א תְגַלֵּ֑ה אִמְּךָ֣ הִ֔וא לֹ֥א תְגַלֶּ֖ה עֶרְוָתָֽהּ
LEV,18,8,003_LEV_018_008,green,clean,green:clean: No lint findings.,Chớ tiết lộ sự trần truồng của vợ người cha ngươi; ấy là sự trần truồng của chính người cha ngươi.,"Chớ cấu hiệp cùng kế mẫu, bằng cấu hiệp, ấy làm nhục cho cha mình.",עֶרְוַ֥ת אֵֽשֶׁת אָבִ֖יךָ לֹ֣א תְגַלֵּ֑ה עֶרְוַ֥ת אָבִ֖יךָ הִֽוא
LEV,18,9,003_LEV_018_009,green,clean,green:clean: No lint findings.,"Chớ phơi bày sự trần truồng của chị em ngươi, con gái của cha ngươi hay con gái của mẹ ngươi, sinh trong nhà hay sinh ngoài nhà.","Chớ cấu hiệp cùng chị em mình, hoặc một cha khác mẹ, hoặc một mẹ khác cha, hoặc sanh tại trong nhà, hoặc sanh ở ngoài.",עֶרְוַ֨ת אֲחֽוֹתְךָ֤ בַת אָבִ֨יךָ֙ א֣וֹ בַת אִמֶּ֔ךָ מוֹלֶ֣דֶת בַּ֔יִת א֖וֹ מוֹלֶ֣דֶת ח֑וּץ לֹ֥א תְגַלֶּ֖ה עֶרְוָתָֽן
LEV,18,10,003_LEV_018_010,green,clean,green:clean: No lint findings.,Chớ tiết lộ sự trần truồng của cháu gái nội hoặc cháu gái ngoại ngươi; vì sự trần truồng của chúng là sự trần truồng của chính ngươi.,"Chớ cấu hiệp cùng cháu gái, hoặc cháu gái nội, hoặc cháu gái ngoại; bằng cấu hiệp, ấy là gây nhục cho mình.",עֶרְוַ֤ת בַּת בִּנְךָ֙ א֣וֹ בַֽת בִּתְּךָ֔ לֹ֥א תְגַלֶּ֖ה עֶרְוָתָ֑ן כִּ֥י עֶרְוָתְךָ֖ הֵֽנָּה
LEV,18,11,003_LEV_018_011,green,clean,green:clean: No lint findings.,"Chớ phơi bày sự trần truồng của con gái vợ cha ngươi, là người do cha ngươi sinh ra; nàng là chị em ngươi, ngươi không được phơi bày sự trần truồng của nàng.","Chớ cấu hiệp cùng con gái của kế mẫu bởi cha mình sanh ra, vì là em gái ngươi.",עֶרְוַ֨ת בַּת אֵ֤שֶׁת אָבִ֨יךָ֙ מוֹלֶ֣דֶת אָבִ֔יךָ אֲחוֹתְךָ֖ הִ֑וא לֹ֥א תְגַלֶּ֖ה עֶרְוָתָֽהּ
LEV,18,12,003_LEV_018_012,green,clean,green:clean: No lint findings.,Chớ phơi bày sự trần truồng của chị em ruột của cha ngươi; ấy là huyết nhục của cha ngươi.,Chớ cấu hiệp cùng chị em của cha ngươi; vì là cốt nhục của cha ngươi.,עֶרְוַ֥ת אֲחוֹת אָבִ֖יךָ לֹ֣א תְגַלֵּ֑ה שְׁאֵ֥ר אָבִ֖יךָ הִֽוא
LEV,18,13,003_LEV_018_013,green,clean,green:clean: No lint findings.,Chớ phơi bày sự trần truồng của chị em ruột của mẹ ngươi; vì nàng là huyết nhục của mẹ ngươi.,Chớ cấu hiệp cùng chị em của mẹ ngươi; vì là cốt nhục của mẹ ngươi.,עֶרְוַ֥ת אֲחֽוֹת אִמְּךָ֖ לֹ֣א תְגַלֵּ֑ה כִּֽי שְׁאֵ֥ר אִמְּךָ֖ הִֽוא
LEV,18,14,003_LEV_018_014,green,clean,green:clean: No lint findings.,"Chớ phơi bày sự trần truồng của anh em cha ngươi; chớ đến gần vợ người ấy, vì nàng là vợ của anh em cha ngươi.","Chớ cấu hiệp cùng bác gái hay thím ngươi; bằng cấu hiệp, ấy là gây nhục cho anh em của cha ngươi.",עֶרְוַ֥ת אֲחִֽי אָבִ֖יךָ לֹ֣א תְגַלֵּ֑ה אֶל אִשְׁתּוֹ֙ לֹ֣א תִקְרָ֔ב דֹּדָֽתְךָ֖ הִֽוא
LEV,18,15,003_LEV_018_015,green,clean,green:clean: No lint findings.,"Chớ phơi bày sự trần truồng của con dâu ngươi; nàng là vợ của con trai ngươi, chớ phơi bày sự trần truồng của nàng.",Chớ cấu hiệp cùng dâu ngươi; vì là vợ của con trai mình.,עֶרְוַ֥ת כַּלָּֽתְךָ֖ לֹ֣א תְגַלֵּ֑ה אֵ֤שֶׁת בִּנְךָ֙ הִ֔וא לֹ֥א תְגַלֶּ֖ה עֶרְוָתָֽהּ
ISA,52,13,023_ISA_052_013,green,clean,green:clean: No lint findings.,"Kìa, tôi tớ Ta sẽ hành động khôn ngoan; người sẽ được nâng cao, được tôn lên, và được tôn cao vượt bậc.","Nầy, tôi tớ ta sẽ làm cách khôn ngoan; sẽ được tôn lên, dấy lên, và rất cao trọng.",הִנֵּ֥ה יַשְׂכִּ֖יל עַבְדִּ֑י יָר֧וּם וְנִשָּׂ֛א וְגָבַ֖הּ מְאֹֽד
ISA,52,14,023_ISA_052_014,green,clean,green:clean: No lint findings.,"Như nhiều kẻ đã kinh hãi về người, bộ dạng người bị biến dạng hơn bất cứ ai, và hình dung người khác hơn con trai loài người.","Như nhiều kẻ thấy ngươi mà lấy làm lạ (mặt mày người xài-xể lắm hơn kẻ nào khác, hình dung xài-xể hơn con trai loài người),",כַּאֲשֶׁ֨ר שָׁמְמ֤וּ עָלֶ֨יךָ֙ רַבִּ֔ים כֵּן מִשְׁחַ֥ת מֵאִ֖ישׁ מַרְאֵ֑הוּ וְתֹאֲר֖וֹ מִבְּנֵ֥י אָדָֽם
ISA,52,15,023_ISA_052_015,green,clean,green:clean: No lint findings.,"Cũng vậy, người sẽ vảy rửa nhiều dân; các vua sẽ ngậm miệng lại vì cớ người, vì điều chưa ai thuật cho họ, họ sẽ thấy, và điều họ chưa từng nghe, họ sẽ hiểu.","thì cũng vậy người sẽ vảy rửa nhiều dân, và các vua ngậm miệng lại vì người; vì họ sẽ thấy điều chưa ai nói cho mình, và sẽ hiểu biết điều mình chưa hề nghe.",כֵּ֤ן יַזֶּה֙ גּוֹיִ֣ם רַבִּ֔ים עָלָ֛יו יִקְפְּצ֥וּ מְלָכִ֖ים פִּיהֶ֑ם כִּ֠י אֲשֶׁ֨ר לֹֽא סֻפַּ֤ר לָהֶם֙ רָא֔וּ וַאֲשֶׁ֥ר לֹֽא שָׁמְע֖וּ הִתְבּוֹנָֽנוּ
ISA,53,1,023_ISA_053_001,green,clean,green:clean: No lint findings.,"Ai tin nơi điều chúng tôi rao giảng, và cánh tay của Đức Giê-hô-va đã được tỏ ra cho ai?","Ai tin điều đã rao truyền cho chúng ta, và cánh tay Đức Giê-hô-va đã được tỏ ra cho ai?",מִ֥י הֶאֱמִ֖ין לִשְׁמֻעָתֵ֑נוּ וּזְר֥וֹעַ יְהוָ֖ה עַל מִ֥י נִגְלָֽתָה
ISA,53,2,023_ISA_053_002,green,clean,green:clean: No lint findings.,"Người đã mọc lên như một chồi non trước mặt Ngài, như một rễ từ đất khô; chẳng có hình dạng, chẳng có vẻ đẹp; khi chúng ta thấy Người, chẳng có điều gì khiến chúng ta ưa thích.","Người đã lớn lên trước mặt Ngài như một cái chồi, như cái rễ ra từ đất khô. Người chẳng có hình dung, chẳng có sự đẹp đẽ; khi chúng ta thấy người, không có sự tốt đẹp cho chúng ta ưa thích được.",וַיַּ֨עַל כַּיּוֹנֵ֜ק לְפָנָ֗יו וְכַשֹּׁ֨רֶשׁ֙ מֵאֶ֣רֶץ צִיָּ֔ה לֹא תֹ֥אַר ל֖וֹ וְלֹ֣א הָדָ֑ר וְנִרְאֵ֥הוּ וְלֹֽא מַרְאֶ֖ה וְנֶחְמְדֵֽהוּ
ISA,53,3,023_ISA_053_003,green,clean,green:clean: No lint findings.,"Người bị khinh bỉ và bị loài người ruồng bỏ, là người đau khổ, quen thuộc với bệnh tật; như người mà người ta che mặt tránh đi, Người bị khinh bỉ, và chúng ta chẳng coi Người ra gì.","Người đã bị người ta khinh dể và chán bỏ, từng trải sự buồn bực, biết sự đau ốm, bị khinh như kẻ mà người ta che mặt chẳng thèm xem; chúng ta cũng chẳng coi người ra gì.",נִבְזֶה֙ וַחֲדַ֣ל אִישִׁ֔ים אִ֥ישׁ מַכְאֹב֖וֹת וִיד֣וּעַ חֹ֑לִי וּכְמַסְתֵּ֤ר פָּנִים֙ מִמֶּ֔נּוּ נִבְזֶ֖ה וְלֹ֥א חֲשַׁבְנֻֽהוּ
ISA,53,4,023_ISA_053_004,green,clean,green:clean: No lint findings.,"Thật vậy, chính Người đã mang lấy bệnh tật của chúng ta, và gánh chịu nỗi đau của chúng ta; còn chúng ta thì lại cho rằng Người bị Đức Chúa Trời đánh phạt, bị đánh đập và làm cho khốn khổ.","Thật người đã mang sự đau ốm của chúng ta, đã gánh sự buồn bực của chúng ta; mà chúng ta lại tưởng rằng người đã bị Đức Chúa Trời đánh và đập, và làm cho khốn khổ.",אָכֵ֤ן חֳלָיֵ֨נוּ֙ ה֣וּא נָשָׂ֔א וּמַכְאֹבֵ֖ינוּ סְבָלָ֑ם וַאֲנַ֣חְנוּ חֲשַׁבְנֻ֔הוּ נָג֛וּעַ מֻכֵּ֥ה אֱלֹהִ֖ים וּמְעֻנֶּֽה
ISA,53,5,023_ISA_053_005,green,clean,green:clean: No lint findings.,"Nhưng chính Người bị đâm vì tội lỗi chúng ta, bị nghiền nát vì sự gian ác chúng ta; sự sửa trị đem lại sự bình an cho chúng ta đã giáng trên Người, và bởi những vết thương của Người, chúng ta được chữa lành.","Nhưng người đã vì tội lỗi chúng ta mà bị vết, vì sự gian ác chúng ta mà bị thương. Bởi sự sửa phạt người chịu chúng ta được bình an, bởi lằn roi người chúng ta được lành bịnh.",וְהוּא֙ מְחֹלָ֣ל מִפְּשָׁעֵ֔נוּ מְדֻכָּ֖א מֵעֲוֺנֹתֵ֑ינוּ מוּסַ֤ר שְׁלוֹמֵ֨נוּ֙ עָלָ֔יו וּבַחֲבֻרָת֖וֹ נִרְפָּא לָֽנוּ
ISA,53,6,023_ISA_053_006,green,clean,green:clean: No lint findings.,"Chúng ta thảy đều như chiên đi lạc, mỗi người theo đường riêng mình; Đức Giê-hô-va đã chất trên Người tội lỗi của hết thảy chúng ta.","Chúng ta thảy đều như chiên đi lạc, ai theo đường nấy; Đức Giê-hô-va đã làm cho tội lỗi của hết thảy chúng ta đều chất trên người.",כֻּלָּ֨נוּ֙ כַּצֹּ֣אן תָּעִ֔ינוּ אִ֥ישׁ לְדַרְכּ֖וֹ פָּנִ֑ינוּ וַֽיהוָה֙ הִפְגִּ֣יעַ בּ֔וֹ אֵ֖ת עֲוֺ֥ן כֻּלָּֽנוּ
ISA,53,7,023_ISA_053_007,green,clean,green:clean: No lint findings.,"Người bị áp bức và chịu khốn khổ, nhưng không mở miệng mình; như chiên bị dắt đi đến nơi giết, như chiên cái câm lặng trước mặt kẻ xén lông nó, Người không mở miệng mình.","Người bị hiếp đáp, nhưng khi chịu sự khốn khổ chẳng hề mở miệng. Như chiên con bị dắt đến hàng làm thịt, như chiên câm ở trước mặt kẻ hớt lông, người chẳng từng mở miệng.",נִגַּ֨שׂ וְה֣וּא נַעֲנֶה֮ וְלֹ֣א יִפְתַּח פִּיו֒ כַּשֶּׂה֙ לַטֶּ֣בַח יוּבָ֔ל וּכְרָחֵ֕ל לִפְנֵ֥י גֹזְזֶ֖יהָ נֶאֱלָ֑מָה וְלֹ֥א יִפְתַּ֖ח פִּֽיו
PRO,10,1,020_PRO_010_001,green,clean,green:clean: No lint findings.,Con trai khôn làm cho cha vui vẻ; còn con trai dại làm buồn lòng mẹ nó.,Con trai khôn ngoan làm vui cha mình; Nhưng đứa ngu muội gây buồn cho mẹ nó.,מִשְׁלֵ֗י שְׁלֹ֫מֹ֥ה בֵּ֣ן חָ֭כָם יְשַׂמַּח אָ֑ב וּבֵ֥ן כְּ֝סִ֗יל תּוּגַ֥ת אִמּֽוֹ
PRO,10,2,020_PRO_010_002,green,clean,green:clean: No lint findings.,"Của cải gian ác chẳng sinh ích lợi chi, nhưng sự công bình cứu chuộc khỏi sự chết.",Của phi nghĩa chẳng được ích chi; Song sự công bình giải cứu khỏi chết.,לֹא י֭וֹעִילוּ אוֹצְר֣וֹת רֶ֑שַׁע וּ֝צְדָקָ֗ה תַּצִּ֥יל מִמָּֽוֶת
PRO,10,3,020_PRO_010_003,green,clean,green:clean: No lint findings.,"Đức Giê-hô-va không để linh hồn người công bình chịu đói; nhưng sự tham muốn của kẻ ác, Ngài sẽ làm cho tiêu tan.",Đức Giê-hô-va không để linh hồn người công bình chịu đói khát; Nhưng Ngài xô đuổi sự ước ao của kẻ ác đi.,לֹֽא יַרְעִ֣יב יְ֭הוָה נֶ֣פֶשׁ צַדִּ֑יק וְהַוַּ֖ת רְשָׁעִ֣ים יֶהְדֹּֽף
PRO,10,4,020_PRO_010_004,green,clean,green:clean: No lint findings.,Tay biếng nhác làm cho nghèo khổ; nhưng tay siêng năng làm cho được giàu có.,Kẻ làm việc tay biếng nhác trở nên nghèo hèn; Còn tay kẻ siêng năng làm cho được giàu có.,רָ֗אשׁ עֹשֶׂ֥ה כַף רְמִיָּ֑ה וְיַ֖ד חָרוּצִ֣ים תַּעֲשִֽׁיר
PRO,10,5,020_PRO_010_005,green,clean,green:clean: No lint findings.,Con trai khôn ngoan thì thu góp trong mùa hè; con trai nhục nhã thì ngủ trong mùa gặt.,Ai thâu trữ trong mùa hè là con trai khôn ngoan; Song kẻ ngủ lúc mùa gặt là con trai gây cho sỉ nhục.,אֹגֵ֣ר בַּ֭קַּיִץ בֵּ֣ן מַשְׂכִּ֑יל נִרְדָּ֥ם בַּ֝קָּצִ֗יר בֵּ֣ן מֵבִֽישׁ
PRO,10,6,020_PRO_010_006,green,clean,green:clean: No lint findings.,Phước lành ở trên đầu người công chính; nhưng bạo lực che phủ miệng kẻ ác.,Có phước lành giáng trên đầu kẻ công bình; Nhưng miệng kẻ ác giấu sự cường bạo.,בְּ֭רָכוֹת לְרֹ֣אשׁ צַדִּ֑יק וּפִ֥י רְ֝שָׁעִ֗ים יְכַסֶּ֥ה חָמָֽס
PRO,10,7,020_PRO_010_007,green,clean,green:clean: No lint findings.,Danh người công bình được ban phước lành; còn tên kẻ ác thì mục nát.,Kỷ niệm người công bình được khen ngợi; Song tên kẻ gian ác rục đi.,זֵ֣כֶר צַ֭דִּיק לִבְרָכָ֑ה וְשֵׁ֖ם רְשָׁעִ֣ים יִרְקָֽב
PRO,10,8,020_PRO_010_008,green,clean,green:clean: No lint findings.,Người có lòng khôn ngoan nhận những điều răn; còn kẻ ngu dại nơi môi miệng sẽ sa ngã.,"Người có lòng khôn ngoan, nhận tiếp những điều răn; Nhưng kẻ có miệng ngu muội phải bị sa ngã.",חֲכַם לֵ֭ב יִקַּ֣ח מִצְוֺ֑ת וֶאֱוִ֥יל שְׂ֝פָתַ֗יִם יִלָּבֵֽט
PRO,10,9,020_PRO_010_009,green,clean,green:clean: No lint findings.,Người nào đi ngay thẳng sẽ đi cách an toàn; còn kẻ làm cho đường lối mình cong vẹo sẽ bị lộ ra.,Người nào theo sự ngay thẳng đi vững chắc; Còn kẻ làm cong vẹo đường lối mình bị chúng biết.,הוֹלֵ֣ךְ בַּ֭תֹּם יֵ֣לֶךְ בֶּ֑טַח וּמְעַקֵּ֥שׁ דְּ֝רָכָ֗יו יִוָּדֵֽעַ
PRO,10,10,020_PRO_010_010,green,clean,green:clean: No lint findings.,Kẻ nháy mắt làm phát sinh điều buồn rầu; kẻ ngu dại về môi miệng sẽ bị sa ngã.,Kẻ nào nheo mắt làm cho ưu sầu; Còn ai có miệng ngu muội bị sa ngã.,קֹ֣רֵֽץ עַ֭יִן יִתֵּ֣ן עַצָּ֑בֶת וֶאֱוִ֥יל שְׂ֝פָתַ֗יִם יִלָּבֵֽט
PRO,10,11,020_PRO_010_011,green,clean,green:clean: No lint findings.,Miệng người công bình là nguồn sự sống; nhưng bạo lực che phủ miệng kẻ ác.,Miệng người công bình là một nguồn sự sống; Nhưng miệng kẻ hung ác giấu sự cường bạo.,מְק֣וֹר חַ֭יִּים פִּ֣י צַדִּ֑יק וּפִ֥י רְ֝שָׁעִ֗ים יְכַסֶּ֥ה חָמָֽס
PRO,10,12,020_PRO_010_012,green,clean,green:clean: No lint findings.,Sự ghét bỏ xui nên điều tranh cãi; nhưng tình yêu thương che phủ hết thảy các tội lỗi.,Sự ghen ghét xui điều cãi lộn; Song lòng thương yêu lấp hết các tội phạm.,שִׂ֭נְאָה תְּעוֹרֵ֣ר מְדָנִ֑ים וְעַ֥ל כָּל פְּ֝שָׁעִ֗ים תְּכַסֶּ֥ה אַהֲבָֽה
PRO,10,13,020_PRO_010_013,green,clean,green:clean: No lint findings.,Trên môi người thông sáng có sự khôn ngoan; nhưng roi đòn dành cho lưng kẻ thiếu hiểu biết.,Trên môi miệng người thông sáng có sự khôn ngoan; Nhưng roi vọt dành cho lưng kẻ thiếu trí hiểu.,בְּשִׂפְתֵ֣י נָ֭בוֹן תִּמָּצֵ֣א חָכְמָ֑ה וְ֝שֵׁ֗בֶט לְגֵ֣ו חֲסַר לֵֽב
PRO,10,14,020_PRO_010_014,green,clean,green:clean: No lint findings.,Người khôn ngoan giữ gìn tri thức; nhưng miệng kẻ ngu dại là sự bại vong gần kề.,Người khôn ngoan dành để sự tri thức; Nhưng tại cớ miệng kẻ ngu muội sự bại hoại hòng đến.,חֲכָמִ֥ים יִצְפְּנוּ דָ֑עַת וּפִֽי אֱ֝וִיל מְחִתָּ֥ה קְרֹבָֽה
PRO,10,15,020_PRO_010_015,green,clean,green:clean: No lint findings.,Tài sản của người giàu là thành trì vững chắc của họ; sự nghèo khổ của người nghèo là sự sụp đổ của họ.,Tài sản kẻ giàu có là cái thành kiên cố của người; Song sự hư nát của người khốn khổ là sự nghèo nàn của họ.,ה֣וֹן עָ֭שִׁיר קִרְיַ֣ת עֻזּ֑וֹ מְחִתַּ֖ת דַּלִּ֣ים רֵישָֽׁם
PRO,10,16,020_PRO_010_016,green,clean,green:clean: No lint findings.,Công việc của người công bình dẫn đến sự sống; hoa lợi của kẻ ác dẫn đến tội lỗi.,Lao khổ của người công bình hướng về sự sống; Còn hoa lợi kẻ hung ác chiều về tội lỗi.,פְּעֻלַּ֣ת צַדִּ֣יק לְחַיִּ֑ים תְּבוּאַ֖ת רָשָׁ֣ע לְחַטָּֽאת
PRO,10,17,020_PRO_010_017,green,clean,green:clean: No lint findings.,Kẻ giữ lời khuyên dạy đi trên con đường sự sống; Còn kẻ từ bỏ sự sửa dạy là kẻ làm lầm lạc.,Kẻ nghe lời khuyên dạy ở trong đường sự sống; Nhưng ai quên sự quở trách phải lầm lạc.,אֹ֣רַח לְ֭חַיִּים שׁוֹמֵ֣ר מוּסָ֑ר וְעוֹזֵ֖ב תּוֹכַ֣חַת מַתְעֶֽה
PRO,10,18,020_PRO_010_018,green,clean,green:clean: No lint findings.,"Kẻ lấy môi miệng dối trá che giấu sự ghen ghét, và kẻ rao truyền điều bịa đặt là kẻ ngu dại.",Người giấu sự ghen ghét có môi dối giả; Và ai rải điều nói hành là kẻ ngu dại.,מְכַסֶּ֣ה שִׂ֭נְאָה שִׂפְתֵי שָׁ֑קֶר וּמוֹצִ֥א דִ֝בָּ֗ה ה֣וּא כְסִֽיל
PRO,10,19,020_PRO_010_019,green,clean,green:clean: No lint findings.,Nói nhiều lời thì không tránh khỏi phạm tội; nhưng ai giữ được môi mình là người khôn ngoan.,"Hễ lắm lời, vi phạm nào có thiếu; Nhưng ai cầm giữ miệng mình là khôn ngoan.",בְּרֹ֣ב דְּ֭בָרִים לֹ֣א יֶחְדַּל פָּ֑שַׁע וְחֹשֵׂ֖ךְ שְׂפָתָ֣יו מַשְׂכִּֽיל
PRO,10,20,020_PRO_010_020,green,clean,green:clean: No lint findings.,Lưỡi người công bình như bạc ròng; lòng kẻ ác chỉ ít giá trị.,Lưỡi người công bình giống như bạc cao; Còn lòng kẻ hung ác không ra gì.,כֶּ֣סֶף נִ֭בְחָר לְשׁ֣וֹן צַדִּ֑יק לֵ֖ב רְשָׁעִ֣ים כִּמְעָֽט
PSA,1,1,019_PSA_001_001,green,clean,green:clean: No lint findings.,"Phước cho người nào không theo mưu kế của kẻ ác, không đứng trong đường lối của kẻ có tội, và không ngồi nơi hội những kẻ nhạo báng.","Phước cho người nào chẳng theo mưu kế của kẻ dữ, Chẳng đứng trong đường tội nhân, Không ngồi chỗ của kẻ nhạo báng;",אַ֥שְֽׁרֵי הָאִ֗ישׁ אֲשֶׁ֤ר לֹ֥א הָלַךְ֮ בַּעֲצַ֪ת רְשָׁ֫עִ֥ים וּבְדֶ֣רֶךְ חַ֭טָּאִים לֹ֥א עָמָ֑ד וּבְמוֹשַׁ֥ב לֵ֝צִ֗ים לֹ֣א יָשָֽׁב
PSA,1,2,019_PSA_001_002,green,clean,green:clean: No lint findings.,"Nhưng vui thích trong luật pháp của Đức Giê-hô-va, và suy gẫm luật pháp ấy ngày và đêm.","Song lấy làm vui vẻ về luật pháp của Đức Giê-hô-va, Và suy gẫm luật pháp ấy ngày và đêm.",כִּ֤י אִ֥ם בְּתוֹרַ֥ת יְהוָ֗ה חֶ֫פְצ֥וֹ וּֽבְתוֹרָת֥וֹ יֶהְגֶּ֗ה יוֹמָ֥ם וָלָֽיְלָה
PSA,1,3,019_PSA_001_003,green,clean,green:clean: No lint findings.,"Người ấy sẽ như cây trồng bên các dòng nước, sinh trái đúng mùa, lá không hề héo; và mọi điều người ấy làm đều thịnh vượng.","Người ấy sẽ như cây trồng gần dòng nước, Sanh bông trái theo thì tiết, Lá nó cũng chẳng tàn héo; Mọi sự người làm đều sẽ thạnh vượng.",וְֽהָיָ֗ה כְּעֵץ֮ שָׁת֪וּל עַֽל פַּלְגֵ֫י מָ֥יִם אֲשֶׁ֤ר פִּרְי֨וֹ יִתֵּ֬ן בְּעִתּ֗וֹ וְעָלֵ֥הוּ לֹֽא יִבּ֑וֹל וְכֹ֖ל אֲשֶׁר יַעֲשֶׂ֣ה יַצְלִֽיחַ
PSA,1,4,019_PSA_001_004,green,clean,green:clean: No lint findings.,Người ác chẳng phải như vậy đâu; nhưng khác nào bụi trần mà gió thổi tung đi.,Kẻ ác chẳng như vậy đâu; Nhưng chúng nó khác nào rơm rác gió thổi bay đi.,לֹא כֵ֥ן הָרְשָׁעִ֑ים כִּ֥י אִם כַּ֝מֹּ֗ץ אֲֽשֶׁר תִּדְּפֶ֥נּוּ רֽוּחַ
PSA,1,5,019_PSA_001_005,green,clean,green:clean: No lint findings.,"Vì vậy, kẻ ác sẽ không đứng vững trong ngày phán xét, và tội nhân cũng không được vào hội các người công chính.","Bởi cớ ấy kẻ ác chẳng đứng nổi trong ngày đoán xét, Tội nhân cũng không được vào hội người công bình.",עַל כֵּ֤ן לֹא יָקֻ֣מוּ רְ֭שָׁעִים בַּמִּשְׁפָּ֑ט וְ֝חַטָּאִ֗ים בַּעֲדַ֥ת צַדִּיקִֽים
PSA,1,6,019_PSA_001_006,green,clean,green:clean: No lint findings.,"Vì Đức Giê-hô-va biết con đường của người công bình, còn con đường của kẻ ác sẽ bị tiêu hủy.","Vì Đức Giê-hô-va biết đường người công bình, Song đường kẻ ác rồi bị diệt vong.",כִּֽי יוֹדֵ֣עַ יְ֭הוָה דֶּ֣רֶךְ צַדִּיקִ֑ים וְדֶ֖רֶךְ רְשָׁעִ֣ים תֹּאבֵֽד
PSA,2,1,019_PSA_002_001,green,clean,green:clean: No lint findings.,Sao các dân lại náo động? Và các dân tộc cùng toan tính điều vô ích?,Nhân sao các ngoại bang náo loạn? Và những dân tộc toan mưu chước hư không?,לָ֭מָּה רָגְשׁ֣וּ גוֹיִ֑ם וּ֝לְאֻמִּ֗ים יֶהְגּוּ רִֽיק
PSA,2,2,019_PSA_002_002,green,clean,green:clean: No lint findings.,"Các vua trên đất nổi dậy, các quan quyền cùng nhau đứng lên nghịch cùng Đức Giê-hô-va và nghịch cùng Đấng chịu xức dầu của Ngài.","Các vua thế gian nổi dậy, Các quan trưởng bàn nghị cùng nhau Nghịch Đức Giê-hô-va, và nghịch Đấng chịu xức dầu của Ngài, mà rằng:",יִ֥תְיַצְּב֨וּ מַלְכֵי אֶ֗רֶץ וְרוֹזְנִ֥ים נֽוֹסְדוּ יָ֑חַד עַל יְ֝הוָה וְעַל מְשִׁיחֽוֹ
PSA,2,3,019_PSA_002_003,green,clean,green:clean: No lint findings.,"Chúng ta hãy bẻ gãy dây xiềng của chúng, và quăng xa khỏi chúng ta những xiềng xích trói buộc chúng.","Chúng ta hãy bẻ lòi tói của hai Người, Và quăng xa ta xiềng xích của họ.",נְֽ֭נַתְּקָה אֶת מֽוֹסְרוֹתֵ֑ימוֹ וְנַשְׁלִ֖יכָה מִמֶּ֣נּוּ עֲבֹתֵֽימוֹ
PSA,2,4,019_PSA_002_004,green,clean,green:clean: No lint findings.,Đấng ngự trên trời sẽ cười; Chúa sẽ nhạo báng chúng.,"Đấng ngự trên trời sẽ cười, Chúa sẽ nhạo báng chúng nó.",יוֹשֵׁ֣ב בַּשָּׁמַ֣יִם יִשְׂחָ֑ק אֲ֝דֹנָ֗י יִלְעַג לָֽמוֹ
PSA,2,5,019_PSA_002_005,green,clean,green:clean: No lint findings.,"Bấy giờ Ngài sẽ phán cùng chúng trong cơn thịnh nộ, và dùng cơn giận của Ngài làm cho chúng hoảng sợ.","Bấy giờ Ngài sẽ nổi thạnh nộ phán cùng chúng nó, Dùng cơn giận dữ mình khuấy khỏa chúng nó, mà rằng:",אָ֤ז יְדַבֵּ֣ר אֵלֵ֣ימוֹ בְאַפּ֑וֹ וּֽבַחֲרוֹנ֥וֹ יְבַהֲלֵֽמוֹ
PSA,2,6,019_PSA_002_006,green,clean,green:clean: No lint findings.,"Nhưng ta đã lập vua ta trên núi Si-ôn, là núi thánh của ta.","Dầu vậy, ta đã lập Vua ta Trên Si-ôn là núi thánh ta.",וַ֭אֲנִי נָסַ֣כְתִּי מַלְכִּ֑י עַל צִ֝יּ֗וֹן הַר קָדְשִֽׁי
PSA,2,7,019_PSA_002_007,green,clean,green:clean: No lint findings.,"Ta sẽ truyền ra sắc lệnh của Đức Giê-hô-va; Ngài phán cùng ta rằng: Ngươi là Con Ta, hôm nay Ta đã sinh ngươi.",Ta sẽ giảng ra mạng lịnh: Đức Giê-hô-va phán cùng ta rằng: Ngươi là Con ta; Ngày nay ta đã sanh Ngươi.,אֲסַפְּרָ֗ה אֶֽ֫ל חֹ֥ק יְֽהוָ֗ה אָמַ֘ר אֵלַ֥י בְּנִ֥י אַ֑תָּה אֲ֝נִ֗י הַיּ֥וֹם יְלִדְתִּֽיךָ
PSA,2,8,019_PSA_002_008,green,clean,green:clean: No lint findings.,"Hãy xin Ta, Ta sẽ ban cho Ngươi các dân làm cơ nghiệp, và phần sản nghiệp của Ngươi là những đầu cùng đất.","Hãy cầu ta, ta sẽ ban cho Con các ngoại bang làm cơ nghiệp, Và các đầu cùng đất làm của cải. vãi",שְׁאַ֤ל מִמֶּ֗נִּי וְאֶתְּנָ֣ה ג֭וֹיִם נַחֲלָתֶ֑ךָ וַ֝אֲחֻזָּתְךָ֗ אַפְסֵי אָֽרֶץ
PSA,2,9,019_PSA_002_009,green,clean,green:clean: No lint findings.,Ngươi sẽ đập tan chúng bằng cây gậy sắt; Ngươi sẽ đập vỡ chúng như bình của thợ gốm.,Con sẽ dùng cây gậy sắt mà đập bể chúng nó; Con sẽ làm vỡ nát chúng nó khác nào bình gốm.,תְּ֭רֹעֵם בְּשֵׁ֣בֶט בַּרְזֶ֑ל כִּכְלִ֖י יוֹצֵ֣ר תְּנַפְּצֵֽם
PSA,2,10,019_PSA_002_010,green,clean,green:clean: No lint findings.,"Bây giờ, hỡi các vua, hãy thông sáng; hãy để mình được dạy dỗ, hỡi các quan xét đất.","Vì vậy, hỡi các vua, hãy khôn ngoan; Hỡi các quan xét thế gian, hãy chịu sự dạy dỗ.",וְ֭עַתָּה מְלָכִ֣ים הַשְׂכִּ֑ילוּ הִ֝וָּסְר֗וּ שֹׁ֣פְטֵי אָֽרֶץ
PSA,2,11,019_PSA_002_011,green,clean,green:clean: No lint findings.,"Hãy hầu việc Đức Giê-hô-va cách kính sợ, và hãy vui mừng cách run rẩy.","Khá hầu việc Đức Giê-hô-va cách kính sợ, Và mừng rỡ cách run rẩy.",עִבְד֣וּ אֶת יְהוָ֣ה בְּיִרְאָ֑ה וְ֝גִ֗ילוּ בִּרְעָדָֽה
PSA,2,12,019_PSA_002_012,green,clean,green:clean: No lint findings.,"Hãy hôn Con, kẻo Ngài nổi giận và các ngươi sẽ bị diệt mất đường lối; vì cơn thịnh nộ của Ngài sẽ bừng lên trong chốc lát. Phước thay cho mọi người nương náu nơi Ngài.","Hãy hôn Con, e Người nổi giận, Và các ngươi hư mất trong đường chăng; Vì cơn thạnh nộ Người hòng nổi lên. Phàm kẻ nào nương náu mình nơi Người có phước thay!",נַשְּׁקוּ בַ֡ר פֶּן יֶאֱנַ֤ף וְתֹ֬אבְדוּ דֶ֗רֶךְ כִּֽי יִבְעַ֣ר כִּמְעַ֣ט אַפּ֑וֹ אַ֝שְׁרֵ֗י כָּל ח֥וֹסֵי בֽוֹ
PSA,22,1,019_PSA_022_001,green,clean,green:clean: No lint findings.,"Đức Chúa Trời tôi ôi! Đức Chúa Trời tôi ôi! sao Ngài lìa bỏ tôi? Sao Ngài đứng xa sự cứu rỗi tôi, xa lời kêu la của tôi?","Đức Chúa Trời tôi ôi! Đức Chúa Trời tôi ôi! sao Ngài lìa bỏ tôi? Nhân sao Ngài đứng xa, không giúp đỡ tôi, và chẳng nghe lời rên siếc tôi?",לַ֭מְנַצֵּחַ עַל אַיֶּ֥לֶת הַשַּׁ֗חַר מִזְמ֥וֹר לְדָוִֽד אֵלִ֣י אֵ֭לִי לָמָ֣ה עֲזַבְתָּ֑נִי רָח֥וֹק מִֽ֝ישׁוּעָתִ֗י דִּבְרֵ֥י שַׁאֲגָתִֽי
PSA,22,2,019_PSA_022_002,green,clean,green:clean: No lint findings.,"Đức Chúa Trời tôi ôi! tôi kêu la ban ngày, nhưng Ngài chẳng đáp lời; ban đêm cũng vậy, tôi không được yên nghỉ.","Đức Chúa Trời tôi ôi! tôi kêu cầu ban ngày, nhưng Chúa chẳng đáp lại; Ban đêm cũng vậy, song tôi nào có được an nghỉ đâu",אֱֽלֹהַ֗י אֶקְרָ֣א י֭וֹמָם וְלֹ֣א תַעֲנֶ֑ה וְ֝לַ֗יְלָה וְֽלֹא דֽוּמִיָּ֥ה לִֽי
PSA,22,3,019_PSA_022_003,green,clean,green:clean: No lint findings.,"Nhưng Ngài là Đấng Thánh, ngự nơi sự ngợi khen của Y-sơ-ra-ên.","Còn Chúa là thánh, Ngài là Đấng ngự giữa sự khen ngợi của Y-sơ-ra-ên.",וְאַתָּ֥ה קָד֑וֹשׁ י֝וֹשֵׁ֗ב תְּהִלּ֥וֹת יִשְׂרָאֵֽל
PSA,22,4,019_PSA_022_004,green,clean,green:clean: No lint findings.,Tổ tiên chúng tôi đã tin cậy nơi Ngài; họ tin cậy và Ngài giải cứu họ.,"Tổ phụ chúng tôi nhờ cậy nơi Chúa, Họ nhờ cậy Chúa bèn giải cứu cho.",בְּ֭ךָ בָּטְח֣וּ אֲבֹתֵ֑ינוּ בָּ֝טְח֗וּ וַֽתְּפַלְּטֵֽמוֹ
PSA,22,5,019_PSA_022_005,green,clean,green:clean: No lint findings.,Họ kêu cầu Ngài và được giải cứu; họ tin cậy nơi Ngài mà không bị hổ thẹn.,"Họ kêu cầu cùng Chúa, và được giải cứu; Họ nhờ cậy nơi Chúa, không bị hổ thẹn.",אֵלֶ֣יךָ זָעֲק֣וּ וְנִמְלָ֑טוּ בְּךָ֖ בָטְח֣וּ וְלֹא בֽוֹשׁוּ
PSA,22,6,019_PSA_022_006,green,clean,green:clean: No lint findings.,"Nhưng tôi là một con sâu, chẳng phải người; là sự sỉ nhục của loài người, và bị dân chúng khinh bỉ.","Nhưng tôi là một con trùng, chớ chẳng phải người đâu, Là điều ô nhục của loài người, và vật khinh dể của dân sự.",וְאָנֹכִ֣י תוֹלַ֣עַת וְלֹא אִ֑ישׁ חֶרְפַּ֥ת אָ֝דָ֗ם וּבְז֥וּי עָֽם
PSA,22,7,019_PSA_022_007,green,clean,green:clean: No lint findings.,"Mọi người thấy tôi đều chế nhạo tôi, há miệng mỉa mai, gật đầu mà nhạo báng.","Hễ kẻ nào thấy tôi đều nhạo cười tôi. Trề môi, lắc đầu, mà rằng:",כָּל רֹ֭אַי יַלְעִ֣גוּ לִ֑י יַפְטִ֥ירוּ בְ֝שָׂפָ֗ה יָנִ֥יעוּ רֹֽאשׁ
PSA,22,8,019_PSA_022_008,green,clean,green:clean: No lint findings.,"Hắn phó thác mình cho Đức Giê-hô-va, thì Ngài hãy giải cứu hắn; Ngài hãy cứu hắn, vì Ngài yêu thích hắn.","Người phú thác mình cho Đức Giê-hô-va, Ngài khá giải cứu người; Ngài khá giải cứu người, vì Ngài yêu mến người!",גֹּ֣ל אֶל יְהוָ֣ה יְפַלְּטֵ֑הוּ יַ֝צִּילֵ֗הוּ כִּ֘י חָ֥פֵֽץ בּֽוֹ
PSA,22,9,019_PSA_022_009,green,clean,green:clean: No lint findings.,"Chính Ngài đã rút tôi khỏi lòng mẹ, khiến tôi tin cậy khi còn bú nơi vú mẹ tôi.","Phải, ấy là Chúa rút tôi khỏi lòng mẹ, Khiến tôi tin cậy khi nằm trên vú của mẹ tôi.",כִּֽי אַתָּ֣ה גֹחִ֣י מִבָּ֑טֶן מַ֝בְטִיחִ֗י עַל שְׁדֵ֥י אִמִּֽי
PSA,22,10,019_PSA_022_010,green,clean,green:clean: No lint findings.,"Từ khi còn trong lòng mẹ, tôi đã được giao cho Ngài; từ lúc mới lọt lòng mẹ, Ngài đã là Đức Chúa Trời tôi.",Từ trong tử cung tôi đã được giao cho Chúa; Chúa là Đức Chúa Trời tôi từ khi tôi lọt lòng mẹ.,עָ֭לֶיךָ הָשְׁלַ֣כְתִּי מֵרָ֑חֶם מִבֶּ֥טֶן אִ֝מִּ֗י אֵ֣לִי אָֽתָּה
PSA,22,11,019_PSA_022_011,green,clean,green:clean: No lint findings.,"Xin chớ cách xa tôi, vì tai họa đã kề bên, chẳng có ai giúp đỡ.","Xin chớ đứng xa tôi, vì sự gian truân hầu gần, Chẳng có ai tiếp cứu cho.",אַל תִּרְחַ֣ק מִ֭מֶּנִּי כִּי צָרָ֣ה קְרוֹבָ֑ה כִּי אֵ֥ין עוֹזֵֽר
PSA,22,12,019_PSA_022_012,green,clean,green:clean: No lint findings.,Nhiều bò đực vây quanh tôi; những con bò hùng mạnh của Ba-san bao phủ tôi.,"Có nhiều bò đực bao quanh tôi, Những bò đực hung mạnh của Ba-san vây phủ tôi.",סְ֭בָבוּנִי פָּרִ֣ים רַבִּ֑ים אַבִּירֵ֖י בָשָׁ֣ן כִּתְּרֽוּנִי
PSA,22,13,019_PSA_022_013,green,clean,green:clean: No lint findings.,"Chúng há miệng ra nghịch cùng tôi, như sư tử gầm thét và xé xác.","Chúng nó hả miệng ra cùng tôi, Khác nào sư tử hay cắn xé và gầm hét.",פָּצ֣וּ עָלַ֣י פִּיהֶ֑ם אַ֝רְיֵ֗ה טֹרֵ֥ף וְשֹׁאֵֽג
PSA,22,14,019_PSA_022_014,green,clean,green:clean: No lint findings.,"Tôi bị đổ ra như nước, các xương tôi đều rời rạc; lòng tôi như sáp, tan chảy trong lòng tôi.","Tôi bị đổ ra như nước, Các xương cốt tôi đều rời rã; Trái tim tôi như sáp, Tan ra trong mình tôi.",כַּמַּ֥יִם נִשְׁפַּכְתִּי֮ וְהִתְפָּֽרְד֗וּ כָּֽל עַצְמ֫וֹתָ֥י הָיָ֣ה לִ֭בִּי כַּדּוֹנָ֑ג נָ֝מֵ֗ס בְּת֣וֹךְ מֵעָֽי
PSA,22,15,019_PSA_022_015,green,clean,green:clean: No lint findings.,"Sức lực tôi khô như đất sét, lưỡi tôi dính vào hàm; Ngài đã đặt tôi trong bụi của cái chết.","Sức lực tôi khô như miếng gốm, Và lưỡi tôi dính nơi ổ gà; Chúa đã để tôi nằm trong bụi tro sự chết.",יָ֘בֵ֤שׁ כַּחֶ֨רֶשׂ כֹּחִ֗י וּ֭לְשׁוֹנִי מֻדְבָּ֣ק מַלְקוֹחָ֑י וְֽלַעֲפַר מָ֥וֶת תִּשְׁפְּתֵֽנִי
PSA,22,16,019_PSA_022_016,green,clean,green:clean: No lint findings.,"Vì những chó bao quanh tôi, một bọn kẻ ác vây hãm tôi; chúng đâm thủng tay và chân tôi.","Vì những chó bao quanh tôi, Một lũ hung ác vây phủ tôi; Chúng nó đâm lủng tay và chân tôi;",כִּ֥י סְבָב֗וּנִי כְּלָ֫בִ֥ים עֲדַ֣ת מְ֭רֵעִים הִקִּיפ֑וּנִי כָּ֝אֲרִ֗י יָדַ֥י וְרַגְלָֽי
PSA,22,17,019_PSA_022_017,green,clean,green:clean: No lint findings.,"Tôi đếm được các xương tôi; chúng nhìn xem, chăm chú nhìn tôi.",Tôi đếm được các xương tôi. Chúng nó xem và ngó chân tôi;,אֲסַפֵּ֥ר כָּל עַצְמוֹתָ֑י הֵ֥מָּה יַ֝בִּ֗יטוּ יִרְאוּ בִֽי
PSA,22,18,019_PSA_022_018,green,clean,green:clean: No lint findings.,"Chúng chia nhau áo quần tôi, và bắt thăm về áo xống tôi.","Chúng nó chia nhau áo xống tôi, Bắt thăm về áo dài tôi.",יְחַלְּק֣וּ בְגָדַ֣י לָהֶ֑ם וְעַל לְ֝בוּשִׁ֗י יַפִּ֥ילוּ גוֹרָֽל
PSA,22,19,019_PSA_022_019,green,clean,green:clean: No lint findings.,"Đức Giê-hô-va ôi, chớ đứng xa tôi; hỡi Đấng che chở tôi, hãy mau đến giúp đỡ tôi.",Đức Giê-hô-va ôi! chớ đứng xa tôi; Hỡi Đấng cứu tiếp tôi ôi! hãy mau mau đến giúp đỡ tôi.,וְאַתָּ֣ה יְ֭הוָה אַל תִּרְחָ֑ק אֱ֝יָלוּתִ֗י לְעֶזְרָ֥תִי חֽוּשָׁה
PSA,22,20,019_PSA_022_020,green,clean,green:clean: No lint findings.,"Xin giải cứu linh hồn tôi khỏi gươm, cứu mạng sống duy nhất của tôi khỏi quyền lực chó dữ.","Hãy giải cứu linh hồn tôi khỏi gươm, Và mạng sống tôi khỏi loài chó.",הַצִּ֣ילָה מֵחֶ֣רֶב נַפְשִׁ֑י מִיַּד כֶּ֝֗לֶב יְחִידָתִֽי
PSA,22,21,019_PSA_022_021,green,clean,green:clean: No lint findings.,"Xin cứu tôi khỏi mõm sư tử, và khỏi các sừng trâu rừng; Ngài đã đáp lời tôi.","Hãy cứu tôi khỏi họng sư tử, Từ các sừng của trâu rừng, Chúa đã nhậm lời tôi.",ה֭וֹשִׁיעֵנִי מִפִּ֣י אַרְיֵ֑ה וּמִקַּרְנֵ֖י רֵמִ֣ים עֲנִיתָֽנִי
PSA,22,22,019_PSA_022_022,green,clean,green:clean: No lint findings.,"Tôi sẽ rao truyền danh Ngài cho các anh em tôi, và giữa hội chúng tôi sẽ ngợi khen Ngài.","Tôi sẽ rao truyền danh Chúa cho anh em tôi, Và ngợi khen Chúa giữa hội chúng.",אֲסַפְּרָ֣ה שִׁמְךָ֣ לְאֶחָ֑י בְּת֖וֹךְ קָהָ֣ל אֲהַלְלֶֽךָּ
PSA,22,23,019_PSA_022_023,green,clean,green:clean: No lint findings.,"Hỡi những kẻ kính sợ Đức Giê-hô-va, hãy ngợi khen Ngài; hỡi cả dòng dõi Gia-cốp, hãy tôn vinh Ngài; và hãy kính sợ Ngài, hỡi cả dòng dõi Y-sơ-ra-ên.","Hỡi các người kính sợ Đức Giê-hô-va, hãy ngợi khen Ngài; ù hết thảy dòng dõi Gia-cốp, khá tôn vinh Ngài. Hỡi hết thảy dòng dõi Y-sơ-ra-ên, hãy kính sợ Ngài;",יִרְאֵ֤י יְהוָ֨ה הַֽלְל֗וּהוּ כָּל זֶ֣רַע יַעֲקֹ֣ב כַּבְּד֑וּהוּ וְג֥וּרוּ מִ֝מֶּ֗נּוּ כָּל זֶ֥רַע יִשְׂרָאֵֽל
PSA,22,24,019_PSA_022_024,green,clean,green:clean: No lint findings.,"Vì Đức Giê-hô-va không khinh bỉ và không gớm ghét sự khốn khổ của người nghèo, cũng không che mặt Ngài khỏi người ấy, mà đã nghe lời người kêu cứu cùng Ngài.","Vì Ngài không khinh bỉ, chẳng gớm ghiếc sự hoạn nạn của kẻ khốn khổ, Cũng không giấu mặt Ngài cùng người; Nhưng khi người kêu cầu cùng Ngài, thì bèn nhậm lời.",כִּ֤י לֹֽא בָזָ֨ה וְלֹ֪א שִׁקַּ֡ץ עֱנ֬וּת עָנִ֗י וְלֹא הִסְתִּ֣יר פָּנָ֣יו מִמֶּ֑נּוּ וּֽבְשַׁוְּע֖וֹ אֵלָ֣יו שָׁמֵֽעַ
PSA,22,25,019_PSA_022_025,green,clean,green:clean: No lint findings.,Sự ngợi khen của tôi đến từ Ngài trong hội lớn; tôi sẽ trả các lời hứa nguyện trước mặt những kẻ kính sợ Ngài.,Sự ngợi khen của tôi tại giữa hội lớn do Chúa mà ra; Tôi sẽ trả xong sự hứa nguyện tôi trước mặt những kẻ kính sợ Chúa.,מֵ֥אִתְּךָ֗ תְֽהִלָּ֫תִ֥י בְּקָהָ֥ל רָ֑ב נְדָרַ֥י אֲ֝שַׁלֵּ֗ם נֶ֣גֶד יְרֵאָֽיו
PSA,22,26,019_PSA_022_026,green,clean,green:clean: No lint findings.,Kẻ khiêm nhường sẽ ăn và được no; những người tìm Đức Giê-hô-va sẽ ngợi khen Ngài; nguyện lòng các ngươi được sống đời đời.,Kẻ hiền từ sẽ ăn và được no nê; Những người tìm Đức Giê-hô-va sẽ ngợi khen Ngài; Nguyện lòng các ngươi được sống đời đời.,יֹאכְל֬וּ עֲנָוִ֨ים וְיִשְׂבָּ֗עוּ יְהַֽלְל֣וּ יְ֭הוָה דֹּ֣רְשָׁ֑יו יְחִ֖י לְבַבְכֶ֣ם לָעַֽד
PSA,22,27,019_PSA_022_027,green,clean,green:clean: No lint findings.,Bốn phương đất sẽ nhớ lại và trở về cùng Đức Giê-hô-va; mọi gia tộc các nước sẽ thờ lạy trước mặt Ngài.,Bốn phương thế gian sẽ nhớ và trở lại cùng Đức Giê-hô-va; Các họ hàng muôn dân sẽ thờ lạy trước mặt Ngài.,יִזְכְּר֤וּ וְיָשֻׁ֣בוּ אֶל יְ֭הוָה כָּל אַפְסֵי אָ֑רֶץ וְיִֽשְׁתַּחֲו֥וּ לְ֝פָנֶ֗יךָ כָּֽל מִשְׁפְּח֥וֹת גּוֹיִֽם
PSA,22,28,019_PSA_022_028,green,clean,green:clean: No lint findings.,"Vì nước thuộc về Đức Giê-hô-va, và Ngài cai trị các nước.","Vì nước thuộc về Đức Giê-hô-va, Ngài cai trị trên muôn dân.",כִּ֣י לַ֭יהוָה הַמְּלוּכָ֑ה וּ֝מֹשֵׁ֗ל בַּגּוֹיִֽם
PSA,22,29,019_PSA_022_029,green,clean,green:clean: No lint findings.,"Hết thảy những người sung túc trên đất sẽ ăn và thờ lạy; trước mặt Ngài, mọi kẻ xuống bụi đất sẽ quỳ gối, cả người không thể giữ linh hồn mình sống.","Hết thảy người giàu có thế gian cũng sẽ ăn và thờ lạy; Mọi kẻ trở lại bụi đất, và những kẻ không thế bảo tồn mạng sống mình, Sẽ quì xuống trước mặt Ngài.",אָכְל֬וּ וַיִּֽשְׁתַּחֲוּ֨וּ כָּֽל דִּשְׁנֵי אֶ֗רֶץ לְפָנָ֣יו יִ֭כְרְעוּ כָּל יוֹרְדֵ֣י עָפָ֑ר וְ֝נַפְשׁ֗וֹ לֹ֣א חִיָּֽה
PSA,22,30,019_PSA_022_030,green,clean,green:clean: No lint findings.,Một dòng dõi sẽ phục sự Ngài; người ta sẽ thuật về Chúa cho dòng dõi này.,Một dòng dõi sẽ hầu việc Ngài; Người ta sẽ kể dòng dõi ấy là dòng dõi của Chúa.,זֶ֥רַע יַֽעַבְדֶ֑נּוּ יְסֻפַּ֖ר לַֽאדֹנָ֣י לַדּֽוֹר
PSA,22,31,019_PSA_022_031,green,clean,green:clean: No lint findings.,"Dòng dõi ấy sẽ đến rao truyền sự công bình của Ngài, thuật cho dân tộc được sinh ra rằng Đức Giê-hô-va đã làm việc ấy.","Dòng dõi ấy sẽ đến rao truyền sự công bình của Ngài, Thuật cho dân tộc sẽ sanh ra rằng Đức Giê-hô-va đã làm việc ấy.",יָ֭בֹאוּ וְיַגִּ֣ידוּ צִדְקָת֑וֹ לְעַ֥ם נ֝וֹלָ֗ד כִּ֣י עָשָֽׂה
PSA,23,1,019_PSA_023_001,green,clean,green:clean: No lint findings.,"Đức Giê-hô-va là Mục Tử tôi, tôi chẳng thiếu thốn chi.",Đức Giê-hô-va là Đấng chăn giữ tôi: tôi sẽ chẳng thiếu thốn gì.,מִזְמ֥וֹר לְדָוִ֑ד יְהוָ֥ה רֹ֝עִ֗י לֹ֣א אֶחְסָֽר
PSA,23,2,019_PSA_023_002,green,clean,green:clean: No lint findings.,"Ngài cho tôi nằm nghỉ nơi đồng cỏ xanh tươi, dẫn tôi dọc theo những dòng nước êm dịu.","Ngài khiến tôi an nghỉ nơi đồng cỏ xanh tươi, Dẫn tôi đến mé nước bình tịnh.",בִּנְא֣וֹת דֶּ֭שֶׁא יַרְבִּיצֵ֑נִי עַל מֵ֖י מְנֻח֣וֹת יְנַהֲלֵֽנִי
PSA,23,3,019_PSA_023_003,green,clean,green:clean: No lint findings.,"Ngài khiến linh hồn tôi được hồi phục, dẫn tôi trên các lối công bình vì cớ danh Ngài.","Ngài bổ lại linh hồn tôi, Dẫn tôi vào các lối công bình, vì cớ danh Ngài.",נַפְשִׁ֥י יְשׁוֹבֵ֑ב יַֽנְחֵ֥נִי בְמַעְגְּלֵי צֶ֝֗דֶק לְמַ֣עַן שְׁמֽוֹ
PSA,23,4,019_PSA_023_004,green,clean,green:clean: No lint findings.,"Dẫu khi tôi đi trong trũng bóng tối của cái chết, tôi chẳng sợ điều ác nào, vì Chúa ở cùng tôi; cây trượng và cây gậy của Chúa an ủi tôi.","Dầu khi tôi đi trong trũng bóng chết, Tôi sẽ chẳng sợ tai họa nào; vì Chúa ở cùng tôi; Cây trượng và cây gậy của Chúa an ủi tôi.",גַּ֤ם כִּֽי אֵלֵ֨ךְ בְּגֵ֪יא צַלְמָ֡וֶת לֹא אִ֘ירָ֤א רָ֗ע כִּי אַתָּ֥ה עִמָּדִ֑י שִׁבְטְךָ֥ וּ֝מִשְׁעַנְתֶּ֗ךָ הֵ֣מָּה יְנַֽחֲמֻֽנִי
PSA,23,5,019_PSA_023_005,green,clean,green:clean: No lint findings.,"Chúa dọn bàn cho tôi trước mặt kẻ thù; Chúa xức dầu đầu tôi, chén tôi đầy tràn.","Chúa dọn bàn cho tôi Trước mặt kẻ thù nghịch tôi; Chúa xức dầu cho đầu tôi, Chén tôi đầy tràn.",תַּעֲרֹ֬ךְ לְפָנַ֨י שֻׁלְחָ֗ן נֶ֥גֶד צֹרְרָ֑י דִּשַּׁ֖נְתָּ בַשֶּׁ֥מֶן רֹ֝אשִׁ֗י כּוֹסִ֥י רְוָיָֽה
PSA,23,6,019_PSA_023_006,green,clean,green:clean: No lint findings.,"Quả thật, sự lành và sự thương xót sẽ theo tôi mọi ngày trong đời sống tôi; tôi sẽ ở trong nhà Đức Giê-hô-va cho đến lâu dài.","Quả thật, trọn đời tôi Phước hạnh và sự thương xót sẽ theo tôi; Tôi sẽ ở trong nhà Đức Giê-hô-va Cho đến lâu dài.",אַ֤ךְ ט֤וֹב וָחֶ֣סֶד יִ֭רְדְּפוּנִי כָּל יְמֵ֣י חַיָּ֑י וְשַׁבְתִּ֥י בְּבֵית יְ֝הוָ֗ה לְאֹ֣רֶךְ יָמִֽים
PSA,51,1,019_PSA_051_001,green,clean,green:clean: No lint findings.,"Đức Chúa Trời ôi, xin thương xót tôi theo sự nhân từ của Ngài; theo sự thương xót rất lớn của Ngài, xin hãy xóa các sự vi phạm tôi.",Đức Chúa Trời ôi! xin hãy thương xót tôi tùy lòng nhân từ của Chúa; Xin hãy xóa các sự vi phạm tôi theo sự từ bi rất lớn của Chúa.,לַמְנַצֵּ֗חַ מִזְמ֥וֹר לְדָוִֽד חָנֵּ֣נִי אֱלֹהִ֣ים כְּחַסְדֶּ֑ךָ כְּרֹ֥ב רַ֝חֲמֶ֗יךָ מְחֵ֣ה פְשָׁעָֽי
PSA,51,2,019_PSA_051_002,green,clean,green:clean: No lint findings.,"Xin hãy rửa tôi cho sạch khỏi tội ác tôi, và làm tôi được trong sạch về tội lỗi tôi.","Xin hãy rửa tôi cho sạch hết trọi gian ác, Và làm tôi được thanh khiết về tội lỗi tôi.",בְּֽבוֹא אֵ֭לָיו נָתָ֣ן הַנָּבִ֑יא כַּֽאֲשֶׁר בָּ֝֗א אֶל בַּת שָֽׁבַע הרבה כַּבְּסֵ֣נִי מֵעֲוֺנִ֑י וּֽמֵחַטָּאתִ֥י טַהֲרֵֽנִי
PSA,51,3,019_PSA_051_003,green,clean,green:clean: No lint findings.,"Vì tôi biết các sự phạm tội tôi, và tội lỗi tôi luôn ở trước mặt tôi.","Vì tôi nhận biết các sự vi phạm tôi, Tội lỗi tôi hằng ở trước mặt tôi.",כִּֽי פְ֭שָׁעַי אֲנִ֣י אֵדָ֑ע וְחַטָּאתִ֖י נֶגְדִּ֣י תָמִֽיד
PSA,51,4,019_PSA_051_004,green,clean,green:clean: No lint findings.,"Chỉ cùng một mình Chúa tôi đã phạm tội, và làm điều ác trước mặt Ngài, để khi Ngài phán, Ngài được xưng công bình, khi xét đoán, Ngài được tỏ ra thanh sạch.","Tôi đã phạm tội cùng Chúa, chỉ cùng một mình Chúa thôi, Và làm điều ác trước mặt Chúa; Hầu cho Chúa được xưng công bình khi Chúa phán, Và được thanh sạch khi Chúa xét đoán.",לְךָ֤ לְבַדְּךָ֨ חָטָאתִי֮ וְהָרַ֥ע בְּעֵינֶ֗יךָ עָ֫שִׂ֥יתִי לְ֭מַעַן תִּצְדַּ֥ק בְּדָבְרֶ֗ךָ תִּזְכֶּ֥ה בְשָׁפְטֶֽךָ
PSA,51,5,019_PSA_051_005,green,clean,green:clean: No lint findings.,"Kìa, tôi đã được sinh ra trong tội ác, và trong tội lỗi mẹ tôi đã mang thai tôi.","Kìa, tôi sanh ra trong sự gian ác, Mẹ tôi đã hoài thai tôi trong tội lỗi.",הֵן בְּעָו֥וֹן חוֹלָ֑לְתִּי וּ֝בְחֵ֗טְא יֶֽחֱמַ֥תְנִי אִמִּֽי
PSA,51,6,019_PSA_051_006,green,clean,green:clean: No lint findings.,"Kìa, Ngài ưa sự thật nơi lòng sâu kín; nơi kín nhiệm, Ngài sẽ dạy tôi sự khôn ngoan.","Nầy, Chúa muốn sự chân thật nơi bề trong; Chúa sẽ làm cho tôi được biết sự khôn ngoan trong nơi bí mật của lòng tôi.",הֵן אֱ֭מֶת חָפַ֣צְתָּ בַטֻּח֑וֹת וּ֝בְסָתֻ֗ם חָכְמָ֥ה תוֹדִיעֵֽנִי
PSA,51,7,019_PSA_051_007,green,clean,green:clean: No lint findings.,"Xin hãy lấy cây hương thảo mà tẩy sạch tôi, thì tôi sẽ được trong sạch; xin hãy rửa tôi, thì tôi sẽ nên trắng hơn tuyết.","Xin hãy lấy chùm kinh giới tẩy sạch tội lỗi tôi, thì tôi sẽ được tinh sạch; Cầu Chúa hãy rửa tôi, thì tôi sẽ nên trắng hơn tuyết,",תְּחַטְּאֵ֣נִי בְאֵז֣וֹב וְאֶטְהָ֑ר תְּ֝כַבְּסֵ֗נִי וּמִשֶּׁ֥לֶג אַלְבִּֽין
PSA,51,8,019_PSA_051_008,green,clean,green:clean: No lint findings.,"Xin cho tôi được nghe sự vui mừng hớn hở, hầu các xương cốt mà Ngài đã bẻ gãy được vui mừng.","Hãy cho tôi nghe sự vui vẻ mừng rỡ, Để các xương cốt mà Chúa đã bẻ gãy được khoái lạc.",תַּ֭שְׁמִיעֵנִי שָׂשׂ֣וֹן וְשִׂמְחָ֑ה תָּ֝גֵ֗לְנָה עֲצָמ֥וֹת דִּכִּֽיתָ
PSA,51,9,019_PSA_051_009,green,clean,green:clean: No lint findings.,"Xin Ngài che khuất mặt Ngài khỏi các tội lỗi tôi, và xóa sạch mọi sự gian ác tôi.","Xin Chúa ngảnh mặt khỏi các tội lỗi tôi, Và xóa hết thảy sự gian ác tôi.",הַסְתֵּ֣ר פָּ֭נֶיךָ מֵחֲטָאָ֑י וְֽכָל עֲוֺ֖נֹתַ֣י מְחֵֽה
PSA,51,10,019_PSA_051_010,green,clean,green:clean: No lint findings.,"Đức Chúa Trời ôi, xin tạo nên trong tôi một lòng trong sạch, và làm mới lại trong tôi một tâm linh ngay thẳng.","Đức Chúa Trời ôi! xin hãy dựng nên trong tôi một lòng trong sạch, Và làm cho mới lại trong tôi một thần linh ngay thẳng.",לֵ֣ב טָ֭הוֹר בְּרָא לִ֣י אֱלֹהִ֑ים וְר֥וּחַ נָ֝כ֗וֹן חַדֵּ֥שׁ בְּקִרְבִּֽי
PSA,51,11,019_PSA_051_011,green,clean,green:clean: No lint findings.,"Xin đừng đuổi tôi ra khỏi trước mặt Chúa, và xin chớ cất Thánh Linh Ngài khỏi tôi.","Xin chớ từ bỏ tôi khỏi trước mặt Chúa, Cũng đừng cất khỏi tôi Thánh Linh Chúa.",אַל תַּשְׁלִיכֵ֥נִי מִלְּפָנֶ֑יךָ וְר֥וּחַ קָ֝דְשְׁךָ֗ אַל תִּקַּ֥ח מִמֶּֽנִּי
PSA,51,12,019_PSA_051_012,green,clean,green:clean: No lint findings.,"Xin hãy phục hồi cho tôi niềm vui về sự cứu rỗi của Chúa, và dùng thần linh sẵn lòng mà nâng đỡ tôi.","Xin hãy ban lại cho tôi sự vui vẻ về sự cứu rỗi của Chúa, Dùng thần linh sẵn lòng mà nâng đỡ tôi.",הָשִׁ֣יבָה לִּ֭י שְׂשׂ֣וֹן יִשְׁעֶ֑ךָ וְר֖וּחַ נְדִיבָ֣ה תִסְמְכֵֽנִי
PSA,51,13,019_PSA_051_013,green,clean,green:clean: No lint findings.,"Tôi sẽ dạy kẻ phạm tội đường lối Ngài, và kẻ có tội sẽ trở lại cùng Ngài.","Bấy giờ tôi sẽ dạy đường lối Chúa cho kẻ vi phạm, Và kẻ có tội sẽ trở về cùng Chúa.",אֲלַמְּדָ֣ה פֹשְׁעִ֣ים דְּרָכֶ֑יךָ וְ֝חַטָּאִ֗ים אֵלֶ֥יךָ יָשֽׁוּבוּ
PSA,51,14,019_PSA_051_014,green,clean,green:clean: No lint findings.,"Lạy Đức Chúa Trời, là Đức Chúa Trời về sự cứu rỗi tôi, xin giải cứu tôi khỏi tội đổ huyết; thì lưỡi tôi sẽ reo lên ca ngợi sự công bình của Ngài.","Hỡi Đức Chúa Trời, là Đức Chúa Trời về sự cứu rỗi tôi, Xin giải tôi khỏi tội làm đổ huyết, Thì lưỡi tôi sẽ hát ngợi khen sự công bình của Chúa.",הַצִּ֘ילֵ֤נִי מִדָּמִ֨ים אֱֽלֹהִ֗ים אֱלֹהֵ֥י תְּשׁוּעָתִ֑י תְּרַנֵּ֥ן לְ֝שׁוֹנִ֗י צִדְקָתֶֽךָ
PSA,51,15,019_PSA_051_015,green,clean,green:clean: No lint findings.,"Lạy Chúa, xin mở môi con, rồi miệng con sẽ rao ra sự ngợi khen Ngài.","Chúa ơn, xin mở môi tôi, Rồi miệng tôi sẽ truyền ra sự ngợi khen Chúa.",אֲ֭דֹנָי שְׂפָתַ֣י תִּפְתָּ֑ח וּ֝פִ֗י יַגִּ֥יד תְּהִלָּתֶֽךָ
PSA,51,16,019_PSA_051_016,green,clean,green:clean: No lint findings.,"Vì Chúa không vừa lòng nơi của lễ, bằng không, tôi chắc đã dâng; của lễ thiêu Ngài cũng không ưa thích.","Vì Chúa không ưa thích của lễ, bằng vậy, tôi chắc đã dâng; Của lễ thiêu cũng không đẹp lòng Chúa:",כִּ֤י לֹא תַחְפֹּ֣ץ זֶ֣בַח וְאֶתֵּ֑נָה ע֝וֹלָ֗ה לֹ֣א תִרְצֶֽה
PSA,51,17,019_PSA_051_017,green,clean,green:clean: No lint findings.,"Của lễ dâng Đức Chúa Trời là tâm linh đau thương; lòng đau thương và thống hối, Đức Chúa Trời ôi, Ngài không khinh dể.","Của lễ đẹp lòng Đức Chúa Trời, ấy là tâm thần đau thương: Đức Chúa Trời ôi! lòng đau thương thống hối Chúa không khinh dể đâu.",זִֽבְחֵ֣י אֱלֹהִים֮ ר֪וּחַ נִשְׁבָּ֫רָ֥ה לֵב נִשְׁבָּ֥ר וְנִדְכֶּ֑ה אֱ֝לֹהִ֗ים לֹ֣א תִבְזֶֽה
PSA,51,18,019_PSA_051_018,green,clean,green:clean: No lint findings.,Cầu xin Chúa làm lành cho Si-ôn tùy theo ý tốt Ngài; xin xây lại các vách thành Giê-ru-sa-lem.,Cầu xin Chúa hãy làm lành cho Si-ôn tùy ý tốt Ngài; Hãy xây cất các vách tường của Giê-ru-sa-lem.,הֵיטִ֣יבָה בִ֭רְצוֹנְךָ אֶת צִיּ֑וֹן תִּ֝בְנֶ֗ה חוֹמ֥וֹת יְרוּשָׁלִָֽם
PSA,51,19,019_PSA_051_019,green,clean,green:clean: No lint findings.,"Bấy giờ Chúa sẽ ưa thích các của lễ công bình, của lễ thiêu và của lễ toàn thiêu trọn vẹn; bấy giờ người ta sẽ dâng bò đực trên bàn thờ Ngài.","Bấy giờ Chúa sẽ ưa thích các của lễ công bình, Của lễ thiêu, và các con sinh dâng trọn; Bấy giờ người ta sẽ dâng bò đực trên bàn thờ của Chúa.",אָ֤ז תַּחְפֹּ֣ץ זִבְחֵי צֶ֭דֶק עוֹלָ֣ה וְכָלִ֑יל אָ֤ז יַעֲל֖וּ עַל מִזְבַּחֲךָ֣ פָרִֽים
JOB,1,1,018_JOB_001_001,green,clean,green:clean: No lint findings.,"Có một người ở trong xứ U-xơ, tên là Gióp; ấy là một người trọn vẹn, ngay thẳng, kính sợ Đức Chúa Trời và lánh khỏi điều ác.","Tại trong xứ Uùt-xơ có một người tên là Gióp; người ấy vốn trọn vẹn và ngay thẳng; kính sợ Đức Chúa Trời, và lánh khỏi điều ác.",אִ֛ישׁ הָיָ֥ה בְאֶֽרֶץ ע֖וּץ אִיּ֣וֹב שְׁמ֑וֹ וְהָיָ֣ה הָאִ֣ישׁ הַה֗וּא תָּ֧ם וְיָשָׁ֛ר וִירֵ֥א אֱלֹהִ֖ים וְסָ֥ר מֵרָֽע
JOB,1,2,018_JOB_001_002,green,clean,green:clean: No lint findings.,Người sinh được bảy con trai và ba con gái.,Người sanh được bảy con trai và ba con gái;,וַיִּוָּ֥לְדוּ ל֛וֹ שִׁבְעָ֥ה בָנִ֖ים וְשָׁל֥וֹשׁ בָּנֽוֹת
JOB,1,3,018_JOB_001_003,green,clean,green:clean: No lint findings.,"Người có bảy ngàn chiên, ba ngàn lạc đà, năm trăm cặp bò, năm trăm cặp lừa cái, và tôi mọi rất đông; người ấy là người lớn hơn hết trong các con cái phương Đông.","có bảy ngàn chiên, ba ngàn lạc đà, năm trăm đôi bò, năm trăm lừa cái, và tôi tớ rất nhiều; người ấy lớn hơn hết trong cả dân Đông phương.",וַיְהִ֣י מִ֠קְנֵהוּ שִֽׁבְעַ֨ת אַלְפֵי צֹ֜אן וּשְׁלֹ֧שֶׁת אַלְפֵ֣י גְמַלִּ֗ים וַחֲמֵ֨שׁ מֵא֤וֹת צֶֽמֶד בָּקָר֙ וַחֲמֵ֣שׁ מֵא֣וֹת אֲתוֹנ֔וֹת וַעֲבֻדָּ֖ה רַבָּ֣ה מְאֹ֑ד וַיְהִי֙ הָאִ֣ישׁ הַה֔וּא גָּד֖וֹל מִכָּל בְּנֵי קֶֽדֶם
JOB,1,4,018_JOB_001_004,green,clean,green:clean: No lint findings.,"Các con trai người đi dự tiệc, mỗi người thay phiên nhau đãi tiệc trong nhà mình; rồi sai mời ba chị em gái mình đến ăn và uống cùng mình.","Các con trai người hay đi dự tiệc, đãi thay phiên nhau trong nhà của mỗi người; và sai mời ba chị em gái mình ăn uống chung với mình.",וְהָלְכ֤וּ בָנָיו֙ וְעָשׂ֣וּ מִשְׁתֶּ֔ה בֵּ֖ית אִ֣ישׁ יוֹמ֑וֹ וְשָׁלְח֗וּ וְקָרְאוּ֙ לִשְׁלֹ֣שֶׁת אחיתיהם לֶאֱכֹ֥ל וְלִשְׁתּ֖וֹת עִמָּהֶֽם
JOB,1,5,018_JOB_001_005,green,clean,green:clean: No lint findings.,"Khi các ngày yến tiệc đã trọn, Gióp sai người đi thánh hóa các con mình, rồi thức dậy sớm vào buổi sáng, dâng các của lễ thiêu theo số của từng người; vì Gióp nói rằng: “Có lẽ các con ta đã phạm tội và nguyền rủa Đức Chúa Trời trong lòng mình.” Gióp thường làm như vậy.","Xảy khi các ngày yến tiệc xong rồi, Gióp sai người đi dọn các con cái mình cho thanh sạch, thức dậy sớm, dâng của lễ thiêu tùy số chúng nó; vì người nói rằng: Dễ thường các con ta có phạm tội, và trong lòng từ chối Đức Chúa Trời chăng. Gióp hằng làm như vậy.",וַיְהִ֡י כִּ֣י הִקִּיפֽוּ֩ יְמֵ֨י הַמִּשְׁתֶּ֜ה וַיִּשְׁלַ֧ח אִיּ֣וֹב וַֽיְקַדְּשֵׁ֗ם וְהִשְׁכִּ֣ים בַּבֹּקֶר֮ וְהֶעֱלָ֣ה עֹלוֹת֮ מִסְפַּ֣ר כֻּלָּם֒ כִּ֚י אָמַ֣ר אִיּ֔וֹב אוּלַי֙ חָטְא֣וּ בָנַ֔י וּבֵרֲכ֥וּ אֱלֹהִ֖ים בִּלְבָבָ֑ם כָּ֛כָה יַעֲשֶׂ֥ה אִיּ֖וֹב כָּל הַיָּמִֽים
JOB,1,6,018_JOB_001_006,green,clean,green:clean: No lint findings.,"Một ngày kia, các con trai của Đức Chúa Trời đến đứng trước mặt Đức Giê-hô-va, và Sa-tan cũng đến giữa họ.","Vả, một ngày kia các con trai của Đức Chúa Trời đến ra mắt Đức Giê-hô-va, và Sa-tan cũng đến trong vòng chúng.",וַיְהִ֣י הַיּ֔וֹם וַיָּבֹ֨אוּ֙ בְּנֵ֣י הָאֱלֹהִ֔ים לְהִתְיַצֵּ֖ב עַל יְהוָ֑ה וַיָּב֥וֹא גַֽם הַשָּׂטָ֖ן בְּתוֹכָֽם
JOB,1,7,018_JOB_001_007,green,clean,green:clean: No lint findings.,Đức Giê-hô-va phán cùng Sa-tan rằng: Ngươi từ đâu đến? Sa-tan thưa cùng Đức Giê-hô-va rằng: Tôi đã đi rảo khắp đất và đi dạo trên nó.,Đức Giê-hô-va phán hỏi Sa-tan rằng: Ngươi ở đâu đến? Sa-tan thưa với Đức Giê-hô-va rằng: Tôi trải qua đây đó trên đất và dạo chơi tại nơi nó.,וַיֹּ֧אמֶר יְהוָ֛ה אֶל הַשָּׂטָ֖ן מֵאַ֣יִן תָּבֹ֑א וַיַּ֨עַן הַשָּׂטָ֤ן אֶת יְהוָה֙ וַיֹּאמַ֔ר מִשּׁ֣וּט בָּאָ֔רֶץ וּמֵֽהִתְהַלֵּ֖ךְ בָּֽהּ
JOB,1,8,018_JOB_001_008,green,clean,green:clean: No lint findings.,"Đức Giê-hô-va phán cùng Sa-tan rằng: Ngươi có để lòng vào tôi tớ ta là Gióp chăng? Vì nơi đất không ai giống như người, một người trọn vẹn và ngay thẳng, kính sợ Đức Chúa Trời và lánh khỏi điều ác.","Đức Giê-hô-va lại hỏi Sa-tan rằng: Ngươi có nhìn thấy Gióp, tôi tớ của ta chăng; nơi thế gian chẳng có người nào giống như nó, vốn trọn vẹn và ngay thẳng, kính sợ Đức Chúa Trời, và lánh khỏi điều ác?",וַיֹּ֤אמֶר יְהוָה֙ אֶל הַשָּׂטָ֔ן הֲשַׂ֥מְתָּ לִבְּךָ֖ עַל עַבְדִּ֣י אִיּ֑וֹב כִּ֣י אֵ֤ין כָּמֹ֨הוּ֙ בָּאָ֔רֶץ אִ֣ישׁ תָּ֧ם וְיָשָׁ֛ר יְרֵ֥א אֱלֹהִ֖ים וְסָ֥ר מֵרָֽע
JOB,1,9,018_JOB_001_009,green,clean,green:clean: No lint findings.,Sa-tan đáp cùng Đức Giê-hô-va rằng: Gióp há kính sợ Đức Chúa Trời cách vô cớ sao?,Sa-tan thưa với Đức Giê-hô-va rằng: Gióp há kính sợ Đức Chúa Trời luống công sao?,וַיַּ֧עַן הַשָּׂטָ֛ן אֶת יְהוָ֖ה וַיֹּאמַ֑ר הַֽחִנָּ֔ם יָרֵ֥א אִיּ֖וֹב אֱלֹהִֽים
JOB,1,10,018_JOB_001_010,green,clean,green:clean: No lint findings.,"Chúa há chẳng dựng hàng rào che chở người ấy, nhà người ấy, và mọi vật thuộc về người ấy ở bốn phía sao? Chúa đã ban phước cho công việc của tay người ấy, và gia súc người ấy sinh sôi nảy nở trên đất.","Chúa há chẳng dựng hàng rào binh vực ở bốn phía người, nhà người, và mọi vật thuộc về người sao? Chúa đã ban phước cho công việc của tay người và làm cho của cải người thêm nhiều trên đất.",הֲלֹֽא את שַׂ֣כְתָּ בַעֲד֧וֹ וּבְעַד בֵּית֛וֹ וּבְעַ֥ד כָּל אֲשֶׁר ל֖וֹ מִסָּבִ֑יב מַעֲשֵׂ֤ה יָדָיו֙ בֵּרַ֔כְתָּ וּמִקְנֵ֖הוּ פָּרַ֥ץ בָּאָֽרֶץ
JOB,1,11,018_JOB_001_011,green,clean,green:clean: No lint findings.,"Nhưng bây giờ xin hãy giơ tay Ngài ra, đụng đến tất cả những gì người có; hẳn là người sẽ nguyền rủa Ngài trước mặt Ngài.","Nhưng bây giờ hãy giơ tay Chúa ra, đụng đến hại các vật người có, ắt là người sẽ phỉ báng Chúa trước mặt.",וְאוּלָם֙ שְֽׁלַֽח נָ֣א יָֽדְךָ֔ וְגַ֖ע בְּכָל אֲשֶׁר ל֑וֹ אִם לֹ֥א עַל פָּנֶ֖יךָ יְבָרֲכֶֽךָּ
JOB,1,12,018_JOB_001_012,green,clean,green:clean: No lint findings.,"Đức Giê-hô-va phán cùng Sa-tan: Kìa, mọi vật Gióp có đều phó trong tay ngươi; nhưng chớ tra tay vào mình người. Sa-tan bèn lui ra khỏi mặt Đức Giê-hô-va.","Đức Giê-hô-va phán với Sa-tan rằng: Nầy, các vật người có đều phó trong tay ngươi; nhưng chớ tra tay vào mình nó. Sa-tan bèn lui ra khỏi mặt Đức Giê-hô-va.",וַיֹּ֨אמֶר יְהוָ֜ה אֶל הַשָּׂטָ֗ן הִנֵּ֤ה כָל אֲשֶׁר לוֹ֙ בְּיָדֶ֔ךָ רַ֣ק אֵלָ֔יו אַל תִּשְׁלַ֖ח יָדֶ֑ךָ וַיֵּצֵא֙ הַשָּׂטָ֔ן מֵעִ֖ם פְּנֵ֥י יְהוָֽה
JOB,1,13,018_JOB_001_013,green,clean,green:clean: No lint findings.,"Một ngày kia, các con trai và con gái người đang ăn và uống rượu trong nhà người anh cả của chúng.","Xảy một ngày kia, khi các con trai và con gái người đang ăn và uống rượu trong nhà anh cả chúng nó,",וַיְהִ֖י הַיּ֑וֹם וּבָנָ֨יו וּבְנֹתָ֤יו אֹֽכְלִים֙ וְשֹׁתִ֣ים יַ֔יִן בְּבֵ֖ית אֲחִיהֶ֥ם הַבְּכֽוֹר
JOB,1,14,018_JOB_001_014,green,clean,green:clean: No lint findings.,"Một sứ giả đến cùng ông Gióp và nói: Các bò đang cày, các lừa đang ăn cỏ gần bên cạnh chúng.","một sứ giả đến báo tin cho Gióp rằng: Bò đang cày, lừa đang ăn gần bên cạnh,",וּמַלְאָ֛ךְ בָּ֥א אֶל אִיּ֖וֹב וַיֹּאמַ֑ר הַבָּקָר֙ הָי֣וּ חֹֽרְשׁ֔וֹת וְהָאֲתֹנ֖וֹת רֹע֥וֹת עַל יְדֵיהֶֽם
JOB,1,15,018_JOB_001_015,green,clean,green:clean: No lint findings.,"Dân Sê-ba xông vào, cướp lấy tất cả, và dùng lưỡi gươm giết các đầy tớ; chỉ một mình tôi thoát khỏi để báo tin cho ông.","thì dân Sê-ba xông vào chúng nó, đoạt cướp đi, và lấy lưỡi gươm giết các tôi tớ; chỉ một mình tôi thoát khỏi đặng báo tin cho ông.",וַתִּפֹּ֤ל שְׁבָא֙ וַתִּקָּחֵ֔ם וְאֶת הַנְּעָרִ֖ים הִכּ֣וּ לְפִי חָ֑רֶב וָֽאִמָּ֨לְטָ֧ה רַק אֲנִ֛י לְבַדִּ֖י לְהַגִּ֥יד לָֽךְ
JOB,1,16,018_JOB_001_016,green,clean,green:clean: No lint findings.,"Người này còn đang nói, thì người khác đến và nói: Lửa của Đức Chúa Trời từ trời giáng xuống thiêu cháy các bầy chiên và các đầy tớ, thiêu nuốt chúng; chỉ mình tôi thoát khỏi để báo cho ông biết.","Người nầy còn đang nói, thì một người khác đến, báo rằng: Lửa của Đức Chúa Trời từ trên trời giáng xuống thiêu đốt các con chiên và tôi tớ, làm cho tiêu hủy chúng nó đi; chỉ một mình tôi thoát khỏi đặng báo tin cho ông.",ע֣וֹד זֶ֣ה מְדַבֵּ֗ר וְזֶה֮ בָּ֣א וַיֹּאמַר֒ אֵ֣שׁ אֱלֹהִ֗ים נָֽפְלָה֙ מִן הַשָּׁמַ֔יִם וַתִּבְעַ֥ר בַּצֹּ֛אן וּבַנְּעָרִ֖ים וַתֹּאכְלֵ֑ם וָאִמָּ֨לְטָ֧ה רַק אֲנִ֛י לְבַדִּ֖י לְהַגִּ֥יד לָֽךְ
JOB,1,17,018_JOB_001_017,green,clean,green:clean: No lint findings.,"Người này còn đang nói, thì người khác đến và nói: Dân Canh-đê chia làm ba toán, xông vào lạc đà, cướp lấy chúng, và dùng gươm giết các đầy tớ; chỉ một mình tôi thoát ra để báo cho ông biết.","Người nầy còn đang nói, thì một kẻ khác chạy đến, báo rằng: Dân Canh-đê phân làm ba đạo, xông vào lạc đà, cướp đoạt đi, và lấy lưỡi gươm giết các tôi tớ; chỉ một mình tôi thoát khỏi đặng báo tin cho ông.",ע֣וֹד זֶ֣ה מְדַבֵּ֗ר וְזֶה֮ בָּ֣א וַיֹּאמַר֒ כַּשְׂדִּ֞ים שָׂ֣מוּ שְׁלֹשָׁ֣ה רָאשִׁ֗ים וַֽיִּפְשְׁט֤וּ עַל הַגְּמַלִּים֙ וַיִּקָּח֔וּם וְאֶת הַנְּעָרִ֖ים הִכּ֣וּ לְפִי חָ֑רֶב וָאִמָּ֨לְטָ֧ה רַק אֲנִ֛י לְבַדִּ֖י לְהַגִּ֥יד לָֽךְ
JOB,1,18,018_JOB_001_018,green,clean,green:clean: No lint findings.,"Người này còn đang nói, thì một người khác chạy đến và nói: Các con trai và con gái ông đang ăn và uống rượu trong nhà người anh cả của họ.","Người nầy còn đang nói, thì một kẻ khác chạy đến, báo rằng: Các con trai và con gái ông đang ăn uống tại nơi nhà anh cả của họ,",עַ֚ד זֶ֣ה מְדַבֵּ֔ר וְזֶ֖ה בָּ֣א וַיֹּאמַ֑ר בָּנֶ֨יךָ וּבְנוֹתֶ֤יךָ אֹֽכְלִים֙ וְשֹׁתִ֣ים יַ֔יִן בְּבֵ֖ית אֲחִיהֶ֥ם הַבְּכֽוֹר
JOB,1,19,018_JOB_001_019,green,clean,green:clean: No lint findings.,"Kìa, một luồng gió lớn từ phía sa mạc thổi tới, đụng vào bốn góc nhà, nhà sập đè lên các người trẻ tuổi, họ chết hết; chỉ một mình tôi thoát ra để báo tin cho ông.","kìa một ngọn gió lớn từ phía bên kia sa mạc thổi đến, làm cho bốn góc nhà rung rinh, nhà sập xuống đè chết các người trẻ tuổi; chỉ một mình tôi thoát khỏi đặng báo tin cho ông.",וְהִנֵּה֩ ר֨וּחַ גְּדוֹלָ֜ה בָּ֣אָה מֵעֵ֣בֶר הַמִּדְבָּ֗ר וַיִּגַּע֙ בְּאַרְבַּע֙ פִּנּ֣וֹת הַבַּ֔יִת וַיִּפֹּ֥ל עַל הַנְּעָרִ֖ים וַיָּמ֑וּתוּ וָאִמָּ֨לְטָ֧ה רַק אֲנִ֛י לְבַדִּ֖י לְהַגִּ֥יד לָֽךְ
JOB,1,20,018_JOB_001_020,green,clean,green:clean: No lint findings.,"Gióp bèn đứng dậy, xé áo choàng mình, cạo đầu, rồi sấp mình xuống đất và thờ lạy.","Gióp bèn chổi dậy, xé áo mình, và cạo đầu, đoạn xấp mình xuống đất mà thờ lạy,",וַיָּ֤קָם אִיּוֹב֙ וַיִּקְרַ֣ע אֶת מְעִל֔וֹ וַיָּ֖גָז אֶת רֹאשׁ֑וֹ וַיִּפֹּ֥ל אַ֖רְצָה וַיִּשְׁתָּֽחוּ
JOB,1,21,018_JOB_001_021,green,clean,green:clean: No lint findings.,"Tôi trần truồng ra khỏi lòng mẹ, và trần truồng tôi sẽ trở về; Đức Giê-hô-va đã ban cho, Đức Giê-hô-va đã cất đi; đáng ngợi khen danh Đức Giê-hô-va!","và nói rằng: Tôi trần truồng lọt khỏi lòng mẹ, và tôi cũng sẽ trần truồng mà về; Đức Giê-hô-va đã ban cho, Đức Giê-hô-va lại cất đi; đáng ngợi khen danh Đức Giê-hô-va!",וַיֹּאמֶר֩ עָרֹ֨ם יצתי מִבֶּ֣טֶן אִמִּ֗י וְעָרֹם֙ אָשׁ֣וּב שָׁ֔מָה יְהוָ֣ה נָתַ֔ן וַיהוָ֖ה לָקָ֑ח יְהִ֛י שֵׁ֥ם יְהוָ֖ה מְבֹרָֽךְ
JOB,1,22,018_JOB_001_022,green,clean,green:clean: No lint findings.,"Trong mọi điều ấy, Gióp không phạm tội, cũng không nói điều sai trái về Đức Chúa Trời.","Trong mọi sự ấy, Gióp không phạm tội, và chẳng nói phạm thượng cùng Đức Chúa Trời.",בְּכָל זֹ֖את לֹא חָטָ֣א אִיּ֑וֹב וְלֹא נָתַ֥ן תִּפְלָ֖ה לֵאלֹהִֽים
