testament,book,chapter,source,source_verses,russian_verses,match
OT,ZEC,1,WLC,21,21,True
OT,ZEC,2,WLC,13,13,True
OT,ZEC,3,WLC,10,10,True
OT,ZEC,4,WLC,14,14,True
OT,ZEC,5,WLC,11,11,True
OT,ZEC,6,WLC,15,15,True
OT,ZEC,7,WLC,14,14,True
OT,ZEC,8,WLC,23,23,True
OT,ZEC,9,WLC,17,17,True
OT,ZEC,10,WLC,12,12,True
OT,ZEC,11,WLC,17,17,True
OT,ZEC,12,WLC,14,14,True
OT,ZEC,13,WLC,9,9,True
OT,ZEC,14,WLC,21,21,True
OT,DAN,1,WLC,21,21,True
OT,DAN,2,WLC,49,49,True
OT,DAN,3,WLC,30,33,False
OT,DAN,4,WLC,37,34,False
OT,DAN,5,WLC,31,31,True
OT,DAN,6,WLC,28,28,True
OT,DAN,7,WLC,28,28,True
OT,DAN,8,WLC,27,27,True
OT,DAN,9,WLC,27,27,True
OT,DAN,10,WLC,21,21,True
OT,DAN,11,WLC,45,45,True
OT,DAN,12,WLC,13,13,True
OT,HAB,1,WLC,17,17,True
OT,HAB,2,WLC,20,20,True
OT,HAB,3,WLC,19,19,True
OT,2CH,1,WLC,17,17,True
OT,2CH,2,WLC,18,18,True
OT,2CH,3,WLC,17,17,True
OT,2CH,4,WLC,22,22,True
OT,2CH,5,WLC,14,14,True
OT,2CH,6,WLC,42,42,True
OT,2CH,7,WLC,22,22,True
OT,2CH,8,WLC,18,18,True
OT,2CH,9,WLC,31,31,True
OT,2CH,10,WLC,19,19,True
OT,2CH,11,WLC,23,23,True
OT,2CH,12,WLC,16,16,True
OT,2CH,13,WLC,22,22,True
OT,2CH,14,WLC,15,15,True
OT,2CH,15,WLC,19,19,True
OT,2CH,16,WLC,14,14,True
OT,2CH,17,WLC,19,19,True
OT,2CH,18,WLC,34,34,True
OT,2CH,19,WLC,11,11,True
OT,2CH,20,WLC,37,37,True
OT,2CH,21,WLC,20,20,True
OT,2CH,22,WLC,12,12,True
OT,2CH,23,WLC,21,21,True
OT,2CH,24,WLC,27,27,True
OT,2CH,25,WLC,28,28,True
OT,2CH,26,WLC,23,23,True
OT,2CH,27,WLC,9,9,True
OT,2CH,28,WLC,27,27,True
OT,2CH,29,WLC,36,36,True
OT,2CH,30,WLC,27,27,True
OT,2CH,31,WLC,21,21,True
OT,2CH,32,WLC,33,33,True
OT,2CH,33,WLC,25,25,True
OT,2CH,34,WLC,33,33,True
OT,2CH,35,WLC,27,27,True
OT,2CH,36,WLC,23,23,True
OT,LAM,1,WLC,22,22,True
OT,LAM,2,WLC,22,22,True
OT,LAM,3,WLC,66,66,True
OT,LAM,4,WLC,22,22,True
OT,LAM,5,WLC,22,22,True
OT,ECC,1,WLC,18,18,True
OT,ECC,2,WLC,26,26,True
OT,ECC,3,WLC,22,22,True
OT,ECC,4,WLC,16,17,False
OT,ECC,5,WLC,20,19,False
OT,ECC,6,WLC,12,12,True
OT,ECC,7,WLC,29,29,True
OT,ECC,8,WLC,17,17,True
OT,ECC,9,WLC,18,18,True
OT,ECC,10,WLC,20,20,True
OT,ECC,11,WLC,10,10,True
OT,ECC,12,WLC,14,14,True
OT,GEN,1,WLC,31,31,True
OT,GEN,2,WLC,25,25,True
OT,GEN,3,WLC,24,24,True
OT,GEN,4,WLC,26,26,True
OT,GEN,5,WLC,32,32,True
OT,GEN,6,WLC,22,22,True
OT,GEN,7,WLC,24,24,True
OT,GEN,8,WLC,22,22,True
OT,GEN,9,WLC,29,29,True
OT,GEN,10,WLC,32,32,True
OT,GEN,11,WLC,32,32,True
OT,GEN,12,WLC,20,20,True
OT,GEN,13,WLC,18,18,True
OT,GEN,14,WLC,24,24,True
OT,GEN,15,WLC,21,21,True
OT,GEN,16,WLC,16,16,True
OT,GEN,17,WLC,27,27,True
OT,GEN,18,WLC,33,33,True
OT,GEN,19,WLC,38,38,True
OT,GEN,20,WLC,18,18,True
OT,GEN,21,WLC,34,34,True
OT,GEN,22,WLC,24,24,True
OT,GEN,23,WLC,20,20,True
OT,GEN,24,WLC,67,67,True
OT,GEN,25,WLC,34,34,True
OT,GEN,26,WLC,35,35,True
OT,GEN,27,WLC,46,46,True
OT,GEN,28,WLC,22,22,True
OT,GEN,29,WLC,35,35,True
OT,GEN,30,WLC,43,43,True
OT,GEN,31,WLC,55,55,True
OT,GEN,32,WLC,32,32,True
OT,GEN,33,WLC,20,20,True
OT,GEN,34,WLC,31,31,True
OT,GEN,35,WLC,29,29,True
OT,GEN,36,WLC,43,43,True
OT,GEN,37,WLC,36,36,True
OT,GEN,38,WLC,30,30,True
OT,GEN,39,WLC,23,23,True
OT,GEN,40,WLC,23,23,True
OT,GEN,41,WLC,57,57,True
OT,GEN,42,WLC,38,38,True
OT,GEN,43,WLC,34,34,True
OT,GEN,44,WLC,34,34,True
OT,GEN,45,WLC,28,28,True
OT,GEN,46,WLC,34,34,True
OT,GEN,47,WLC,31,31,True
OT,GEN,48,WLC,22,22,True
OT,GEN,49,WLC,33,33,True
OT,GEN,50,WLC,26,26,True
OT,HOS,1,WLC,11,11,True
OT,HOS,2,WLC,23,23,True
OT,HOS,3,WLC,5,5,True
OT,HOS,4,WLC,19,19,True
OT,HOS,5,WLC,15,15,True
OT,HOS,6,WLC,11,11,True
OT,HOS,7,WLC,16,16,True
OT,HOS,8,WLC,14,14,True
OT,HOS,9,WLC,17,17,True
OT,HOS,10,WLC,15,15,True
OT,HOS,11,WLC,12,12,True
OT,HOS,12,WLC,14,14,True
OT,HOS,13,WLC,16,15,False
OT,HOS,14,WLC,9,10,False
OT,NUM,1,WLC,54,54,True
OT,NUM,2,WLC,34,34,True
OT,NUM,3,WLC,51,51,True
OT,NUM,4,WLC,49,49,True
OT,NUM,5,WLC,31,31,True
OT,NUM,6,WLC,27,27,True
OT,NUM,7,WLC,89,89,True
OT,NUM,8,WLC,26,26,True
OT,NUM,9,WLC,23,23,True
OT,NUM,10,WLC,36,36,True
OT,NUM,11,WLC,35,35,True
OT,NUM,12,WLC,16,15,False
OT,NUM,13,WLC,33,34,False
OT,NUM,14,WLC,45,45,True
OT,NUM,15,WLC,41,41,True
OT,NUM,16,WLC,50,50,True
OT,NUM,17,WLC,13,13,True
OT,NUM,18,WLC,32,32,True
OT,NUM,19,WLC,22,22,True
OT,NUM,20,WLC,29,29,True
OT,NUM,21,WLC,35,35,True
OT,NUM,22,WLC,41,41,True
OT,NUM,23,WLC,30,30,True
OT,NUM,24,WLC,25,25,True
OT,NUM,25,WLC,18,18,True
OT,NUM,26,WLC,65,65,True
OT,NUM,27,WLC,23,23,True
OT,NUM,28,WLC,31,31,True
OT,NUM,29,WLC,40,39,False
OT,NUM,30,WLC,16,17,False
OT,NUM,31,WLC,54,54,True
OT,NUM,32,WLC,42,42,True
OT,NUM,33,WLC,56,56,True
OT,NUM,34,WLC,29,29,True
OT,NUM,35,WLC,34,34,True
OT,NUM,36,WLC,13,13,True
OT,MIC,1,WLC,16,16,True
OT,MIC,2,WLC,13,13,True
OT,MIC,3,WLC,12,12,True
OT,MIC,4,WLC,13,13,True
OT,MIC,5,WLC,15,15,True
OT,MIC,6,WLC,16,16,True
OT,MIC,7,WLC,20,20,True
OT,HAG,1,WLC,15,15,True
OT,HAG,2,WLC,23,23,True
OT,2SA,1,WLC,27,27,True
OT,2SA,2,WLC,32,32,True
OT,2SA,3,WLC,39,39,True
OT,2SA,4,WLC,12,12,True
OT,2SA,5,WLC,25,25,True
OT,2SA,6,WLC,23,23,True
OT,2SA,7,WLC,29,29,True
OT,2SA,8,WLC,18,18,True
OT,2SA,9,WLC,13,13,True
OT,2SA,10,WLC,19,19,True
OT,2SA,11,WLC,27,27,True
OT,2SA,12,WLC,31,31,True
OT,2SA,13,WLC,39,39,True
OT,2SA,14,WLC,33,33,True
OT,2SA,15,WLC,37,37,True
OT,2SA,16,WLC,23,23,True
OT,2SA,17,WLC,29,29,True
OT,2SA,18,WLC,33,33,True
OT,2SA,19,WLC,43,43,True
OT,2SA,20,WLC,26,26,True
OT,2SA,21,WLC,22,22,True
OT,2SA,22,WLC,51,51,True
OT,2SA,23,WLC,39,39,True
OT,2SA,24,WLC,25,25,True
OT,EST,1,WLC,22,22,True
OT,EST,2,WLC,23,23,True
OT,EST,3,WLC,15,15,True
OT,EST,4,WLC,17,17,True
OT,EST,5,WLC,14,14,True
OT,EST,6,WLC,14,14,True
OT,EST,7,WLC,10,10,True
OT,EST,8,WLC,17,17,True
OT,EST,9,WLC,32,32,True
OT,EST,10,WLC,3,3,True
OT,EZK,1,WLC,28,28,True
OT,EZK,2,WLC,10,10,True
OT,EZK,3,WLC,27,27,True
OT,EZK,4,WLC,17,17,True
OT,EZK,5,WLC,17,17,True
OT,EZK,6,WLC,14,14,True
OT,EZK,7,WLC,27,27,True
OT,EZK,8,WLC,18,18,True
OT,EZK,9,WLC,11,11,True
OT,EZK,10,WLC,22,22,True
OT,EZK,11,WLC,25,25,True
OT,EZK,12,WLC,28,28,True
OT,EZK,13,WLC,23,23,True
OT,EZK,14,WLC,23,23,True
OT,EZK,15,WLC,8,8,True
OT,EZK,16,WLC,63,63,True
OT,EZK,17,WLC,24,24,True
OT,EZK,18,WLC,32,32,True
OT,EZK,19,WLC,14,14,True
OT,EZK,20,WLC,49,49,True
OT,EZK,21,WLC,32,32,True
OT,EZK,22,WLC,31,31,True
OT,EZK,23,WLC,49,49,True
OT,EZK,24,WLC,27,27,True
OT,EZK,25,WLC,17,17,True
OT,EZK,26,WLC,21,21,True
OT,EZK,27,WLC,36,36,True
OT,EZK,28,WLC,26,26,True
OT,EZK,29,WLC,21,21,True
OT,EZK,30,WLC,26,26,True
OT,EZK,31,WLC,18,18,True
OT,EZK,32,WLC,32,32,True
OT,EZK,33,WLC,33,33,True
OT,EZK,34,WLC,31,31,True
OT,EZK,35,WLC,15,15,True
OT,EZK,36,WLC,38,38,True
OT,EZK,37,WLC,28,28,True
OT,EZK,38,WLC,23,23,True
OT,EZK,39,WLC,29,29,True
OT,EZK,40,WLC,49,49,True
OT,EZK,41,WLC,26,26,True
OT,EZK,42,WLC,20,20,True
OT,EZK,43,WLC,27,27,True
OT,EZK,44,WLC,31,31,True
OT,EZK,45,WLC,25,25,True
OT,EZK,46,WLC,24,24,True
OT,EZK,47,WLC,23,23,True
OT,EZK,48,WLC,35,35,True
OT,LEV,1,WLC,17,17,True
OT,LEV,2,WLC,16,16,True
OT,LEV,3,WLC,17,17,True
OT,LEV,4,WLC,35,35,True
OT,LEV,5,WLC,19,19,True
OT,LEV,6,WLC,30,30,True
OT,LEV,7,WLC,38,38,True
OT,LEV,8,WLC,36,36,True
OT,LEV,9,WLC,24,24,True
OT,LEV,10,WLC,20,20,True
OT,LEV,11,WLC,47,47,True
OT,LEV,12,WLC,8,8,True
OT,LEV,13,WLC,59,59,True
OT,LEV,14,WLC,57,56,False
OT,LEV,15,WLC,33,33,True
OT,LEV,16,WLC,34,34,True
OT,LEV,17,WLC,16,16,True
OT,LEV,18,WLC,30,30,True
OT,LEV,19,WLC,37,37,True
OT,LEV,20,WLC,27,27,True
OT,LEV,21,WLC,24,24,True
OT,LEV,22,WLC,33,33,True
OT,LEV,23,WLC,44,44,True
OT,LEV,24,WLC,23,23,True
OT,LEV,25,WLC,55,55,True
OT,LEV,26,WLC,46,46,True
OT,LEV,27,WLC,34,34,True
OT,EZR,1,WLC,11,11,True
OT,EZR,2,WLC,70,70,True
OT,EZR,3,WLC,13,13,True
OT,EZR,4,WLC,24,24,True
OT,EZR,5,WLC,17,17,True
OT,EZR,6,WLC,22,22,True
OT,EZR,7,WLC,28,28,True
OT,EZR,8,WLC,36,36,True
OT,EZR,9,WLC,15,15,True
OT,EZR,10,WLC,44,44,True
OT,MAL,1,WLC,14,14,True
OT,MAL,2,WLC,17,17,True
OT,MAL,3,WLC,18,18,True
OT,MAL,4,WLC,6,6,True
OT,SNG,1,WLC,17,16,False
OT,SNG,2,WLC,17,17,True
OT,SNG,3,WLC,11,11,True
OT,SNG,4,WLC,16,16,True
OT,SNG,5,WLC,16,16,True
OT,SNG,6,WLC,13,12,False
OT,SNG,7,WLC,13,14,False
OT,SNG,8,WLC,14,14,True
OT,JOB,1,WLC,22,22,True
OT,JOB,2,WLC,13,13,True
OT,JOB,3,WLC,26,26,True
OT,JOB,4,WLC,21,21,True
OT,JOB,5,WLC,27,27,True
OT,JOB,6,WLC,30,30,True
OT,JOB,7,WLC,21,21,True
OT,JOB,8,WLC,22,22,True
OT,JOB,9,WLC,35,35,True
OT,JOB,10,WLC,22,22,True
OT,JOB,11,WLC,20,20,True
OT,JOB,12,WLC,25,25,True
OT,JOB,13,WLC,28,28,True
OT,JOB,14,WLC,22,22,True
OT,JOB,15,WLC,35,35,True
OT,JOB,16,WLC,22,22,True
OT,JOB,17,WLC,16,16,True
OT,JOB,18,WLC,21,21,True
OT,JOB,19,WLC,29,29,True
OT,JOB,20,WLC,29,29,True
OT,JOB,21,WLC,34,34,True
OT,JOB,22,WLC,30,30,True
OT,JOB,23,WLC,17,17,True
OT,JOB,24,WLC,25,25,True
OT,JOB,25,WLC,6,6,True
OT,JOB,26,WLC,14,14,True
OT,JOB,27,WLC,23,23,True
OT,JOB,28,WLC,28,28,True
OT,JOB,29,WLC,25,25,True
OT,JOB,30,WLC,31,31,True
OT,JOB,31,WLC,40,40,True
OT,JOB,32,WLC,22,22,True
OT,JOB,33,WLC,33,33,True
OT,JOB,34,WLC,37,37,True
OT,JOB,35,WLC,16,16,True
OT,JOB,36,WLC,33,33,True
OT,JOB,37,WLC,24,24,True
OT,JOB,38,WLC,41,41,True
OT,JOB,39,WLC,30,35,False
OT,JOB,40,WLC,24,27,False
OT,JOB,41,WLC,34,26,False
OT,JOB,42,WLC,17,17,True
OT,NAM,1,WLC,15,15,True
OT,NAM,2,WLC,13,13,True
OT,NAM,3,WLC,19,19,True
OT,PSA,1,WLC,6,6,True
OT,PSA,2,WLC,12,12,True
OT,PSA,3,WLC,8,9,False
OT,PSA,4,WLC,8,9,False
OT,PSA,5,WLC,12,13,False
OT,PSA,6,WLC,10,11,False
OT,PSA,7,WLC,17,18,False
OT,PSA,8,WLC,9,10,False
OT,PSA,9,WLC,20,39,False
OT,PSA,10,WLC,18,7,False
OT,PSA,11,WLC,7,9,False
OT,PSA,12,WLC,8,6,False
OT,PSA,13,WLC,6,7,False
OT,PSA,14,WLC,7,5,False
OT,PSA,15,WLC,5,11,False
OT,PSA,16,WLC,11,15,False
OT,PSA,17,WLC,15,51,False
OT,PSA,18,WLC,50,15,False
OT,PSA,19,WLC,14,10,False
OT,PSA,20,WLC,9,14,False
OT,PSA,21,WLC,13,32,False
OT,PSA,22,WLC,31,6,False
OT,PSA,23,WLC,6,10,False
OT,PSA,24,WLC,10,22,False
OT,PSA,25,WLC,22,12,False
OT,PSA,26,WLC,12,14,False
OT,PSA,27,WLC,14,9,False
OT,PSA,28,WLC,9,11,False
OT,PSA,29,WLC,11,13,False
OT,PSA,30,WLC,12,25,False
OT,PSA,31,WLC,24,11,False
OT,PSA,32,WLC,11,22,False
OT,PSA,33,WLC,22,23,False
OT,PSA,34,WLC,22,28,False
OT,PSA,35,WLC,28,13,False
OT,PSA,36,WLC,12,40,False
OT,PSA,37,WLC,40,23,False
OT,PSA,38,WLC,22,14,False
OT,PSA,39,WLC,13,18,False
OT,PSA,40,WLC,17,14,False
OT,PSA,41,WLC,13,12,False
OT,PSA,42,WLC,11,5,False
OT,PSA,43,WLC,5,27,False
OT,PSA,44,WLC,26,18,False
OT,PSA,45,WLC,17,12,False
OT,PSA,46,WLC,11,10,False
OT,PSA,47,WLC,9,15,False
OT,PSA,48,WLC,14,21,False
OT,PSA,49,WLC,20,23,False
OT,PSA,50,WLC,23,21,False
OT,PSA,51,WLC,19,11,False
OT,PSA,52,WLC,9,7,False
OT,PSA,53,WLC,6,9,False
OT,PSA,54,WLC,7,24,False
OT,PSA,55,WLC,23,14,False
OT,PSA,56,WLC,13,12,False
OT,PSA,57,WLC,11,12,False
OT,PSA,58,WLC,11,18,False
OT,PSA,59,WLC,17,14,False
OT,PSA,60,WLC,12,9,False
OT,PSA,61,WLC,8,13,False
OT,PSA,62,WLC,12,12,True
OT,PSA,63,WLC,11,11,True
OT,PSA,64,WLC,10,14,False
OT,PSA,65,WLC,13,20,False
OT,PSA,66,WLC,20,8,False
OT,PSA,67,WLC,7,36,False
OT,PSA,68,WLC,35,37,False
OT,PSA,69,WLC,36,6,False
OT,PSA,70,WLC,5,24,False
OT,PSA,71,WLC,24,20,False
OT,PSA,72,WLC,20,28,False
OT,PSA,73,WLC,28,23,False
OT,PSA,74,WLC,23,11,False
OT,PSA,75,WLC,10,13,False
OT,PSA,76,WLC,12,21,False
OT,PSA,77,WLC,20,72,False
OT,PSA,78,WLC,72,13,False
OT,PSA,79,WLC,13,20,False
OT,PSA,80,WLC,19,17,False
OT,PSA,81,WLC,16,8,False
OT,PSA,82,WLC,8,19,False
OT,PSA,83,WLC,18,13,False
OT,PSA,84,WLC,12,14,False
OT,PSA,85,WLC,13,17,False
OT,PSA,86,WLC,17,7,False
OT,PSA,87,WLC,7,19,False
OT,PSA,88,WLC,18,53,False
OT,PSA,89,WLC,52,17,False
OT,PSA,90,WLC,17,16,False
OT,PSA,91,WLC,16,16,True
OT,PSA,92,WLC,15,5,False
OT,PSA,93,WLC,5,23,False
OT,PSA,94,WLC,23,11,False
OT,PSA,95,WLC,11,13,False
OT,PSA,96,WLC,13,12,False
OT,PSA,97,WLC,12,9,False
OT,PSA,98,WLC,9,9,True
OT,PSA,99,WLC,9,5,False
OT,PSA,100,WLC,5,8,False
OT,PSA,101,WLC,8,29,False
OT,PSA,102,WLC,28,22,False
OT,PSA,103,WLC,22,35,False
OT,PSA,104,WLC,35,45,False
OT,PSA,105,WLC,45,48,False
OT,PSA,106,WLC,48,43,False
OT,PSA,107,WLC,43,14,False
OT,PSA,108,WLC,13,31,False
OT,PSA,109,WLC,31,7,False
OT,PSA,110,WLC,7,10,False
OT,PSA,111,WLC,10,10,True
OT,PSA,112,WLC,10,9,False
OT,PSA,113,WLC,9,26,False
OT,PSA,114,WLC,8,9,False
OT,PSA,115,WLC,18,10,False
OT,PSA,116,WLC,19,2,False
OT,PSA,117,WLC,2,29,False
OT,PSA,118,WLC,29,176,False
OT,PSA,119,WLC,176,7,False
OT,PSA,120,WLC,7,8,False
OT,PSA,121,WLC,8,9,False
OT,PSA,122,WLC,9,4,False
OT,PSA,123,WLC,4,8,False
OT,PSA,124,WLC,8,5,False
OT,PSA,125,WLC,5,6,False
OT,PSA,126,WLC,6,5,False
OT,PSA,127,WLC,5,6,False
OT,PSA,128,WLC,6,8,False
OT,PSA,129,WLC,8,8,True
OT,PSA,130,WLC,8,3,False
OT,PSA,131,WLC,3,18,False
OT,PSA,132,WLC,18,3,False
OT,PSA,133,WLC,3,3,True
OT,PSA,134,WLC,3,21,False
OT,PSA,135,WLC,21,26,False
OT,PSA,136,WLC,26,9,False
OT,PSA,137,WLC,9,8,False
OT,PSA,138,WLC,8,24,False
OT,PSA,139,WLC,24,14,False
OT,PSA,140,WLC,13,10,False
OT,PSA,141,WLC,10,7,False
OT,PSA,142,WLC,7,12,False
OT,PSA,143,WLC,12,15,False
OT,PSA,144,WLC,15,21,False
OT,PSA,145,WLC,21,10,False
OT,PSA,146,WLC,10,11,False
OT,PSA,147,WLC,20,9,False
OT,PSA,148,WLC,14,14,True
OT,PSA,149,WLC,9,9,True
OT,PSA,150,WLC,6,6,True
OT,PRO,1,WLC,33,33,True
OT,PRO,2,WLC,22,22,True
OT,PRO,3,WLC,35,35,True
OT,PRO,4,WLC,27,29,False
OT,PRO,5,WLC,23,23,True
OT,PRO,6,WLC,35,35,True
OT,PRO,7,WLC,27,27,True
OT,PRO,8,WLC,36,36,True
OT,PRO,9,WLC,18,18,True
OT,PRO,10,WLC,32,32,True
OT,PRO,11,WLC,31,31,True
OT,PRO,12,WLC,28,28,True
OT,PRO,13,WLC,25,26,False
OT,PRO,14,WLC,35,35,True
OT,PRO,15,WLC,33,33,True
OT,PRO,16,WLC,33,33,True
OT,PRO,17,WLC,28,28,True
OT,PRO,18,WLC,24,24,True
OT,PRO,19,WLC,29,29,True
OT,PRO,20,WLC,30,30,True
OT,PRO,21,WLC,31,31,True
OT,PRO,22,WLC,29,29,True
OT,PRO,23,WLC,35,35,True
OT,PRO,24,WLC,34,34,True
OT,PRO,25,WLC,28,28,True
OT,PRO,26,WLC,28,28,True
OT,PRO,27,WLC,27,27,True
OT,PRO,28,WLC,28,28,True
OT,PRO,29,WLC,27,27,True
OT,PRO,30,WLC,33,33,True
OT,PRO,31,WLC,31,31,True
OT,RUT,1,WLC,22,22,True
OT,RUT,2,WLC,23,23,True
OT,RUT,3,WLC,18,18,True
OT,RUT,4,WLC,22,22,True
OT,AMO,1,WLC,15,15,True
OT,AMO,2,WLC,16,16,True
OT,AMO,3,WLC,15,15,True
OT,AMO,4,WLC,13,13,True
OT,AMO,5,WLC,27,27,True
OT,AMO,6,WLC,14,14,True
OT,AMO,7,WLC,17,17,True
OT,AMO,8,WLC,14,14,True
OT,AMO,9,WLC,15,15,True
OT,1KI,1,WLC,53,53,True
OT,1KI,2,WLC,46,46,True
OT,1KI,3,WLC,28,28,True
OT,1KI,4,WLC,34,34,True
OT,1KI,5,WLC,18,18,True
OT,1KI,6,WLC,38,38,True
OT,1KI,7,WLC,51,51,True
OT,1KI,8,WLC,66,66,True
OT,1KI,9,WLC,28,28,True
OT,1KI,10,WLC,29,29,True
OT,1KI,11,WLC,43,43,True
OT,1KI,12,WLC,33,33,True
OT,1KI,13,WLC,34,34,True
OT,1KI,14,WLC,31,31,True
OT,1KI,15,WLC,34,34,True
OT,1KI,16,WLC,34,34,True
OT,1KI,17,WLC,24,24,True
OT,1KI,18,WLC,46,46,True
OT,1KI,19,WLC,21,21,True
OT,1KI,20,WLC,43,43,True
OT,1KI,21,WLC,29,29,True
OT,1KI,22,WLC,53,53,True
OT,JER,1,WLC,19,19,True
OT,JER,2,WLC,37,37,True
OT,JER,3,WLC,25,25,True
OT,JER,4,WLC,31,31,True
OT,JER,5,WLC,31,31,True
OT,JER,6,WLC,30,30,True
OT,JER,7,WLC,34,34,True
OT,JER,8,WLC,22,22,True
OT,JER,9,WLC,26,26,True
OT,JER,10,WLC,25,25,True
OT,JER,11,WLC,23,23,True
OT,JER,12,WLC,17,17,True
OT,JER,13,WLC,27,27,True
OT,JER,14,WLC,22,22,True
OT,JER,15,WLC,21,21,True
OT,JER,16,WLC,21,21,True
OT,JER,17,WLC,27,27,True
OT,JER,18,WLC,23,23,True
OT,JER,19,WLC,15,15,True
OT,JER,20,WLC,18,18,True
OT,JER,21,WLC,14,14,True
OT,JER,22,WLC,30,30,True
OT,JER,23,WLC,40,40,True
OT,JER,24,WLC,10,10,True
OT,JER,25,WLC,38,38,True
OT,JER,26,WLC,24,24,True
OT,JER,27,WLC,22,22,True
OT,JER,28,WLC,17,17,True
OT,JER,29,WLC,32,32,True
OT,JER,30,WLC,24,24,True
OT,JER,31,WLC,40,40,True
OT,JER,32,WLC,44,44,True
OT,JER,33,WLC,26,26,True
OT,JER,34,WLC,22,22,True
OT,JER,35,WLC,19,19,True
OT,JER,36,WLC,32,32,True
OT,JER,37,WLC,21,21,True
OT,JER,38,WLC,28,28,True
OT,JER,39,WLC,18,18,True
OT,JER,40,WLC,16,16,True
OT,JER,41,WLC,18,18,True
OT,JER,42,WLC,22,22,True
OT,JER,43,WLC,13,13,True
OT,JER,44,WLC,30,30,True
OT,JER,45,WLC,5,5,True
OT,JER,46,WLC,28,28,True
OT,JER,47,WLC,7,7,True
OT,JER,48,WLC,47,47,True
OT,JER,49,WLC,39,39,True
OT,JER,50,WLC,46,46,True
OT,JER,51,WLC,64,64,True
OT,JER,52,WLC,34,34,True
OT,JON,1,WLC,17,16,False
OT,JON,2,WLC,10,11,False
OT,JON,3,WLC,10,10,True
OT,JON,4,WLC,11,11,True
OT,NEH,1,WLC,11,11,True
OT,NEH,2,WLC,20,20,True
OT,NEH,3,WLC,32,32,True
OT,NEH,4,WLC,23,23,True
OT,NEH,5,WLC,19,19,True
OT,NEH,6,WLC,19,19,True
OT,NEH,7,WLC,73,73,True
OT,NEH,8,WLC,18,18,True
OT,NEH,9,WLC,38,38,True
OT,NEH,10,WLC,39,39,True
OT,NEH,11,WLC,36,36,True
OT,NEH,12,WLC,47,47,True
OT,NEH,13,WLC,31,31,True
OT,JOL,1,WLC,20,20,True
OT,JOL,2,WLC,32,32,True
OT,JOL,3,WLC,21,21,True
OT,JDG,1,WLC,36,36,True
OT,JDG,2,WLC,23,23,True
OT,JDG,3,WLC,31,31,True
OT,JDG,4,WLC,24,24,True
OT,JDG,5,WLC,31,31,True
OT,JDG,6,WLC,40,40,True
OT,JDG,7,WLC,25,25,True
OT,JDG,8,WLC,35,35,True
OT,JDG,9,WLC,57,57,True
OT,JDG,10,WLC,18,18,True
OT,JDG,11,WLC,40,40,True
OT,JDG,12,WLC,15,15,True
OT,JDG,13,WLC,25,25,True
OT,JDG,14,WLC,20,20,True
OT,JDG,15,WLC,20,20,True
OT,JDG,16,WLC,31,31,True
OT,JDG,17,WLC,13,13,True
OT,JDG,18,WLC,31,31,True
OT,JDG,19,WLC,30,30,True
OT,JDG,20,WLC,48,48,True
OT,JDG,21,WLC,25,25,True
OT,1SA,1,WLC,28,28,True
OT,1SA,2,WLC,36,36,True
OT,1SA,3,WLC,21,21,True
OT,1SA,4,WLC,22,22,True
OT,1SA,5,WLC,12,12,True
OT,1SA,6,WLC,21,21,True
OT,1SA,7,WLC,17,17,True
OT,1SA,8,WLC,22,22,True
OT,1SA,9,WLC,27,27,True
OT,1SA,10,WLC,27,27,True
OT,1SA,11,WLC,15,15,True
OT,1SA,12,WLC,25,25,True
OT,1SA,13,WLC,23,23,True
OT,1SA,14,WLC,52,52,True
OT,1SA,15,WLC,35,35,True
OT,1SA,16,WLC,23,23,True
OT,1SA,17,WLC,58,58,True
OT,1SA,18,WLC,30,30,True
OT,1SA,19,WLC,24,24,True
OT,1SA,20,WLC,42,43,False
OT,1SA,21,WLC,15,15,True
OT,1SA,22,WLC,23,23,True
OT,1SA,23,WLC,29,28,False
OT,1SA,24,WLC,22,23,False
OT,1SA,25,WLC,44,44,True
OT,1SA,26,WLC,25,25,True
OT,1SA,27,WLC,12,12,True
OT,1SA,28,WLC,25,25,True
OT,1SA,29,WLC,11,11,True
OT,1SA,30,WLC,31,31,True
OT,1SA,31,WLC,13,13,True
OT,DEU,1,WLC,46,46,True
OT,DEU,2,WLC,37,37,True
OT,DEU,3,WLC,29,29,True
OT,DEU,4,WLC,49,49,True
OT,DEU,5,WLC,33,33,True
OT,DEU,6,WLC,25,25,True
OT,DEU,7,WLC,26,26,True
OT,DEU,8,WLC,20,20,True
OT,DEU,9,WLC,29,29,True
OT,DEU,10,WLC,22,22,True
OT,DEU,11,WLC,32,32,True
OT,DEU,12,WLC,32,32,True
OT,DEU,13,WLC,18,18,True
OT,DEU,14,WLC,29,29,True
OT,DEU,15,WLC,23,23,True
OT,DEU,16,WLC,22,22,True
OT,DEU,17,WLC,20,20,True
OT,DEU,18,WLC,22,22,True
OT,DEU,19,WLC,21,21,True
OT,DEU,20,WLC,20,20,True
OT,DEU,21,WLC,23,23,True
OT,DEU,22,WLC,30,30,True
OT,DEU,23,WLC,25,25,True
OT,DEU,24,WLC,22,22,True
OT,DEU,25,WLC,19,19,True
OT,DEU,26,WLC,19,19,True
OT,DEU,27,WLC,26,26,True
OT,DEU,28,WLC,68,68,True
OT,DEU,29,WLC,29,29,True
OT,DEU,30,WLC,20,20,True
OT,DEU,31,WLC,30,30,True
OT,DEU,32,WLC,52,52,True
OT,DEU,33,WLC,29,29,True
OT,DEU,34,WLC,12,12,True
OT,ISA,1,WLC,31,31,True
OT,ISA,2,WLC,22,22,True
OT,ISA,3,WLC,26,25,False
OT,ISA,4,WLC,6,6,True
OT,ISA,5,WLC,30,30,True
OT,ISA,6,WLC,13,13,True
OT,ISA,7,WLC,25,25,True
OT,ISA,8,WLC,22,22,True
OT,ISA,9,WLC,21,21,True
OT,ISA,10,WLC,34,34,True
OT,ISA,11,WLC,16,16,True
OT,ISA,12,WLC,6,6,True
OT,ISA,13,WLC,22,22,True
OT,ISA,14,WLC,32,32,True
OT,ISA,15,WLC,9,9,True
OT,ISA,16,WLC,14,14,True
OT,ISA,17,WLC,14,14,True
OT,ISA,18,WLC,7,7,True
OT,ISA,19,WLC,25,25,True
OT,ISA,20,WLC,6,6,True
OT,ISA,21,WLC,17,17,True
OT,ISA,22,WLC,25,25,True
OT,ISA,23,WLC,18,18,True
OT,ISA,24,WLC,23,23,True
OT,ISA,25,WLC,12,12,True
OT,ISA,26,WLC,21,21,True
OT,ISA,27,WLC,13,13,True
OT,ISA,28,WLC,29,29,True
OT,ISA,29,WLC,24,24,True
OT,ISA,30,WLC,33,33,True
OT,ISA,31,WLC,9,9,True
OT,ISA,32,WLC,20,20,True
OT,ISA,33,WLC,24,24,True
OT,ISA,34,WLC,17,17,True
OT,ISA,35,WLC,10,10,True
OT,ISA,36,WLC,22,22,True
OT,ISA,37,WLC,38,38,True
OT,ISA,38,WLC,22,22,True
OT,ISA,39,WLC,8,8,True
OT,ISA,40,WLC,31,31,True
OT,ISA,41,WLC,29,29,True
OT,ISA,42,WLC,25,25,True
OT,ISA,43,WLC,28,28,True
OT,ISA,44,WLC,28,28,True
OT,ISA,45,WLC,25,25,True
OT,ISA,46,WLC,13,13,True
OT,ISA,47,WLC,15,15,True
OT,ISA,48,WLC,22,22,True
OT,ISA,49,WLC,26,26,True
OT,ISA,50,WLC,11,11,True
OT,ISA,51,WLC,23,23,True
OT,ISA,52,WLC,15,15,True
OT,ISA,53,WLC,12,12,True
OT,ISA,54,WLC,17,17,True
OT,ISA,55,WLC,13,13,True
OT,ISA,56,WLC,12,12,True
OT,ISA,57,WLC,21,21,True
OT,ISA,58,WLC,14,14,True
OT,ISA,59,WLC,21,21,True
OT,ISA,60,WLC,22,22,True
OT,ISA,61,WLC,11,11,True
OT,ISA,62,WLC,12,12,True
OT,ISA,63,WLC,19,19,True
OT,ISA,64,WLC,12,12,True
OT,ISA,65,WLC,25,25,True
OT,ISA,66,WLC,24,24,True
OT,JOS,1,WLC,18,18,True
OT,JOS,2,WLC,24,24,True
OT,JOS,3,WLC,17,17,True
OT,JOS,4,WLC,24,24,True
OT,JOS,5,WLC,15,16,False
OT,JOS,6,WLC,27,26,False
OT,JOS,7,WLC,26,26,True
OT,JOS,8,WLC,35,35,True
OT,JOS,9,WLC,27,27,True
OT,JOS,10,WLC,43,43,True
OT,JOS,11,WLC,23,23,True
OT,JOS,12,WLC,24,24,True
OT,JOS,13,WLC,33,33,True
OT,JOS,14,WLC,15,15,True
OT,JOS,15,WLC,63,63,True
OT,JOS,16,WLC,10,10,True
OT,JOS,17,WLC,18,18,True
OT,JOS,18,WLC,28,28,True
OT,JOS,19,WLC,51,51,True
OT,JOS,20,WLC,9,9,True
OT,JOS,21,WLC,45,45,True
OT,JOS,22,WLC,34,34,True
OT,JOS,23,WLC,16,16,True
OT,JOS,24,WLC,33,36,False
OT,2KI,1,WLC,18,18,True
OT,2KI,2,WLC,25,25,True
OT,2KI,3,WLC,27,27,True
OT,2KI,4,WLC,44,44,True
OT,2KI,5,WLC,27,27,True
OT,2KI,6,WLC,33,33,True
OT,2KI,7,WLC,20,20,True
OT,2KI,8,WLC,29,29,True
OT,2KI,9,WLC,37,37,True
OT,2KI,10,WLC,36,36,True
OT,2KI,11,WLC,21,21,True
OT,2KI,12,WLC,21,21,True
OT,2KI,13,WLC,25,25,True
OT,2KI,14,WLC,29,29,True
OT,2KI,15,WLC,38,38,True
OT,2KI,16,WLC,20,20,True
OT,2KI,17,WLC,41,41,True
OT,2KI,18,WLC,37,37,True
OT,2KI,19,WLC,37,37,True
OT,2KI,20,WLC,21,21,True
OT,2KI,21,WLC,26,26,True
OT,2KI,22,WLC,20,20,True
OT,2KI,23,WLC,37,37,True
OT,2KI,24,WLC,20,20,True
OT,2KI,25,WLC,30,30,True
OT,ZEP,1,WLC,18,18,True
OT,ZEP,2,WLC,15,15,True
OT,ZEP,3,WLC,20,20,True
OT,1CH,1,WLC,54,54,True
OT,1CH,2,WLC,55,55,True
OT,1CH,3,WLC,24,24,True
OT,1CH,4,WLC,43,43,True
OT,1CH,5,WLC,26,26,True
OT,1CH,6,WLC,81,81,True
OT,1CH,7,WLC,40,40,True
OT,1CH,8,WLC,40,40,True
OT,1CH,9,WLC,44,44,True
OT,1CH,10,WLC,14,14,True
OT,1CH,11,WLC,47,47,True
OT,1CH,12,WLC,40,40,True
OT,1CH,13,WLC,14,14,True
OT,1CH,14,WLC,17,17,True
OT,1CH,15,WLC,29,29,True
OT,1CH,16,WLC,43,43,True
OT,1CH,17,WLC,27,27,True
OT,1CH,18,WLC,17,17,True
OT,1CH,19,WLC,19,19,True
OT,1CH,20,WLC,8,8,True
OT,1CH,21,WLC,30,30,True
OT,1CH,22,WLC,19,19,True
OT,1CH,23,WLC,32,32,True
OT,1CH,24,WLC,31,31,True
OT,1CH,25,WLC,31,31,True
OT,1CH,26,WLC,32,32,True
OT,1CH,27,WLC,34,34,True
OT,1CH,28,WLC,21,21,True
OT,1CH,29,WLC,30,30,True
OT,EXO,1,WLC,22,22,True
OT,EXO,2,WLC,25,25,True
OT,EXO,3,WLC,22,22,True
OT,EXO,4,WLC,31,31,True
OT,EXO,5,WLC,23,23,True
OT,EXO,6,WLC,30,30,True
OT,EXO,7,WLC,25,25,True
OT,EXO,8,WLC,32,32,True
OT,EXO,9,WLC,35,35,True
OT,EXO,10,WLC,29,29,True
OT,EXO,11,WLC,10,10,True
OT,EXO,12,WLC,51,51,True
OT,EXO,13,WLC,22,22,True
OT,EXO,14,WLC,31,31,True
OT,EXO,15,WLC,27,27,True
OT,EXO,16,WLC,36,36,True
OT,EXO,17,WLC,16,16,True
OT,EXO,18,WLC,27,27,True
OT,EXO,19,WLC,25,25,True
OT,EXO,20,WLC,26,26,True
OT,EXO,21,WLC,36,36,True
OT,EXO,22,WLC,31,31,True
OT,EXO,23,WLC,33,33,True
OT,EXO,24,WLC,18,18,True
OT,EXO,25,WLC,40,40,True
OT,EXO,26,WLC,37,37,True
OT,EXO,27,WLC,21,21,True
OT,EXO,28,WLC,43,43,True
OT,EXO,29,WLC,46,46,True
OT,EXO,30,WLC,38,38,True
OT,EXO,31,WLC,18,18,True
OT,EXO,32,WLC,35,35,True
OT,EXO,33,WLC,23,23,True
OT,EXO,34,WLC,35,35,True
OT,EXO,35,WLC,35,35,True
OT,EXO,36,WLC,38,38,True
OT,EXO,37,WLC,29,29,True
OT,EXO,38,WLC,31,31,True
OT,EXO,39,WLC,43,43,True
OT,EXO,40,WLC,38,38,True
OT,OBA,1,WLC,21,21,True
NT,COL,1,TR1550,29,29,True
NT,COL,2,TR1550,23,23,True
NT,COL,3,TR1550,25,25,True
NT,COL,4,TR1550,18,18,True
NT,1JN,1,TR1550,10,10,True
NT,1JN,2,TR1550,29,29,True
NT,1JN,3,TR1550,24,24,True
NT,1JN,4,TR1550,21,21,True
NT,1JN,5,TR1550,21,21,True
NT,LUK,1,TR1550,80,80,True
NT,LUK,2,TR1550,52,52,True
NT,LUK,3,TR1550,38,38,True
NT,LUK,4,TR1550,44,44,True
NT,LUK,5,TR1550,39,39,True
NT,LUK,6,TR1550,49,49,True
NT,LUK,7,TR1550,50,50,True
NT,LUK,8,TR1550,56,56,True
NT,LUK,9,TR1550,62,62,True
NT,LUK,10,TR1550,42,42,True
NT,LUK,11,TR1550,54,54,True
NT,LUK,12,TR1550,59,59,True
NT,LUK,13,TR1550,35,35,True
NT,LUK,14,TR1550,35,35,True
NT,LUK,15,TR1550,32,32,True
NT,LUK,16,TR1550,31,31,True
NT,LUK,17,TR1550,37,37,True
NT,LUK,18,TR1550,43,43,True
NT,LUK,19,TR1550,48,48,True
NT,LUK,20,TR1550,47,47,True
NT,LUK,21,TR1550,38,38,True
NT,LUK,22,TR1550,71,71,True
NT,LUK,23,TR1550,56,56,True
NT,LUK,24,TR1550,53,53,True
NT,PHP,1,TR1550,30,30,True
NT,PHP,2,TR1550,30,30,True
NT,PHP,3,TR1550,21,21,True
NT,PHP,4,TR1550,23,23,True
NT,2CO,1,TR1550,24,24,True
NT,2CO,2,TR1550,17,17,True
NT,2CO,3,TR1550,18,18,True
NT,2CO,4,TR1550,18,18,True
NT,2CO,5,TR1550,21,21,True
NT,2CO,6,TR1550,18,18,True
NT,2CO,7,TR1550,16,16,True
NT,2CO,8,TR1550,24,24,True
NT,2CO,9,TR1550,15,15,True
NT,2CO,10,TR1550,18,18,True
NT,2CO,11,TR1550,33,32,False
NT,2CO,12,TR1550,21,21,True
NT,2CO,13,TR1550,14,13,False
NT,EPH,1,TR1550,23,23,True
NT,EPH,2,TR1550,22,22,True
NT,EPH,3,TR1550,21,21,True
NT,EPH,4,TR1550,32,32,True
NT,EPH,5,TR1550,33,33,True
NT,EPH,6,TR1550,24,24,True
NT,1PE,1,TR1550,25,25,True
NT,1PE,2,TR1550,25,25,True
NT,1PE,3,TR1550,22,22,True
NT,1PE,4,TR1550,19,19,True
NT,1PE,5,TR1550,14,14,True
NT,MAT,1,TR1550,25,25,True
NT,MAT,2,TR1550,23,23,True
NT,MAT,3,TR1550,17,17,True
NT,MAT,4,TR1550,25,25,True
NT,MAT,5,TR1550,48,48,True
NT,MAT,6,TR1550,34,34,True
NT,MAT,7,TR1550,29,29,True
NT,MAT,8,TR1550,34,34,True
NT,MAT,9,TR1550,38,38,True
NT,MAT,10,TR1550,42,42,True
NT,MAT,11,TR1550,30,30,True
NT,MAT,12,TR1550,50,50,True
NT,MAT,13,TR1550,58,58,True
NT,MAT,14,TR1550,36,36,True
NT,MAT,15,TR1550,39,39,True
NT,MAT,16,TR1550,28,28,True
NT,MAT,17,TR1550,27,27,True
NT,MAT,18,TR1550,35,35,True
NT,MAT,19,TR1550,30,30,True
NT,MAT,20,TR1550,34,34,True
NT,MAT,21,TR1550,46,46,True
NT,MAT,22,TR1550,46,46,True
NT,MAT,23,TR1550,39,39,True
NT,MAT,24,TR1550,51,51,True
NT,MAT,25,TR1550,46,46,True
NT,MAT,26,TR1550,75,75,True
NT,MAT,27,TR1550,66,66,True
NT,MAT,28,TR1550,20,20,True
NT,REV,1,TR1550,20,20,True
NT,REV,2,TR1550,29,29,True
NT,REV,3,TR1550,22,22,True
NT,REV,4,TR1550,11,11,True
NT,REV,5,TR1550,14,14,True
NT,REV,6,TR1550,17,17,True
NT,REV,7,TR1550,17,17,True
NT,REV,8,TR1550,13,13,True
NT,REV,9,TR1550,21,21,True
NT,REV,10,TR1550,11,11,True
NT,REV,11,TR1550,19,19,True
NT,REV,12,TR1550,17,17,True
NT,REV,13,TR1550,18,18,True
NT,REV,14,TR1550,20,20,True
NT,REV,15,TR1550,8,8,True
NT,REV,16,TR1550,21,21,True
NT,REV,17,TR1550,18,18,True
NT,REV,18,TR1550,24,24,True
NT,REV,19,TR1550,21,21,True
NT,REV,20,TR1550,15,15,True
NT,REV,21,TR1550,27,27,True
NT,REV,22,TR1550,21,21,True
NT,TIT,1,TR1550,16,16,True
NT,TIT,2,TR1550,15,15,True
NT,TIT,3,TR1550,15,15,True
NT,MRK,1,TR1550,45,45,True
NT,MRK,2,TR1550,28,28,True
NT,MRK,3,TR1550,35,35,True
NT,MRK,4,TR1550,41,41,True
NT,MRK,5,TR1550,43,43,True
NT,MRK,6,TR1550,56,56,True
NT,MRK,7,TR1550,37,37,True
NT,MRK,8,TR1550,38,38,True
NT,MRK,9,TR1550,50,50,True
NT,MRK,10,TR1550,52,52,True
NT,MRK,11,TR1550,33,33,True
NT,MRK,12,TR1550,44,44,True
NT,MRK,13,TR1550,37,37,True
NT,MRK,14,TR1550,72,72,True
NT,MRK,15,TR1550,47,47,True
NT,MRK,16,TR1550,20,20,True
NT,1TI,1,TR1550,20,20,True
NT,1TI,2,TR1550,15,15,True
NT,1TI,3,TR1550,16,16,True
NT,1TI,4,TR1550,16,16,True
NT,1TI,5,TR1550,25,25,True
NT,1TI,6,TR1550,21,21,True
NT,2TH,1,TR1550,12,12,True
NT,2TH,2,TR1550,17,17,True
NT,2TH,3,TR1550,18,18,True
NT,ROM,1,TR1550,32,32,True
NT,ROM,2,TR1550,29,29,True
NT,ROM,3,TR1550,31,31,True
NT,ROM,4,TR1550,25,25,True
NT,ROM,5,TR1550,21,21,True
NT,ROM,6,TR1550,23,23,True
NT,ROM,7,TR1550,25,25,True
NT,ROM,8,TR1550,39,39,True
NT,ROM,9,TR1550,33,33,True
NT,ROM,10,TR1550,21,21,True
NT,ROM,11,TR1550,36,36,True
NT,ROM,12,TR1550,21,21,True
NT,ROM,13,TR1550,14,14,True
NT,ROM,14,TR1550,23,26,False
NT,ROM,15,TR1550,33,33,True
NT,ROM,16,TR1550,27,24,False
NT,2TI,1,TR1550,18,18,True
NT,2TI,2,TR1550,26,26,True
NT,2TI,3,TR1550,17,17,True
NT,2TI,4,TR1550,22,22,True
NT,JUD,1,TR1550,25,25,True
NT,PHM,1,TR1550,25,25,True
NT,2JN,1,TR1550,13,13,True
NT,GAL,1,TR1550,24,24,True
NT,GAL,2,TR1550,21,21,True
NT,GAL,3,TR1550,29,29,True
NT,GAL,4,TR1550,31,31,True
NT,GAL,5,TR1550,26,26,True
NT,GAL,6,TR1550,18,18,True
NT,ACT,1,TR1550,26,26,True
NT,ACT,2,TR1550,47,47,True
NT,ACT,3,TR1550,26,26,True
NT,ACT,4,TR1550,37,37,True
NT,ACT,5,TR1550,42,42,True
NT,ACT,6,TR1550,15,15,True
NT,ACT,7,TR1550,60,60,True
NT,ACT,8,TR1550,40,40,True
NT,ACT,9,TR1550,43,43,True
NT,ACT,10,TR1550,48,48,True
NT,ACT,11,TR1550,30,30,True
NT,ACT,12,TR1550,25,25,True
NT,ACT,13,TR1550,52,52,True
NT,ACT,14,TR1550,28,28,True
NT,ACT,15,TR1550,41,41,True
NT,ACT,16,TR1550,40,40,True
NT,ACT,17,TR1550,34,34,True
NT,ACT,18,TR1550,28,28,True
NT,ACT,19,TR1550,41,40,False
NT,ACT,20,TR1550,38,38,True
NT,ACT,21,TR1550,40,40,True
NT,ACT,22,TR1550,30,30,True
NT,ACT,23,TR1550,35,35,True
NT,ACT,24,TR1550,27,27,True
NT,ACT,25,TR1550,27,27,True
NT,ACT,26,TR1550,32,32,True
NT,ACT,27,TR1550,44,44,True
NT,ACT,28,TR1550,31,31,True
NT,1CO,1,TR1550,31,31,True
NT,1CO,2,TR1550,16,16,True
NT,1CO,3,TR1550,23,23,True
NT,1CO,4,TR1550,21,21,True
NT,1CO,5,TR1550,13,13,True
NT,1CO,6,TR1550,20,20,True
NT,1CO,7,TR1550,40,40,True
NT,1CO,8,TR1550,13,13,True
NT,1CO,9,TR1550,27,27,True
NT,1CO,10,TR1550,33,33,True
NT,1CO,11,TR1550,34,34,True
NT,1CO,12,TR1550,31,31,True
NT,1CO,13,TR1550,13,13,True
NT,1CO,14,TR1550,40,40,True
NT,1CO,15,TR1550,58,58,True
NT,1CO,16,TR1550,24,24,True
NT,JAS,1,TR1550,27,27,True
NT,JAS,2,TR1550,26,26,True
NT,JAS,3,TR1550,18,18,True
NT,JAS,4,TR1550,17,17,True
NT,JAS,5,TR1550,20,20,True
NT,JHN,1,TR1550,51,51,True
NT,JHN,2,TR1550,25,25,True
NT,JHN,3,TR1550,36,36,True
NT,JHN,4,TR1550,54,54,True
NT,JHN,5,TR1550,47,47,True
NT,JHN,6,TR1550,71,71,True
NT,JHN,7,TR1550,53,53,True
NT,JHN,8,TR1550,59,59,True
NT,JHN,9,TR1550,41,41,True
NT,JHN,10,TR1550,42,42,True
NT,JHN,11,TR1550,57,57,True
NT,JHN,12,TR1550,50,50,True
NT,JHN,13,TR1550,38,38,True
NT,JHN,14,TR1550,31,31,True
NT,JHN,15,TR1550,27,27,True
NT,JHN,16,TR1550,33,33,True
NT,JHN,17,TR1550,26,26,True
NT,JHN,18,TR1550,40,40,True
NT,JHN,19,TR1550,42,42,True
NT,JHN,20,TR1550,31,31,True
NT,JHN,21,TR1550,25,25,True
NT,HEB,1,TR1550,14,14,True
NT,HEB,2,TR1550,18,18,True
NT,HEB,3,TR1550,19,19,True
NT,HEB,4,TR1550,16,16,True
NT,HEB,5,TR1550,14,14,True
NT,HEB,6,TR1550,20,20,True
NT,HEB,7,TR1550,28,28,True
NT,HEB,8,TR1550,13,13,True
NT,HEB,9,TR1550,28,28,True
NT,HEB,10,TR1550,39,39,True
NT,HEB,11,TR1550,40,40,True
NT,HEB,12,TR1550,29,29,True
NT,HEB,13,TR1550,25,25,True
NT,1TH,1,TR1550,10,10,True
NT,1TH,2,TR1550,20,20,True
NT,1TH,3,TR1550,13,13,True
NT,1TH,4,TR1550,18,18,True
NT,1TH,5,TR1550,28,28,True
NT,3JN,1,TR1550,14,15,False
NT,2PE,1,TR1550,21,21,True
NT,2PE,2,TR1550,22,22,True
NT,2PE,3,TR1550,18,18,True
