book,chapter,expected_verses,actual_verses,match
GEN,1,31,31,True
GEN,2,25,25,True
GEN,3,24,24,True
GEN,4,26,26,True
GEN,5,32,32,True
GEN,6,22,22,True
GEN,7,24,24,True
GEN,8,22,22,True
GEN,9,29,29,True
GEN,10,32,32,True
GEN,11,32,32,True
GEN,12,20,20,True
GEN,13,18,18,True
GEN,14,24,24,True
GEN,15,21,21,True
GEN,16,16,16,True
GEN,17,27,27,True
GEN,18,33,33,True
GEN,19,38,38,True
GEN,20,18,18,True
GEN,21,34,34,True
GEN,22,24,24,True
GEN,23,20,20,True
GEN,24,67,67,True
GEN,25,34,34,True
GEN,26,35,35,True
GEN,27,46,46,True
GEN,28,22,22,True
GEN,29,35,35,True
GEN,30,43,43,True
GEN,31,55,55,True
GEN,32,32,32,True
GEN,33,20,20,True
GEN,34,31,31,True
GEN,35,29,29,True
GEN,36,43,43,True
GEN,37,36,36,True
GEN,38,30,30,True
GEN,39,23,23,True
GEN,40,23,23,True
GEN,41,57,57,True
GEN,42,38,38,True
GEN,43,34,34,True
GEN,44,34,34,True
GEN,45,28,28,True
GEN,46,34,34,True
GEN,47,31,31,True
GEN,48,22,22,True
GEN,49,33,33,True
GEN,50,26,26,True
EXO,1,22,22,True
EXO,2,25,25,True
EXO,3,22,22,True
EXO,4,31,31,True
EXO,5,23,23,True
EXO,6,30,30,True
EXO,7,25,25,True
EXO,8,32,32,True
EXO,9,35,35,True
EXO,10,29,29,True
EXO,11,10,10,True
EXO,12,51,51,True
EXO,13,22,22,True
EXO,14,31,31,True
EXO,15,27,27,True
EXO,16,36,36,True
EXO,17,16,16,True
EXO,18,27,27,True
EXO,19,25,25,True
EXO,20,26,26,True
EXO,21,36,36,True
EXO,22,31,31,True
EXO,23,33,33,True
EXO,24,18,18,True
EXO,25,40,40,True
EXO,26,37,37,True
EXO,27,21,21,True
EXO,28,43,43,True
EXO,29,46,46,True
EXO,30,38,38,True
EXO,31,18,18,True
EXO,32,35,35,True
EXO,33,23,23,True
EXO,34,35,35,True
EXO,35,35,35,True
EXO,36,38,38,True
EXO,37,29,29,True
EXO,38,31,31,True
EXO,39,43,43,True
EXO,40,38,38,True
LEV,1,17,17,True
LEV,2,16,16,True
LEV,3,17,17,True
LEV,4,35,35,True
LEV,5,19,19,True
LEV,6,30,30,True
LEV,7,38,38,True
LEV,8,36,36,True
LEV,9,24,24,True
LEV,10,20,20,True
LEV,11,47,47,True
LEV,12,8,8,True
LEV,13,59,59,True
LEV,14,57,57,True
LEV,15,33,33,True
LEV,16,34,34,True
LEV,17,16,16,True
LEV,18,30,30,True
LEV,19,37,37,True
LEV,20,27,27,True
LEV,21,24,24,True
LEV,22,33,33,True
LEV,23,44,44,True
LEV,24,23,23,True
LEV,25,55,55,True
LEV,26,46,46,True
LEV,27,34,34,True
NUM,1,54,54,True
NUM,2,34,34,True
NUM,3,51,51,True
NUM,4,49,49,True
NUM,5,31,31,True
NUM,6,27,27,True
NUM,7,89,89,True
NUM,8,26,26,True
NUM,9,23,23,True
NUM,10,36,36,True
NUM,11,35,35,True
NUM,12,16,16,True
NUM,13,33,33,True
NUM,14,45,45,True
NUM,15,41,41,True
NUM,16,50,50,True
NUM,17,13,13,True
NUM,18,32,32,True
NUM,19,22,22,True
NUM,20,29,29,True
NUM,21,35,35,True
NUM,22,41,41,True
NUM,23,30,30,True
NUM,24,25,25,True
NUM,25,18,18,True
NUM,26,65,65,True
NUM,27,23,23,True
NUM,28,31,31,True
NUM,29,40,40,True
NUM,30,16,16,True
NUM,31,54,54,True
NUM,32,42,42,True
NUM,33,56,56,True
NUM,34,29,29,True
NUM,35,34,34,True
NUM,36,13,13,True
DEU,1,46,46,True
DEU,2,37,37,True
DEU,3,29,29,True
DEU,4,49,49,True
DEU,5,33,33,True
DEU,6,25,25,True
DEU,7,26,26,True
DEU,8,20,20,True
DEU,9,29,29,True
DEU,10,22,22,True
DEU,11,32,32,True
DEU,12,32,32,True
DEU,13,18,18,True
DEU,14,29,29,True
DEU,15,23,23,True
DEU,16,22,22,True
DEU,17,20,20,True
DEU,18,22,22,True
DEU,19,21,21,True
DEU,20,20,20,True
DEU,21,23,23,True
DEU,22,30,30,True
DEU,23,25,25,True
DEU,24,22,22,True
DEU,25,19,19,True
DEU,26,19,19,True
DEU,27,26,26,True
DEU,28,68,68,True
DEU,29,29,29,True
DEU,30,20,20,True
DEU,31,30,30,True
DEU,32,52,52,True
DEU,33,29,29,True
DEU,34,12,12,True
JOS,1,18,18,True
JOS,2,24,24,True
JOS,3,17,17,True
JOS,4,24,24,True
JOS,5,15,15,True
JOS,6,27,27,True
JOS,7,26,26,True
JOS,8,35,35,True
JOS,9,27,27,True
JOS,10,43,43,True
JOS,11,23,23,True
JOS,12,24,24,True
JOS,13,33,33,True
JOS,14,15,15,True
JOS,15,63,63,True
JOS,16,10,10,True
JOS,17,18,18,True
JOS,18,28,28,True
JOS,19,51,51,True
JOS,20,9,9,True
JOS,21,45,45,True
JOS,22,34,34,True
JOS,23,16,16,True
JOS,24,33,33,True
JDG,1,36,36,True
JDG,2,23,23,True
JDG,3,31,31,True
JDG,4,24,24,True
JDG,5,31,31,True
JDG,6,40,40,True
JDG,7,25,25,True
JDG,8,35,35,True
JDG,9,57,57,True
JDG,10,18,18,True
JDG,11,40,40,True
JDG,12,15,15,True
JDG,13,25,25,True
JDG,14,20,20,True
JDG,15,20,20,True
JDG,16,31,31,True
JDG,17,13,13,True
JDG,18,31,31,True
JDG,19,30,30,True
JDG,20,48,48,True
JDG,21,25,25,True
RUT,1,22,22,True
RUT,2,23,23,True
RUT,3,18,18,True
RUT,4,22,22,True
1SA,1,28,28,True
1SA,2,36,36,True
1SA,3,21,21,True
1SA,4,22,22,True
1SA,5,12,12,True
1SA,6,21,21,True
1SA,7,17,17,True
1SA,8,22,22,True
1SA,9,27,27,True
1SA,10,27,27,True
1SA,11,15,15,True
1SA,12,25,25,True
1SA,13,23,23,True
1SA,14,52,52,True
1SA,15,35,35,True
1SA,16,23,23,True
1SA,17,58,58,True
1SA,18,30,30,True
1SA,19,24,24,True
1SA,20,42,42,True
1SA,21,15,15,True
1SA,22,23,23,True
1SA,23,29,29,True
1SA,24,22,22,True
1SA,25,44,44,True
1SA,26,25,25,True
1SA,27,12,12,True
1SA,28,25,25,True
1SA,29,11,11,True
1SA,30,31,31,True
1SA,31,13,13,True
2SA,1,27,27,True
2SA,2,32,32,True
2SA,3,39,39,True
2SA,4,12,12,True
2SA,5,25,25,True
2SA,6,23,23,True
2SA,7,29,29,True
2SA,8,18,18,True
2SA,9,13,13,True
2SA,10,19,19,True
2SA,11,27,27,True
2SA,12,31,31,True
2SA,13,39,39,True
2SA,14,33,33,True
2SA,15,37,37,True
2SA,16,23,23,True
2SA,17,29,29,True
2SA,18,33,33,True
2SA,19,43,43,True
2SA,20,26,26,True
2SA,21,22,22,True
2SA,22,51,51,True
2SA,23,39,39,True
2SA,24,25,25,True
1KI,1,53,53,True
1KI,2,46,46,True
1KI,3,28,28,True
1KI,4,34,34,True
1KI,5,18,18,True
1KI,6,38,38,True
1KI,7,51,51,True
1KI,8,66,66,True
1KI,9,28,28,True
1KI,10,29,29,True
1KI,11,43,43,True
1KI,12,33,33,True
1KI,13,34,34,True
1KI,14,31,31,True
1KI,15,34,34,True
1KI,16,34,34,True
1KI,17,24,24,True
1KI,18,46,46,True
1KI,19,21,21,True
1KI,20,43,43,True
1KI,21,29,29,True
1KI,22,53,53,True
2KI,1,18,18,True
2KI,2,25,25,True
2KI,3,27,27,True
2KI,4,44,44,True
2KI,5,27,27,True
2KI,6,33,33,True
2KI,7,20,20,True
2KI,8,29,29,True
2KI,9,37,37,True
2KI,10,36,36,True
2KI,11,21,21,True
2KI,12,21,21,True
2KI,13,25,25,True
2KI,14,29,29,True
2KI,15,38,38,True
2KI,16,20,20,True
2KI,17,41,41,True
2KI,18,37,37,True
2KI,19,37,37,True
2KI,20,21,21,True
2KI,21,26,26,True
2KI,22,20,20,True
2KI,23,37,37,True
2KI,24,20,20,True
2KI,25,30,30,True
1CH,1,54,54,True
1CH,2,55,55,True
1CH,3,24,24,True
1CH,4,43,43,True
1CH,5,26,26,True
1CH,6,81,81,True
1CH,7,40,40,True
1CH,8,40,40,True
1CH,9,44,44,True
1CH,10,14,14,True
1CH,11,47,47,True
1CH,12,40,40,True
1CH,13,14,14,True
1CH,14,17,17,True
1CH,15,29,29,True
1CH,16,43,43,True
1CH,17,27,27,True
1CH,18,17,17,True
1CH,19,19,19,True
1CH,20,8,8,True
1CH,21,30,30,True
1CH,22,19,19,True
1CH,23,32,32,True
1CH,24,31,31,True
1CH,25,31,31,True
1CH,26,32,32,True
1CH,27,34,34,True
1CH,28,21,21,True
1CH,29,30,30,True
2CH,1,17,17,True
2CH,2,18,18,True
2CH,3,17,17,True
2CH,4,22,22,True
2CH,5,14,14,True
2CH,6,42,42,True
2CH,7,22,22,True
2CH,8,18,18,True
2CH,9,31,31,True
2CH,10,19,19,True
2CH,11,23,23,True
2CH,12,16,16,True
2CH,13,22,22,True
2CH,14,15,15,True
2CH,15,19,19,True
2CH,16,14,14,True
2CH,17,19,19,True
2CH,18,34,34,True
2CH,19,11,11,True
2CH,20,37,37,True
2CH,21,20,20,True
2CH,22,12,12,True
2CH,23,21,21,True
2CH,24,27,27,True
2CH,25,28,28,True
2CH,26,23,23,True
2CH,27,9,9,True
2CH,28,27,27,True
2CH,29,36,36,True
2CH,30,27,27,True
2CH,31,21,21,True
2CH,32,33,33,True
2CH,33,25,25,True
2CH,34,33,33,True
2CH,35,27,27,True
2CH,36,23,23,True
EZR,1,11,11,True
EZR,2,70,70,True
EZR,3,13,13,True
EZR,4,24,24,True
EZR,5,17,17,True
EZR,6,22,22,True
EZR,7,28,28,True
EZR,8,36,36,True
EZR,9,15,15,True
EZR,10,44,44,True
NEH,1,11,11,True
NEH,2,20,20,True
NEH,3,32,32,True
NEH,4,23,23,True
NEH,5,19,19,True
NEH,6,19,19,True
NEH,7,73,73,True
NEH,8,18,18,True
NEH,9,38,38,True
NEH,10,39,39,True
NEH,11,36,36,True
NEH,12,47,47,True
NEH,13,31,31,True
EST,1,22,22,True
EST,2,23,23,True
EST,3,15,15,True
EST,4,17,17,True
EST,5,14,14,True
EST,6,14,14,True
EST,7,10,10,True
EST,8,17,17,True
EST,9,32,32,True
EST,10,3,3,True
JOB,1,22,22,True
JOB,2,13,13,True
JOB,3,26,26,True
JOB,4,21,21,True
JOB,5,27,27,True
JOB,6,30,30,True
JOB,7,21,21,True
JOB,8,22,22,True
JOB,9,35,35,True
JOB,10,22,22,True
JOB,11,20,20,True
JOB,12,25,25,True
JOB,13,28,28,True
JOB,14,22,22,True
JOB,15,35,35,True
JOB,16,22,22,True
JOB,17,16,16,True
JOB,18,21,21,True
JOB,19,29,29,True
JOB,20,29,29,True
JOB,21,34,34,True
JOB,22,30,30,True
JOB,23,17,17,True
JOB,24,25,25,True
JOB,25,6,6,True
JOB,26,14,14,True
JOB,27,23,23,True
JOB,28,28,28,True
JOB,29,25,25,True
JOB,30,31,31,True
JOB,31,40,40,True
JOB,32,22,22,True
JOB,33,33,33,True
JOB,34,37,37,True
JOB,35,16,16,True
JOB,36,33,33,True
JOB,37,24,24,True
JOB,38,41,41,True
JOB,39,30,30,True
JOB,40,24,24,True
JOB,41,34,34,True
JOB,42,17,17,True
PSA,1,6,6,True
PSA,2,12,12,True
PSA,3,8,8,True
PSA,4,8,8,True
PSA,5,12,12,True
PSA,6,10,10,True
PSA,7,17,17,True
PSA,8,9,9,True
PSA,9,20,20,True
PSA,10,18,18,True
PSA,11,7,7,True
PSA,12,8,8,True
PSA,13,6,6,True
PSA,14,7,7,True
PSA,15,5,5,True
PSA,16,11,11,True
PSA,17,15,15,True
PSA,18,50,50,True
PSA,19,14,14,True
PSA,20,9,9,True
PSA,21,13,13,True
PSA,22,31,31,True
PSA,23,6,6,True
PSA,24,10,10,True
PSA,25,22,22,True
PSA,26,12,12,True
PSA,27,14,14,True
PSA,28,9,9,True
PSA,29,11,11,True
PSA,30,12,12,True
PSA,31,24,24,True
PSA,32,11,11,True
PSA,33,22,22,True
PSA,34,22,22,True
PSA,35,28,28,True
PSA,36,12,12,True
PSA,37,40,40,True
PSA,38,22,22,True
PSA,39,13,13,True
PSA,40,17,17,True
PSA,41,13,13,True
PSA,42,11,11,True
PSA,43,5,5,True
PSA,44,26,26,True
PSA,45,17,17,True
PSA,46,11,11,True
PSA,47,9,9,True
PSA,48,14,14,True
PSA,49,20,20,True
PSA,50,23,23,True
PSA,51,19,19,True
PSA,52,9,9,True
PSA,53,6,6,True
PSA,54,7,7,True
PSA,55,23,23,True
PSA,56,13,13,True
PSA,57,11,11,True
PSA,58,11,11,True
PSA,59,17,17,True
PSA,60,12,12,True
PSA,61,8,8,True
PSA,62,12,12,True
PSA,63,11,11,True
PSA,64,10,10,True
PSA,65,13,13,True
PSA,66,20,20,True
PSA,67,7,7,True
PSA,68,35,35,True
PSA,69,36,36,True
PSA,70,5,5,True
PSA,71,24,24,True
PSA,72,20,20,True
PSA,73,28,28,True
PSA,74,23,23,True
PSA,75,10,10,True
PSA,76,12,12,True
PSA,77,20,20,True
PSA,78,72,72,True
PSA,79,13,13,True
PSA,80,19,19,True
PSA,81,16,16,True
PSA,82,8,8,True
PSA,83,18,18,True
PSA,84,12,12,True
PSA,85,13,13,True
PSA,86,17,17,True
PSA,87,7,7,True
PSA,88,18,18,True
PSA,89,52,52,True
PSA,90,17,17,True
PSA,91,16,16,True
PSA,92,15,15,True
PSA,93,5,5,True
PSA,94,23,23,True
PSA,95,11,11,True
PSA,96,13,13,True
PSA,97,12,12,True
PSA,98,9,9,True
PSA,99,9,9,True
PSA,100,5,5,True
PSA,101,8,8,True
PSA,102,28,28,True
PSA,103,22,22,True
PSA,104,35,35,True
PSA,105,45,45,True
PSA,106,48,48,True
PSA,107,43,43,True
PSA,108,13,13,True
PSA,109,31,31,True
PSA,110,7,7,True
PSA,111,10,10,True
PSA,112,10,10,True
PSA,113,9,9,True
PSA,114,8,8,True
PSA,115,18,18,True
PSA,116,19,19,True
PSA,117,2,2,True
PSA,118,29,29,True
PSA,119,176,176,True
PSA,120,7,7,True
PSA,121,8,8,True
PSA,122,9,9,True
PSA,123,4,4,True
PSA,124,8,8,True
PSA,125,5,5,True
PSA,126,6,6,True
PSA,127,5,5,True
PSA,128,6,6,True
PSA,129,8,8,True
PSA,130,8,8,True
PSA,131,3,3,True
PSA,132,18,18,True
PSA,133,3,3,True
PSA,134,3,3,True
PSA,135,21,21,True
PSA,136,26,26,True
PSA,137,9,9,True
PSA,138,8,8,True
PSA,139,24,24,True
PSA,140,13,13,True
PSA,141,10,10,True
PSA,142,7,7,True
PSA,143,12,12,True
PSA,144,15,15,True
PSA,145,21,21,True
PSA,146,10,10,True
PSA,147,20,20,True
PSA,148,14,14,True
PSA,149,9,9,True
PSA,150,6,6,True
PRO,1,33,33,True
PRO,2,22,22,True
PRO,3,35,35,True
PRO,4,27,27,True
PRO,5,23,23,True
PRO,6,35,35,True
PRO,7,27,27,True
PRO,8,36,36,True
PRO,9,18,18,True
PRO,10,32,32,True
PRO,11,31,31,True
PRO,12,28,28,True
PRO,13,25,25,True
PRO,14,35,35,True
PRO,15,33,33,True
PRO,16,33,33,True
PRO,17,28,28,True
PRO,18,24,24,True
PRO,19,29,29,True
PRO,20,30,30,True
PRO,21,31,31,True
PRO,22,29,29,True
PRO,23,35,35,True
PRO,24,34,34,True
PRO,25,28,28,True
PRO,26,28,28,True
PRO,27,27,27,True
PRO,28,28,28,True
PRO,29,27,27,True
PRO,30,33,33,True
PRO,31,31,31,True
ECC,1,18,18,True
ECC,2,26,26,True
ECC,3,22,22,True
ECC,4,16,16,True
ECC,5,20,20,True
ECC,6,12,12,True
ECC,7,29,29,True
ECC,8,17,17,True
ECC,9,18,18,True
ECC,10,20,20,True
ECC,11,10,10,True
ECC,12,14,14,True
SNG,1,17,17,True
SNG,2,17,17,True
SNG,3,11,11,True
SNG,4,16,16,True
SNG,5,16,16,True
SNG,6,13,13,True
SNG,7,13,13,True
SNG,8,14,14,True
ISA,1,31,31,True
ISA,2,22,22,True
ISA,3,26,26,True
ISA,4,6,6,True
ISA,5,30,30,True
ISA,6,13,13,True
ISA,7,25,25,True
ISA,8,22,22,True
ISA,9,21,21,True
ISA,10,34,34,True
ISA,11,16,16,True
ISA,12,6,6,True
ISA,13,22,22,True
ISA,14,32,32,True
ISA,15,9,9,True
ISA,16,14,14,True
ISA,17,14,14,True
ISA,18,7,7,True
ISA,19,25,25,True
ISA,20,6,6,True
ISA,21,17,17,True
ISA,22,25,25,True
ISA,23,18,18,True
ISA,24,23,23,True
ISA,25,12,12,True
ISA,26,21,21,True
ISA,27,13,13,True
ISA,28,29,29,True
ISA,29,24,24,True
ISA,30,33,33,True
ISA,31,9,9,True
ISA,32,20,20,True
ISA,33,24,24,True
ISA,34,17,17,True
ISA,35,10,10,True
ISA,36,22,22,True
ISA,37,38,38,True
ISA,38,22,22,True
ISA,39,8,8,True
ISA,40,31,31,True
ISA,41,29,29,True
ISA,42,25,25,True
ISA,43,28,28,True
ISA,44,28,28,True
ISA,45,25,25,True
ISA,46,13,13,True
ISA,47,15,15,True
ISA,48,22,22,True
ISA,49,26,26,True
ISA,50,11,11,True
ISA,51,23,23,True
ISA,52,15,15,True
ISA,53,12,12,True
ISA,54,17,17,True
ISA,55,13,13,True
ISA,56,12,12,True
ISA,57,21,21,True
ISA,58,14,14,True
ISA,59,21,21,True
ISA,60,22,22,True
ISA,61,11,11,True
ISA,62,12,12,True
ISA,63,19,19,True
ISA,64,12,12,True
ISA,65,25,25,True
ISA,66,24,24,True
JER,1,19,19,True
JER,2,37,37,True
JER,3,25,25,True
JER,4,31,31,True
JER,5,31,31,True
JER,6,30,30,True
JER,7,34,34,True
JER,8,22,22,True
JER,9,26,26,True
JER,10,25,25,True
JER,11,23,23,True
JER,12,17,17,True
JER,13,27,27,True
JER,14,22,22,True
JER,15,21,21,True
JER,16,21,21,True
JER,17,27,27,True
JER,18,23,23,True
JER,19,15,15,True
JER,20,18,18,True
JER,21,14,14,True
JER,22,30,30,True
JER,23,40,40,True
JER,24,10,10,True
JER,25,38,38,True
JER,26,24,24,True
JER,27,22,22,True
JER,28,17,17,True
JER,29,32,32,True
JER,30,24,24,True
JER,31,40,40,True
JER,32,44,44,True
JER,33,26,26,True
JER,34,22,22,True
JER,35,19,19,True
JER,36,32,32,True
JER,37,21,21,True
JER,38,28,28,True
JER,39,18,18,True
JER,40,16,16,True
JER,41,18,18,True
JER,42,22,22,True
JER,43,13,13,True
JER,44,30,30,True
JER,45,5,5,True
JER,46,28,28,True
JER,47,7,7,True
JER,48,47,47,True
JER,49,39,39,True
JER,50,46,46,True
JER,51,64,64,True
JER,52,34,34,True
LAM,1,22,22,True
LAM,2,22,22,True
LAM,3,66,66,True
LAM,4,22,22,True
LAM,5,22,22,True
EZK,1,28,28,True
EZK,2,10,10,True
EZK,3,27,27,True
EZK,4,17,17,True
EZK,5,17,17,True
EZK,6,14,14,True
EZK,7,27,27,True
EZK,8,18,18,True
EZK,9,11,11,True
EZK,10,22,22,True
EZK,11,25,25,True
EZK,12,28,28,True
EZK,13,23,23,True
EZK,14,23,23,True
EZK,15,8,8,True
EZK,16,63,63,True
EZK,17,24,24,True
EZK,18,32,32,True
EZK,19,14,14,True
EZK,20,49,49,True
EZK,21,32,32,True
EZK,22,31,31,True
EZK,23,49,49,True
EZK,24,27,27,True
EZK,25,17,17,True
EZK,26,21,21,True
EZK,27,36,36,True
EZK,28,26,26,True
EZK,29,21,21,True
EZK,30,26,26,True
EZK,31,18,18,True
EZK,32,32,32,True
EZK,33,33,33,True
EZK,34,31,31,True
EZK,35,15,15,True
EZK,36,38,38,True
EZK,37,28,28,True
EZK,38,23,23,True
EZK,39,29,29,True
EZK,40,49,49,True
EZK,41,26,26,True
EZK,42,20,20,True
EZK,43,27,27,True
EZK,44,31,31,True
EZK,45,25,25,True
EZK,46,24,24,True
EZK,47,23,23,True
EZK,48,35,35,True
DAN,1,21,21,True
DAN,2,49,49,True
DAN,3,30,30,True
DAN,4,37,37,True
DAN,5,31,31,True
DAN,6,28,28,True
DAN,7,28,28,True
DAN,8,27,27,True
DAN,9,27,27,True
DAN,10,21,21,True
DAN,11,45,45,True
DAN,12,13,13,True
HOS,1,11,11,True
HOS,2,23,23,True
HOS,3,5,5,True
HOS,4,19,19,True
HOS,5,15,15,True
HOS,6,11,11,True
HOS,7,16,16,True
HOS,8,14,14,True
HOS,9,17,17,True
HOS,10,15,15,True
HOS,11,12,12,True
HOS,12,14,14,True
HOS,13,16,16,True
HOS,14,9,9,True
JOL,1,20,20,True
JOL,2,32,32,True
JOL,3,21,21,True
AMO,1,15,15,True
AMO,2,16,16,True
AMO,3,15,15,True
AMO,4,13,13,True
AMO,5,27,27,True
AMO,6,14,14,True
AMO,7,17,17,True
AMO,8,14,14,True
AMO,9,15,15,True
OBA,1,21,21,True
JON,1,17,17,True
JON,2,10,10,True
JON,3,10,10,True
JON,4,11,11,True
MIC,1,16,16,True
MIC,2,13,13,True
MIC,3,12,12,True
MIC,4,13,13,True
MIC,5,15,15,True
MIC,6,16,16,True
MIC,7,20,20,True
NAM,1,15,15,True
NAM,2,13,13,True
NAM,3,19,19,True
HAB,1,17,17,True
HAB,2,20,20,True
HAB,3,19,19,True
ZEP,1,18,18,True
ZEP,2,15,15,True
ZEP,3,20,20,True
HAG,1,15,15,True
HAG,2,23,23,True
ZEC,1,21,21,True
ZEC,2,13,13,True
ZEC,3,10,10,True
ZEC,4,14,14,True
ZEC,5,11,11,True
ZEC,6,15,15,True
ZEC,7,14,14,True
ZEC,8,23,23,True
ZEC,9,17,17,True
ZEC,10,12,12,True
ZEC,11,17,17,True
ZEC,12,14,14,True
ZEC,13,9,9,True
ZEC,14,21,21,True
MAL,1,14,14,True
MAL,2,17,17,True
MAL,3,18,18,True
MAL,4,6,6,True
MAT,1,25,25,True
MAT,2,23,23,True
MAT,3,17,17,True
MAT,4,25,25,True
MAT,5,48,48,True
MAT,6,34,34,True
MAT,7,29,29,True
MAT,8,34,34,True
MAT,9,38,38,True
MAT,10,42,42,True
MAT,11,30,30,True
MAT,12,50,50,True
MAT,13,58,58,True
MAT,14,36,36,True
MAT,15,39,39,True
MAT,16,28,28,True
MAT,17,27,27,True
MAT,18,35,35,True
MAT,19,30,30,True
MAT,20,34,34,True
MAT,21,46,46,True
MAT,22,46,46,True
MAT,23,39,39,True
MAT,24,51,51,True
MAT,25,46,46,True
MAT,26,75,75,True
MAT,27,66,66,True
MAT,28,20,20,True
MRK,1,45,45,True
MRK,2,28,28,True
MRK,3,35,35,True
MRK,4,41,41,True
MRK,5,43,43,True
MRK,6,56,56,True
MRK,7,37,37,True
MRK,8,38,38,True
MRK,9,50,50,True
MRK,10,52,52,True
MRK,11,33,33,True
MRK,12,44,44,True
MRK,13,37,37,True
MRK,14,72,72,True
MRK,15,47,47,True
MRK,16,20,20,True
LUK,1,80,80,True
LUK,2,52,52,True
LUK,3,38,38,True
LUK,4,44,44,True
LUK,5,39,39,True
LUK,6,49,49,True
LUK,7,50,50,True
LUK,8,56,56,True
LUK,9,62,62,True
LUK,10,42,42,True
LUK,11,54,54,True
LUK,12,59,59,True
LUK,13,35,35,True
LUK,14,35,35,True
LUK,15,32,32,True
LUK,16,31,31,True
LUK,17,37,37,True
LUK,18,43,43,True
LUK,19,48,48,True
LUK,20,47,47,True
LUK,21,38,38,True
LUK,22,71,71,True
LUK,23,56,56,True
LUK,24,53,53,True
JHN,1,51,51,True
JHN,2,25,25,True
JHN,3,36,36,True
JHN,4,54,54,True
JHN,5,47,47,True
JHN,6,71,71,True
JHN,7,53,53,True
JHN,8,59,59,True
JHN,9,41,41,True
JHN,10,42,42,True
JHN,11,57,57,True
JHN,12,50,50,True
JHN,13,38,38,True
JHN,14,31,31,True
JHN,15,27,27,True
JHN,16,33,33,True
JHN,17,26,26,True
JHN,18,40,40,True
JHN,19,42,42,True
JHN,20,31,31,True
JHN,21,25,25,True
ACT,1,26,26,True
ACT,2,47,47,True
ACT,3,26,26,True
ACT,4,37,37,True
ACT,5,42,42,True
ACT,6,15,15,True
ACT,7,60,60,True
ACT,8,40,40,True
ACT,9,43,43,True
ACT,10,48,48,True
ACT,11,30,30,True
ACT,12,25,25,True
ACT,13,52,52,True
ACT,14,28,28,True
ACT,15,41,41,True
ACT,16,40,40,True
ACT,17,34,34,True
ACT,18,28,28,True
ACT,19,41,41,True
ACT,20,38,38,True
ACT,21,40,40,True
ACT,22,30,30,True
ACT,23,35,35,True
ACT,24,27,27,True
ACT,25,27,27,True
ACT,26,32,32,True
ACT,27,44,44,True
ACT,28,31,31,True
ROM,1,32,32,True
ROM,2,29,29,True
ROM,3,31,31,True
ROM,4,25,25,True
ROM,5,21,21,True
ROM,6,23,23,True
ROM,7,25,25,True
ROM,8,39,39,True
ROM,9,33,33,True
ROM,10,21,21,True
ROM,11,36,36,True
ROM,12,21,21,True
ROM,13,14,14,True
ROM,14,23,23,True
ROM,15,33,33,True
ROM,16,27,27,True
1CO,1,31,31,True
1CO,2,16,16,True
1CO,3,23,23,True
1CO,4,21,21,True
1CO,5,13,13,True
1CO,6,20,20,True
1CO,7,40,40,True
1CO,8,13,13,True
1CO,9,27,27,True
1CO,10,33,33,True
1CO,11,34,34,True
1CO,12,31,31,True
1CO,13,13,13,True
1CO,14,40,40,True
1CO,15,58,58,True
1CO,16,24,24,True
2CO,1,24,24,True
2CO,2,17,17,True
2CO,3,18,18,True
2CO,4,18,18,True
2CO,5,21,21,True
2CO,6,18,18,True
2CO,7,16,16,True
2CO,8,24,24,True
2CO,9,15,15,True
2CO,10,18,18,True
2CO,11,33,33,True
2CO,12,21,21,True
2CO,13,14,14,True
GAL,1,24,24,True
GAL,2,21,21,True
GAL,3,29,29,True
GAL,4,31,31,True
GAL,5,26,26,True
GAL,6,18,18,True
EPH,1,23,23,True
EPH,2,22,22,True
EPH,3,21,21,True
EPH,4,32,32,True
EPH,5,33,33,True
EPH,6,24,24,True
PHP,1,30,30,True
PHP,2,30,30,True
PHP,3,21,21,True
PHP,4,23,23,True
COL,1,29,29,True
COL,2,23,23,True
COL,3,25,25,True
COL,4,18,18,True
1TH,1,10,10,True
1TH,2,20,20,True
1TH,3,13,13,True
1TH,4,18,18,True
1TH,5,28,28,True
2TH,1,12,12,True
2TH,2,17,17,True
2TH,3,18,18,True
1TI,1,20,20,True
1TI,2,15,15,True
1TI,3,16,16,True
1TI,4,16,16,True
1TI,5,25,25,True
1TI,6,21,21,True
2TI,1,18,18,True
2TI,2,26,26,True
2TI,3,17,17,True
2TI,4,22,22,True
TIT,1,16,16,True
TIT,2,15,15,True
TIT,3,15,15,True
PHM,1,25,25,True
HEB,1,14,14,True
HEB,2,18,18,True
HEB,3,19,19,True
HEB,4,16,16,True
HEB,5,14,14,True
HEB,6,20,20,True
HEB,7,28,28,True
HEB,8,13,13,True
HEB,9,28,28,True
HEB,10,39,39,True
HEB,11,40,40,True
HEB,12,29,29,True
HEB,13,25,25,True
JAS,1,27,27,True
JAS,2,26,26,True
JAS,3,18,18,True
JAS,4,17,17,True
JAS,5,20,20,True
1PE,1,25,25,True
1PE,2,25,25,True
1PE,3,22,22,True
1PE,4,19,19,True
1PE,5,14,14,True
2PE,1,21,21,True
2PE,2,22,22,True
2PE,3,18,18,True
1JN,1,10,10,True
1JN,2,29,29,True
1JN,3,24,24,True
1JN,4,21,21,True
1JN,5,21,21,True
2JN,1,13,13,True
3JN,1,14,14,True
JUD,1,25,25,True
REV,1,20,20,True
REV,2,29,29,True
REV,3,22,22,True
REV,4,11,11,True
REV,5,14,14,True
REV,6,17,17,True
REV,7,17,17,True
REV,8,13,13,True
REV,9,21,21,True
REV,10,11,11,True
REV,11,19,19,True
REV,12,17,17,True
REV,13,18,18,True
REV,14,20,20,True
REV,15,8,8,True
REV,16,21,21,True
REV,17,18,18,True
REV,18,24,24,True
REV,19,21,21,True
REV,20,15,15,True
REV,21,27,27,True
REV,22,21,21,True
