timestamp,version,book,chapter,verse,apparatus_type,content,dry_run
2026-05-17T16:50:26.972871,WLC,1CH,5,27,CHAPTER_BOUNDARY,בְּנֵ֖י לֵוִ֑י גֵּרְשׁ֕וֹן קְהָ֖ת וּמְרָרִֽי׃,True
2026-05-17T16:50:26.973013,WLC,1CH,5,28,CHAPTER_BOUNDARY,וּבְנֵ֖י קְהָ֑ת עַמְרָ֣ם יִצְהָ֔ר וְחֶבְר֖וֹן וְעֻזִּיאֵֽל׃,True
2026-05-17T16:50:26.973125,WLC,1CH,5,29,CHAPTER_BOUNDARY,וּבְנֵ֣י עַמְרָ֔ם אַהֲרֹ֥ן וּמֹשֶׁ֖ה וּמִרְיָ֑ם וּבְנֵ֣י אַהֲרֹ֔ן נָדָב֙ וַאֲבִי,True
2026-05-17T16:50:26.973232,WLC,1CH,5,30,CHAPTER_BOUNDARY,אֶלְעָזָר֙ הוֹלִ֣יד אֶת־ פִּֽינְחָ֔ס פִּֽינְחָ֖ס הֹלִ֥יד אֶת־ אֲבִישֽׁוּעַ׃,True
2026-05-17T16:50:26.973311,WLC,1CH,5,31,CHAPTER_BOUNDARY,וַאֲבִישׁ֙וּעַ֙ הוֹלִ֣יד אֶת־ בֻּקִּ֔י וּבֻקִּ֖י הוֹלִ֥יד אֶת־ עֻזִּֽי׃,True
2026-05-17T16:50:26.973363,WLC,1CH,5,32,CHAPTER_BOUNDARY,וְעֻזִּי֙ הוֹלִ֣יד אֶת־ זְרַֽחְיָ֔ה וּֽזְרַֽחְיָ֖ה הוֹלִ֥יד אֶת־ מְרָיֽוֹת׃,True
2026-05-17T16:50:26.973418,WLC,1CH,5,33,CHAPTER_BOUNDARY,מְרָיוֹת֙ הוֹלִ֣יד אֶת־ אֲמַרְיָ֔ה וַאֲמַרְיָ֖ה הוֹלִ֥יד אֶת־ אֲחִיטֽוּב׃,True
2026-05-17T16:50:26.973471,WLC,1CH,5,34,CHAPTER_BOUNDARY,וַאֲחִיטוּב֙ הוֹלִ֣יד אֶת־ צָד֔וֹק וְצָד֖וֹק הוֹלִ֥יד אֶת־ אֲחִימָֽעַץ׃,True
2026-05-17T16:50:26.973518,WLC,1CH,5,35,CHAPTER_BOUNDARY,וַאֲחִימַ֙עַץ֙ הוֹלִ֣יד אֶת־ עֲזַרְיָ֔ה וַעֲזַרְיָ֖ה הוֹלִ֥יד אֶת־ יוֹחָנָֽן׃,True
2026-05-17T16:50:26.973564,WLC,1CH,5,36,CHAPTER_BOUNDARY,וְיוֹחָנָ֖ן הוֹלִ֣יד אֶת־ עֲזַרְיָ֑ה ה֚וּא אֲשֶׁ֣ר כִּהֵ֔ן בַּבַּ֕יִת אֲשֶׁר־ בּ,True
2026-05-17T16:50:26.973608,WLC,1CH,5,37,CHAPTER_BOUNDARY,וַיּ֥וֹלֶד עֲזַרְיָ֖ה אֶת־ אֲמַרְיָ֑ה וַאֲמַרְיָ֖ה הוֹלִ֥יד אֶת־ אֲחִיטֽוּב׃,True
2026-05-17T16:50:26.973655,WLC,1CH,5,38,CHAPTER_BOUNDARY,וַאֲחִיטוּב֙ הוֹלִ֣יד אֶת־ צָד֔וֹק וְצָד֖וֹק הוֹלִ֥יד אֶת־ שַׁלּֽוּם׃,True
2026-05-17T16:50:26.973699,WLC,1CH,5,39,CHAPTER_BOUNDARY,וְשַׁלּוּם֙ הוֹלִ֣יד אֶת־ חִלְקִיָּ֔ה וְחִלְקִיָּ֖ה הוֹלִ֥יד אֶת־ עֲזַרְיָֽה׃,True
2026-05-17T16:50:26.973745,WLC,1CH,5,40,CHAPTER_BOUNDARY,וַעֲזַרְיָה֙ הוֹלִ֣יד אֶת־ שְׂרָיָ֔ה וּשְׂרָיָ֖ה הוֹלִ֥יד אֶת־ יְהוֹצָדָֽק׃,True
2026-05-17T16:50:26.973791,WLC,1CH,5,41,CHAPTER_BOUNDARY,וִיהוֹצָדָ֣ק הָלַ֔ךְ בְּהַגְל֣וֹת יְהוָ֔ה אֶת־ יְהוּדָ֖ה וִירוּשָׁלָ֑͏ִם בְּיַ֖ד,True
2026-05-17T16:50:26.973956,WLC,1CH,12,41,CHAPTER_BOUNDARY,וְגַ֣ם הַקְּרֽוֹבִים־ אֲ֠לֵיהֶם עַד־ יִשָׂשכָ֨ר וּזְבֻל֜וּן וְנַפְתָּלִ֗י מְבִיא,True
2026-05-17T16:50:26.974069,WLC,1KI,5,19,CHAPTER_BOUNDARY,וְהִנְנִ֣י אֹמֵ֔ר לִבְנ֣וֹת בַּ֔יִת לְשֵׁ֖ם יְהוָ֣ה אֱלֹהָ֑י כַּאֲשֶׁ֣ר ׀ דִּבֶּ,True
2026-05-17T16:50:26.974251,WLC,1KI,5,20,CHAPTER_BOUNDARY,וְעַתָּ֡ה צַוֵּה֩ וְיִכְרְתוּ־ לִ֨י אֲרָזִ֜ים מִן־ הַלְּבָנ֗וֹן וַֽעֲבָדַי֙ יִהְ,True
2026-05-17T16:50:26.974364,WLC,1KI,5,21,CHAPTER_BOUNDARY,וַיְהִ֞י כִּשְׁמֹ֧עַ חִירָ֛ם אֶת־ דִּבְרֵ֥י שְׁלֹמֹ֖ה וַיִּשְׂמַ֣ח מְאֹ֑ד וַיֹּ֗,True
2026-05-17T16:50:26.974473,WLC,1KI,5,22,CHAPTER_BOUNDARY,וַיִּשְׁלַ֤ח חִירָם֙ אֶל־ שְׁלֹמֹ֣ה לֵאמֹ֔ר שָׁמַ֕עְתִּי אֵ֥ת אֲשֶׁר־ שָׁלַ֖חְתּ,True
2026-05-17T16:50:26.974581,WLC,1KI,5,23,CHAPTER_BOUNDARY,עֲ֠בָדַי יֹרִ֨דוּ מִן־ הַלְּבָנ֜וֹן יָ֗מָּה וַ֠אֲנִי אֲשִׂימֵ֨ם דֹּבְר֤וֹת בַּיּ,True
2026-05-17T16:50:26.974689,WLC,1KI,5,24,CHAPTER_BOUNDARY,וַיְהִ֨י חִיר֜וֹם נֹתֵ֣ן לִשְׁלֹמֹ֗ה עֲצֵ֧י אֲרָזִ֛ים וַעֲצֵ֥י בְרוֹשִׁ֖ים כָּל־,True
2026-05-17T16:50:26.974798,WLC,1KI,5,25,CHAPTER_BOUNDARY,וּשְׁלֹמֹה֩ נָתַ֨ן לְחִירָ֜ם עֶשְׂרִים֩ אֶ֨לֶף כֹּ֤ר חִטִּים֙ מַכֹּ֣לֶת לְבֵית֔ו,True
2026-05-17T16:50:26.974906,WLC,1KI,5,26,CHAPTER_BOUNDARY,וַיהוָ֗ה נָתַ֤ן חָכְמָה֙ לִשְׁלֹמֹ֔ה כַּאֲשֶׁ֖ר דִּבֶּר־ ל֑וֹ וַיְהִ֣י שָׁלֹ֗ם ב,True
2026-05-17T16:50:26.975010,WLC,1KI,5,27,CHAPTER_BOUNDARY,וַיַּ֨עַל הַמֶּ֧לֶךְ שְׁלֹמֹ֛ה מַ֖ס מִכָּל־ יִשְׂרָאֵ֑ל וַיְהִ֣י הַמַּ֔ס שְׁלֹשׁ,True
2026-05-17T16:50:26.975114,WLC,1KI,5,28,CHAPTER_BOUNDARY,וַיִּשְׁלָחֵ֣ם לְבָנ֗וֹנָה עֲשֶׂ֨רֶת אֲלָפִ֤ים בַּחֹ֙דֶשׁ֙ חֲלִיפ֔וֹת חֹ֚דֶשׁ יִ,True
2026-05-17T16:50:26.975217,WLC,1KI,5,29,CHAPTER_BOUNDARY,וַיְהִ֧י לִשְׁלֹמֹ֛ה שִׁבְעִ֥ים אֶ֖לֶף נֹשֵׂ֣א סַבָּ֑ל וּשְׁמֹנִ֥ים אֶ֖לֶף חֹצֵ֥,True
2026-05-17T16:50:26.975321,WLC,1KI,5,30,CHAPTER_BOUNDARY,לְ֠בַד מִשָּׂרֵ֨י הַנִצָּבִ֤ים לִשְׁלֹמֹה֙ אֲשֶׁ֣ר עַל־ הַמְּלָאכָ֔ה שְׁלֹ֥שֶׁת ,True
2026-05-17T16:50:26.975423,WLC,1KI,5,31,CHAPTER_BOUNDARY,וַיְצַ֣ו הַמֶּ֡לֶךְ וַיַּסִּעוּ֩ אֲבָנִ֨ים גְּדֹל֜וֹת אֲבָנִ֧ים יְקָר֛וֹת לְיַסּ,True
2026-05-17T16:50:26.975525,WLC,1KI,5,32,CHAPTER_BOUNDARY,וַֽיִּפְסְל֞וּ בֹּנֵ֧י שְׁלֹמֹ֛ה וּבֹנֵ֥י חִיר֖וֹם וְהַגִּבְלִ֑ים וַיָּכִ֛ינוּ ה,True
2026-05-17T16:50:26.975688,WLC,1KI,22,54,CHAPTER_BOUNDARY,וַֽיַּעֲבֹד֙ אֶת־ הַבַּ֔עַל וַיִּֽשְׁתַּחֲוֶ֖ה ל֑וֹ וַיַּכְעֵ֗ס אֶת־ יְהוָה֙ אֱל,True
2026-05-17T16:50:26.975811,WLC,1SA,21,16,CHAPTER_BOUNDARY,חֲסַ֤ר מְשֻׁגָּעִים֙ אָ֔נִי כִּי־ הֲבֵאתֶ֣ם אֶת־ זֶ֔ה לְהִשְׁתַּגֵּ֖עַ עָלָ֑י הֲ,True
2026-05-17T16:50:26.975924,WLC,1SA,24,23,CHAPTER_BOUNDARY,וַיִּשָּׁבַ֥ע דָּוִ֖ד לְשָׁא֑וּל וַיֵּ֤לֶךְ שָׁאוּל֙ אֶל־ בֵּית֔וֹ וְדָוִד֙ וַֽא,True
2026-05-17T16:50:26.976043,WLC,2CH,1,18,CHAPTER_BOUNDARY,וַיֹּ֣אמֶר שְׁלֹמֹ֗ה לִבְנ֥וֹת בַּ֙יִת֙ לְשֵׁ֣ם יְהוָ֔ה וּבַ֖יִת לְמַלְכוּתֽוֹ׃,True
2026-05-17T16:50:26.976177,WLC,2CH,13,23,CHAPTER_BOUNDARY,וַיִּשְׁכַּ֨ב אֲבִיָּ֜ה עִם־ אֲבֹתָ֗יו וַיִּקְבְּר֤וּ אֹתוֹ֙ בְּעִ֣יר דָּוִ֔יד ו,True
2026-05-17T16:50:26.976303,WLC,2KI,12,22,CHAPTER_BOUNDARY,וְיוֹזָבָ֣ד בֶּן־ שִׁ֠מְעָת וִיהוֹזָבָ֨ד בֶּן־ שֹׁמֵ֤ר ׀ עֲבָדָיו֙ הִכֻּ֣הוּ וַי,True
2026-05-17T16:50:26.976467,WLC,2SA,19,44,CHAPTER_BOUNDARY,וַיַּ֣עַן אִֽישׁ־ יִשְׂרָאֵל֩ אֶת־ אִ֨ישׁ יְהוּדָ֜ה וַיֹּ֗אמֶר עֶֽשֶׂר־ יָד֨וֹת ,True
2026-05-17T16:50:26.976615,WLC,DAN,3,31,CHAPTER_BOUNDARY,נְבוּכַדְנֶצַּ֣ר מַלְכָּ֗א לְֽכָל־ עַֽמְמַיָּ֞א אֻמַיָּ֧א וְלִשָּׁנַיָּ֛א דִּֽי־,True
2026-05-17T16:50:26.976718,WLC,DAN,3,32,CHAPTER_BOUNDARY,אָֽתַיָּא֙ וְתִמְהַיָּ֔א דִּ֚י עֲבַ֣ד עִמִּ֔י אֱלָהָ֖א שְׁפַ֥ר קֽ͏ָדָמַ֖י לְהַחֲ,True
2026-05-17T16:50:26.976824,WLC,DAN,3,33,CHAPTER_BOUNDARY,אָת֙וֹהִי֙ כְּמָ֣ה רַבְרְבִ֔ין וְתִמְה֖וֹהִי כְּמָ֣ה תַקִּיפִ֑ין מַלְכוּתֵהּ֙ מַ,True
2026-05-17T16:50:26.976945,WLC,DAN,6,29,CHAPTER_BOUNDARY,וְדָנִיֵּ֣אל דְּנָ֔ה הַצְלַ֖ח בְּמַלְכ֣וּת דָּרְיָ֑וֶשׁ וּבְמַלְכ֖וּת כּ֥וֹרֶשׁ,True
2026-05-17T16:50:26.977074,WLC,DEU,13,19,CHAPTER_BOUNDARY,כִּ֣י תִשְׁמַ֗ע בְּקוֹל֙ יְהוָ֣ה אֱלֹהֶ֔יךָ לִשְׁמֹר֙ אֶת־ כָּל־ מִצְוֺתָ֔יו אֲש,True
2026-05-17T16:50:26.977201,WLC,DEU,23,26,CHAPTER_BOUNDARY,כִּ֤י תָבֹא֙ בְּקָמַ֣ת רֵעֶ֔ךָ וְקָטַפְתָּ֥ מְלִילֹ֖ת בְּיָדֶ֑ךָ וְחֶרְמֵשׁ֙ לֹ֣,True
2026-05-17T16:50:26.977360,WLC,DEU,28,69,CHAPTER_BOUNDARY,אֵלֶּה֩ דִבְרֵ֨י הַבְּרִ֜ית אֲ‍ֽשֶׁר־ צִוָּ֧ה יְהוָ֣ה אֶת־ מֹשֶׁ֗ה לִכְרֹ֛ת אֶת־,True
2026-05-17T16:50:26.977534,WLC,ECC,4,17,CHAPTER_BOUNDARY,שְׁמֹ֣ר כַּאֲשֶׁ֤ר תֵּלֵךְ֙ אֶל־ בֵּ֣ית הָאֱלֹהִ֔ים וְקָר֣וֹב לִשְׁמֹ֔עַ מִתֵּ֥ת,True
2026-05-17T16:50:26.977690,WLC,EXO,7,26,CHAPTER_BOUNDARY,וַיֹּ֤אמֶר יְהוָה֙ אֶל־ מֹשֶׁ֔ה בֹּ֖א אֶל־ פַּרְעֹ֑ה וְאָמַרְתָּ֣ אֵלָ֗יו כֹּ֚ה ,True
2026-05-17T16:50:26.977796,WLC,EXO,7,27,CHAPTER_BOUNDARY,וְאִם־ מָאֵ֥ן אַתָּ֖ה לְשַׁלֵּ֑חַ הִנֵּ֣ה אָנֹכִ֗י נֹגֵ֛ף אֶת־ כָּל־ גְּבוּלְךָ֖,True
2026-05-17T16:50:26.977901,WLC,EXO,7,28,CHAPTER_BOUNDARY,וְשָׁרַ֣ץ הַיְאֹר֮ צְפַרְדְּעִים֒ וְעָלוּ֙ וּבָ֣אוּ בְּבֵיתֶ֔ךָ וּבַחֲדַ֥ר מִשְׁ,True
2026-05-17T16:50:26.978005,WLC,EXO,7,29,CHAPTER_BOUNDARY,וּבְכָ֥ה וּֽבְעַמְּךָ֖ וּבְכָל־ עֲבָדֶ֑יךָ יַעֲל֖וּ הַֽצְפַרְדְּעִֽים׃,True
2026-05-17T16:50:26.978194,WLC,EXO,21,37,CHAPTER_BOUNDARY,כִּ֤י יִגְנֹֽב־ אִישׁ֙ שׁ֣וֹר אוֹ־ שֶׂ֔ה וּטְבָח֖וֹ א֣וֹ מְכָר֑וֹ חֲמִשָּׁ֣ה בָק,True
2026-05-17T16:50:26.978343,WLC,EZK,21,33,CHAPTER_BOUNDARY,וְאַתָּ֣ה בֶן־ אָדָ֗ם הִנָּבֵ֤א וְאָֽמַרְתָּ֙ כֹּ֤ה אָמַר֙ אֲדֹנָ֣י יְהֹוִ֔ה אֶל,True
2026-05-17T16:50:26.978541,WLC,EZK,21,34,CHAPTER_BOUNDARY,בַּחֲז֥וֹת לָךְ֙ שָׁ֔וְא בִּקְסָם־ לָ֖ךְ כָּזָ֑ב לָתֵ֣ת אוֹתָ֗ךְ אֶֽל־ צַוְּארֵי,True
2026-05-17T16:50:26.978646,WLC,EZK,21,35,CHAPTER_BOUNDARY,הָשַׁ֖ב אֶל־ תַּעְרָ֑הּ בִּמְק֧וֹם אֲשֶׁר־ נִבְרֵ֛את בְּאֶ֥רֶץ מְכֻרוֹתַ֖יִךְ אֶ,True
2026-05-17T16:50:26.978750,WLC,EZK,21,36,CHAPTER_BOUNDARY,וְשָׁפַכְתִּ֤י עָלַ֙יִךְ֙ זַעְמִ֔י בְּאֵ֥שׁ עֶבְרָתִ֖י אָפִ֣יחַ עָלָ֑יִךְ וּנְתַ,True
2026-05-17T16:50:26.978861,WLC,EZK,21,37,CHAPTER_BOUNDARY,לָאֵ֤שׁ תִּֽהְיֶה֙ לְאָכְלָ֔ה דָּמֵ֥ךְ יִהְיֶ֖ה בְּת֣וֹךְ הָאָ֑רֶץ לֹ֣א תִזָּכֵ֔,True
2026-05-17T16:50:26.978976,WLC,GEN,32,33,CHAPTER_BOUNDARY,עַל־ כֵּ֡ן לֹֽא־ יֹאכְל֨וּ בְנֵֽי־ יִשְׂרָאֵ֜ל אֶת־ גִּ֣יד הַנָּשֶׁ֗ה אֲשֶׁר֙ עַ,True
2026-05-17T16:50:26.979123,WLC,HOS,2,24,CHAPTER_BOUNDARY,וְהָאָ֣רֶץ תַּעֲנֶ֔ה אֶת־ הַדָּגָ֖ן וְאֶת־ הַתִּיר֣וֹשׁ וְאֶת־ הַיִּצְהָ֑ר וְהֵ֖,True
2026-05-17T16:50:26.979228,WLC,HOS,2,25,CHAPTER_BOUNDARY,וּזְרַעְתִּ֤יהָ לִּי֙ בָּאָ֔רֶץ וְרִֽחַמְתִּ֖י אֶת־ לֹ֣א רֻחָ֑מָה וְאָמַרְתִּ֤י ,True
2026-05-17T16:50:26.979393,WLC,HOS,12,15,CHAPTER_BOUNDARY,הִכְעִ֥יס אֶפְרַ֖יִם תַּמְרוּרִ֑ים וְדָמָיו֙ עָלָ֣יו יִטּ֔וֹשׁ וְחֶ֨רְפָּת֔וֹ יָ,True
2026-05-17T16:50:26.979500,WLC,HOS,14,10,CHAPTER_BOUNDARY,מִ֤י חָכָם֙ וְיָ֣בֵֽן אֵ֔לֶּה נָב֖וֹן וְיֵֽדָעֵ֑ם כִּֽי־ יְשָׁרִ֞ים דַּרְכֵ֣י יְ,True
2026-05-17T16:50:26.979663,WLC,ISA,8,23,CHAPTER_BOUNDARY,כִּ֣י לֹ֣א מוּעָף֮ לַאֲשֶׁ֣ר מוּצָ֣ק לָהּ֒ כָּעֵ֣ת הָרִאשׁ֗וֹן הֵקַ֞ל אַ֤רְצָה ז,True
2026-05-17T16:50:26.979809,WLC,JER,8,23,CHAPTER_BOUNDARY,מִֽי־ יִתֵּ֤ן רֹאשִׁי֙ מַ֔יִם וְעֵינִ֖י מְק֣וֹר דִּמְעָ֑ה וְאֶבְכֶּה֙ יוֹמָ֣ם וָ,True
2026-05-17T16:50:26.979980,WLC,JOB,40,25,CHAPTER_BOUNDARY,תִּמְשֹׁ֣ךְ לִוְיָתָ֣ן בְּחַכָּ֑ה וּ֝בְחֶ֗בֶל תַּשְׁקִ֥יעַ לְשֹׁנֽוֹ׃,True
2026-05-17T16:50:26.980101,WLC,JOB,40,26,CHAPTER_BOUNDARY,הֲתָשִׂ֣ים אַגְמ֣וֹן בְּאַפּ֑וֹ וּ֝בְח֗וֹחַ תִּקּ֥וֹב לֶֽחֱיוֹ׃,True
2026-05-17T16:50:26.980215,WLC,JOB,40,27,CHAPTER_BOUNDARY,הֲיַרְבֶּ֣ה אֵ֭לֶיךָ תַּחֲנוּנִ֑ים אִם־ יְדַבֵּ֖ר אֵלֶ֣יךָ רַכּֽוֹת׃,True
2026-05-17T16:50:26.980323,WLC,JOB,40,28,CHAPTER_BOUNDARY,הֲיִכְרֹ֣ת בְּרִ֣ית עִמָּ֑ךְ תִּ֝קָּחֶ֗נּוּ לְעֶ֣בֶד עוֹלָֽם׃,True
2026-05-17T16:50:26.980429,WLC,JOB,40,29,CHAPTER_BOUNDARY,הֽ͏ַתְשַׂחֶק־ בּ֭וֹ כַּצִּפּ֑וֹר וְ֝תִקְשְׁרֶ֗נּוּ לְנַעֲרוֹתֶֽיךָ׃,True
2026-05-17T16:50:26.980535,WLC,JOB,40,30,CHAPTER_BOUNDARY,יִכְר֣וּ עָ֭לָיו חַבָּרִ֑ים יֶ֝חֱצ֗וּהוּ בֵּ֣ין כְּֽנַעֲנִֽים׃,True
2026-05-17T16:50:26.980641,WLC,JOB,40,31,CHAPTER_BOUNDARY,הַֽתְמַלֵּ֣א בְשֻׂכּ֣וֹת עוֹר֑וֹ וּבְצִלְצַ֖ל דָּגִ֣ים רֹאשֽׁוֹ׃,True
2026-05-17T16:50:26.980748,WLC,JOB,40,32,CHAPTER_BOUNDARY,שִׂים־ עָלָ֥יו כַּפֶּ֑ךָ זְכֹ֥ר מִ֝לְחָמָ֗ה אַל־ תּוֹסַֽף׃,True
2026-05-17T16:50:26.980855,WLC,JOL,4,1,CHAPTER_BOUNDARY,כִּ֗י הִנֵּ֛ה בַּיָּמִ֥ים הָהֵ֖מָּה וּבָעֵ֣ת הַהִ֑יא אֲשֶׁ֥ר אֶת־ שְׁב֥וּת יְהוּ,True
2026-05-17T16:50:26.980962,WLC,JOL,4,2,CHAPTER_BOUNDARY,וְקִבַּצְתִּי֙ אֶת־ כָּל־ הַגּוֹיִ֔ם וְה֣וֹרַדְתִּ֔ים אֶל־ עֵ֖מֶק יְהֽוֹשָׁפָ֑ט ,True
2026-05-17T16:50:26.981064,WLC,JOL,4,3,CHAPTER_BOUNDARY,וְאֶל־ עַמִּ֖י יַדּ֣וּ גוֹרָ֑ל וַיִּתְּנ֤וּ הַיֶּ֙לֶד֙ בַּזּוֹנָ֔ה וְהַיַּלְדָּ֛,True
2026-05-17T16:50:26.981168,WLC,JOL,4,4,CHAPTER_BOUNDARY,וְ֠גַם מָה־ אַתֶּ֥ם לִי֙ צֹ֣ר וְצִיד֔וֹן וְכֹ֖ל גְּלִיל֣וֹת פְּלָ֑שֶׁת הַגְּמ֗וּ,True
2026-05-17T16:50:26.981270,WLC,JOL,4,5,CHAPTER_BOUNDARY,אֲשֶׁר־ כַּסְפִּ֥י וּזְהָבִ֖י לְקַחְתֶּ֑ם וּמַֽחֲמַדַּי֙ הַטֹּבִ֔ים הֲבֵאתֶ֖ם לְ,True
2026-05-17T16:50:26.981374,WLC,JOL,4,6,CHAPTER_BOUNDARY,וּבְנֵ֤י יְהוּדָה֙ וּבְנֵ֣י יְרוּשָׁלִַ֔ם מְכַרְתֶּ֖ם לִבְנֵ֣י הַיְּוָנִ֑ים לְמַ,True
2026-05-17T16:50:26.981476,WLC,JOL,4,7,CHAPTER_BOUNDARY,הִנְנִ֣י מְעִירָ֔ם מִן־ הַ֨מָּק֔וֹם אֲשֶׁר־ מְכַרְתֶּ֥ם אֹתָ֖ם שָׁ֑מָּה וַהֲשִׁב,True
2026-05-17T16:50:26.981581,WLC,JOL,4,8,CHAPTER_BOUNDARY,וּמָכַרְתִּ֞י אֶת־ בְּנֵיכֶ֣ם וְאֶת־ בְּנֽוֹתֵיכֶ֗ם בְּיַד֙ בְּנֵ֣י יְהוּדָ֔ה וּ,True
2026-05-17T16:50:26.981684,WLC,JOL,4,9,CHAPTER_BOUNDARY,קִרְאוּ־ זֹאת֙ בַּגּוֹיִ֔ם קַדְּשׁ֖וּ מִלְחָמָ֑ה הָעִ֙ירוּ֙ הַגִּבּוֹרִ֔ים יִגְּ,True
2026-05-17T16:50:26.981805,WLC,JOL,4,10,CHAPTER_BOUNDARY,כֹּ֤תּוּ אִתֵּיכֶם֙ לַֽחֲרָב֔וֹת וּמַזְמְרֹֽתֵיכֶ֖ם לִרְמָחִ֑ים הַֽחַלָּ֔שׁ יֹאמ,True
2026-05-17T16:50:26.981936,WLC,JOL,4,11,CHAPTER_BOUNDARY,ע֣וּשׁוּ וָבֹ֧אוּ כָֽל־ הַגּוֹיִ֛ם מִסָּבִ֖יב וְנִקְבָּ֑צוּ שָׁ֕מָּה הַֽנְחַ֥ת י,True
2026-05-17T16:50:26.982057,WLC,JOL,4,12,CHAPTER_BOUNDARY,יֵע֙וֹרוּ֙ וְיַעֲל֣וּ הַגּוֹיִ֔ם אֶל־ עֵ֖מֶק יְהֽוֹשָׁפָ֑ט כִּ֣י שָׁ֗ם אֵשֵׁ֛ב ל,True
2026-05-17T16:50:26.982177,WLC,JOL,4,13,CHAPTER_BOUNDARY,שִׁלְח֣וּ מַגָּ֔ל כִּ֥י בָשַׁ֖ל קָצִ֑יר בֹּ֤אֽוּ רְדוּ֙ כִּֽי־ מָ֣לְאָה גַּ֔ת הֵ,True
2026-05-17T16:50:26.982298,WLC,JOL,4,14,CHAPTER_BOUNDARY,הֲמוֹנִ֣ים הֲמוֹנִ֔ים בְּעֵ֖מֶק הֶֽחָר֑וּץ כִּ֤י קָרוֹב֙ י֣וֹם יְהוָ֔ה בְּעֵ֖מֶק,True
2026-05-17T16:50:26.982418,WLC,JOL,4,15,CHAPTER_BOUNDARY,שֶׁ֥מֶשׁ וְיָרֵ֖חַ קָדָ֑רוּ וְכוֹכָבִ֖ים אָסְפ֥וּ נָגְהָֽם׃,True
2026-05-17T16:50:26.982539,WLC,JOL,4,16,CHAPTER_BOUNDARY,וַיהוָ֞ה מִצִּ יִשְׁאָ֗ג וּמִירוּשָׁלִַ֙ם֙ יִתֵּ֣ן קוֹל֔וֹ וְרָעֲשׁ֖וּ שָׁמַ֣יִם,True
2026-05-17T16:50:26.982660,WLC,JOL,4,17,CHAPTER_BOUNDARY,וִֽידַעְתֶּ֗ם כִּ֣י אֲנִ֤י יְהוָה֙ אֱלֹ֣הֵיכֶ֔ם שֹׁכֵ֖ן בְּצִיּ֣וֹן הַר־ קָדְשִׁ,True
2026-05-17T16:50:26.982780,WLC,JOL,4,18,CHAPTER_BOUNDARY,וְהָיָה֩ בַיּ֨וֹם הַה֜וּא יִטְּפ֧וּ הֶהָרִ֣ים עָסִ֗יס וְהַגְּבָעוֹת֙ תֵּלַ֣כְנָה,True
2026-05-17T16:50:26.982978,WLC,JOL,4,19,CHAPTER_BOUNDARY,מִצְרַ֙יִם֙ לִשְׁמָמָ֣ה תִֽהְיֶ֔ה וֶאֱד֕וֹם לְמִדְבַּ֥ר שְׁמָמָ֖ה תִּֽהְיֶ֑ה מֵֽ,True
2026-05-17T16:50:26.983098,WLC,JOL,4,20,CHAPTER_BOUNDARY,וִיהוּדָ֖ה לְעוֹלָ֣ם תֵּשֵׁ֑ב וִירוּשָׁלַ֖͏ִם לְד֥וֹר וָדֽוֹר׃,True
2026-05-17T16:50:26.983215,WLC,JOL,4,21,CHAPTER_BOUNDARY,וְנִקֵּ֖יתִי דָּמָ֣ם לֹֽא־ נִקֵּ֑יתִי וַֽיהוָ֖ה שֹׁכֵ֥ן בְּצִיּֽוֹן׃,True
2026-05-17T16:50:26.983337,WLC,JON,2,11,CHAPTER_BOUNDARY,וַיֹּ֥אמֶר יְהוָ֖ה לַדָּ֑ג וַיָּקֵ֥א אֶת־ יוֹנָ֖ה אֶל־ הַיַּבָּשָֽׁה׃,True
2026-05-17T16:50:26.983458,WLC,LEV,5,20,CHAPTER_BOUNDARY,וַיְדַבֵּ֥ר יְהוָ֖ה אֶל־ מֹשֶׁ֥ה לֵּאמֹֽר׃,True
2026-05-17T16:50:26.983578,WLC,LEV,5,21,CHAPTER_BOUNDARY,נֶ֚פֶשׁ כִּ֣י תֶחֱטָ֔א וּמָעֲלָ֥ה מַ֖עַל בַּיהוָ֑ה וְכִחֵ֨שׁ בַּעֲמִית֜וֹ בְּפִק,True
2026-05-17T16:50:26.983697,WLC,LEV,5,22,CHAPTER_BOUNDARY,אֽוֹ־ מָצָ֧א אֲבֵדָ֛ה וְכִ֥חֶשׁ בָּ֖הּ וְנִשְׁבַּ֣ע עַל־ שָׁ֑קֶר עַל־ אַחַ֗ת מִכ,True
2026-05-17T16:50:26.983816,WLC,LEV,5,23,CHAPTER_BOUNDARY,וְהָיָה֮ כִּֽי־ יֶחֱטָ֣א וְאָשֵׁם֒ וְהֵשִׁ֨יב אֶת־ הַגְּזֵלָ֜ה אֲשֶׁ֣ר גָּזָ֗ל א,True
2026-05-17T16:50:26.983914,WLC,LEV,5,24,CHAPTER_BOUNDARY,א֠וֹ מִכֹּ֞ל אֲשֶׁר־ יִשָּׁבַ֣ע עָלָיו֮ לַשֶּׁקֶר֒ וְשִׁלַּ֤ם אֹתוֹ֙ בְּרֹאשׁ֔וֹ,True
2026-05-17T16:50:26.983964,WLC,LEV,5,25,CHAPTER_BOUNDARY,וְאֶת־ אֲשָׁמ֥וֹ יָבִ֖יא לַיהוָ֑ה אַ֣יִל תָּמִ֧ים מִן־ הַצֹּ֛אן בְּעֶרְכְּךָ֥ לְ,True
2026-05-17T16:50:26.984009,WLC,LEV,5,26,CHAPTER_BOUNDARY,וְכִפֶּ֨ר עָלָ֧יו הַכֹּהֵ֛ן לִפְנֵ֥י יְהוָ֖ה וְנִסְלַ֣ח ל֑וֹ עַל־ אַחַ֛ת מִכֹּ֥ל,True
2026-05-17T16:50:26.984119,WLC,MAL,3,19,CHAPTER_BOUNDARY,כִּֽי־ הִנֵּ֤ה הַיּוֹם֙ בָּ֔א בֹּעֵ֖ר כַּתַּנּ֑וּר וְהָי֨וּ כָל־ זֵדִ֜ים וְכָל־ ,True
2026-05-17T16:50:26.984228,WLC,MAL,3,20,CHAPTER_BOUNDARY,וְזָרְחָ֨ה לָכֶ֜ם יִרְאֵ֤י שְׁמִי֙ שֶׁ֣מֶשׁ צְדָקָ֔ה וּמַרְפֵּ֖א בִּכְנָפֶ֑יהָ ו,True
2026-05-17T16:50:26.984425,WLC,MAL,3,21,CHAPTER_BOUNDARY,וְעַסּוֹתֶ֣ם רְשָׁעִ֔ים כִּֽי־ יִהְי֣וּ אֵ֔פֶר תַּ֖חַת כַּפּ֣וֹת רַגְלֵיכֶ֑ם בַּ,True
2026-05-17T16:50:26.984535,WLC,MAL,3,22,CHAPTER_BOUNDARY,זִכְר֕וּ תּוֹרַ֖ת מֹשֶׁ֣ה עַבְדִּ֑י אֲשֶׁר֩ צִוִּ֨יתִי אוֹת֤וֹ בְחֹרֵב֙ עַל־ כָּ,True
2026-05-17T16:50:26.984642,WLC,MAL,3,23,CHAPTER_BOUNDARY,הִנֵּ֤ה אָֽנֹכִי֙ שֹׁלֵ֣חַ לָכֶ֔ם אֵ֖ת אֵלִיָּ֣ה הַנָּבִ֑יא לִפְנֵ֗י בּ֚וֹא י֣וֹ,True
2026-05-17T16:50:26.984750,WLC,MAL,3,24,CHAPTER_BOUNDARY,וְהֵשִׁ֤יב לֵב־ אָבוֹת֙ עַל־ בָּנִ֔ים וְלֵ֥ב בָּנִ֖ים עַל־ אֲבוֹתָ֑ם פֶּן־ אָב֕ו,True
2026-05-17T16:50:26.984857,WLC,MIC,4,14,CHAPTER_BOUNDARY,עַתָּה֙ תִּתְגֹּדְדִ֣י בַת־ גְּד֔וּד מָצ֖וֹר שָׂ֣ם עָלֵ֑ינוּ בַּשֵּׁ֙בֶט֙ יַכּ֣ו,True
2026-05-17T16:50:26.985009,WLC,NAM,2,14,CHAPTER_BOUNDARY,הִנְנִ֣י אֵלַ֗יִךְ נְאֻם֙ יְהוָ֣ה צְבָא֔וֹת וְהִבְעַרְתִּ֤י בֶֽעָשָׁן֙ רִכְבָּ֔ה,True
2026-05-17T16:50:26.985156,WLC,NEH,3,33,CHAPTER_BOUNDARY,וַיְהִ֞י כַּאֲשֶׁ֧ר שָׁמַ֣ע סַנְבַלַּ֗ט כִּֽי־ אֲנַ֤חְנוּ בוֹנִים֙ אֶת־ הַ֣חוֹמָ,True
2026-05-17T16:50:26.985277,WLC,NEH,3,34,CHAPTER_BOUNDARY,וַיֹּ֣אמֶר ׀ לִפְנֵ֣י אֶחָ֗יו וְחֵיל֙ שֹֽׁמְר֔וֹן וַיֹּ֕אמֶר מָ֛ה הַיְּהוּדִ֥ים ,True
2026-05-17T16:50:26.985398,WLC,NEH,3,35,CHAPTER_BOUNDARY,וְטוֹבִיָּ֥ה הָעַמֹּנִ֖י אֶצְל֑וֹ וַיֹּ֗אמֶר גַּ֚ם אֲשֶׁר־ הֵ֣ם בּוֹנִ֔ים אִם־ י,True
2026-05-17T16:50:26.985519,WLC,NEH,3,36,CHAPTER_BOUNDARY,שְׁמַ֤ע אֱלֹהֵ֙ינוּ֙ כִּֽי־ הָיִ֣ינוּ בוּזָ֔ה וְהָשֵׁ֥ב חֶרְפָּתָ֖ם אֶל־ רֹאשָׁ֑,True
2026-05-17T16:50:26.985644,WLC,NEH,3,37,CHAPTER_BOUNDARY,וְאַל־ תְּכַס֙ עַל־ עֲוֺנָ֔ם וְחַטָּאתָ֖ם מִלְּפָנֶ֣יךָ אַל־ תִּמָּחֶ֑ה כִּ֥י הִ,True
2026-05-17T16:50:26.985764,WLC,NEH,3,38,CHAPTER_BOUNDARY,וַנִּבְנֶה֙ אֶת־ הַ֣חוֹמָ֔ה וַתִּקָּשֵׁ֥ר כָּל־ הַחוֹמָ֖ה עַד־ חֶצְיָ֑הּ וַיְהִ֧,True
2026-05-17T16:50:26.985872,WLC,NEH,10,40,CHAPTER_BOUNDARY,כִּ֣י אֶל־ הַ֠לְּשָׁכוֹת יָבִ֨יאוּ בְנֵי־ יִשְׂרָאֵ֜ל וּבְנֵ֣י הַלֵּוִ֗י אֶת־ תּ,True
2026-05-17T16:50:26.986020,WLC,NUM,17,14,CHAPTER_BOUNDARY,וַיִּהְי֗וּ הַמֵּתִים֙ בַּמַּגֵּפָ֔ה אַרְבָּעָ֥ה עָשָׂ֛ר אֶ֖לֶף וּשְׁבַ֣ע מֵא֑וֹ,True
2026-05-17T16:50:26.986124,WLC,NUM,17,15,CHAPTER_BOUNDARY,וַיָּ֤שָׁב אַהֲרֹן֙ אֶל־ מֹשֶׁ֔ה אֶל־ פֶּ֖תַח אֹ֣הֶל מוֹעֵ֑ד וְהַמַּגֵּפָ֖ה נֶעֱ,True
2026-05-17T16:50:26.986229,WLC,NUM,17,16,CHAPTER_BOUNDARY,וַיְדַבֵּ֥ר יְהוָ֖ה אֶל־ מֹשֶׁ֥ה לֵּאמֹֽר׃,True
2026-05-17T16:50:26.986333,WLC,NUM,17,17,CHAPTER_BOUNDARY,דַּבֵּ֣ר ׀ אֶל־ בְּנֵ֣י יִשְׂרָאֵ֗ל וְקַ֣ח מֵֽאִתָּ֡ם מַטֶּ֣ה מַטֶּה֩ לְבֵ֨ית אָ,True
2026-05-17T16:50:26.986438,WLC,NUM,17,18,CHAPTER_BOUNDARY,וְאֵת֙ שֵׁ֣ם אַהֲרֹ֔ן תִּכְתֹּ֖ב עַל־ מַטֵּ֣ה לֵוִ֑י כִּ֚י מַטֶּ֣ה אֶחָ֔ד לְרֹ֖א,True
2026-05-17T16:50:26.986542,WLC,NUM,17,19,CHAPTER_BOUNDARY,וְהִנַּחְתָּ֖ם בְּאֹ֣הֶל מוֹעֵ֑ד לִפְנֵי֙ הָֽעֵד֔וּת אֲשֶׁ֛ר אִוָּעֵ֥ד לָכֶ֖ם שׁ,True
2026-05-17T16:50:26.986646,WLC,NUM,17,20,CHAPTER_BOUNDARY,וְהָיָ֗ה הָאִ֛ישׁ אֲשֶׁ֥ר אֶבְחַר־ בּ֖וֹ מַטֵּ֣הוּ יִפְרָ֑ח וַהֲשִׁכֹּתִ֣י מֵֽעָ,True
2026-05-17T16:50:26.986751,WLC,NUM,17,21,CHAPTER_BOUNDARY,וַיְדַבֵּ֨ר מֹשֶׁ֜ה אֶל־ בְּנֵ֣י יִשְׂרָאֵ֗ל וַיִּתְּנ֣וּ אֵלָ֣יו ׀ כָּֽל־ נְשִׂ,True
2026-05-17T16:50:26.986859,WLC,NUM,17,22,CHAPTER_BOUNDARY,וַיַּנַּ֥ח מֹשֶׁ֛ה אֶת־ הַמַּטֹּ֖ת לִפְנֵ֣י יְהוָ֑ה בְּאֹ֖הֶל הָעֵדֻֽת׃,True
2026-05-17T16:50:26.986965,WLC,NUM,17,23,CHAPTER_BOUNDARY,וַיְהִ֣י מִֽמָּחֳרָ֗ת וַיָּבֹ֤א מֹשֶׁה֙ אֶל־ אֹ֣הֶל הָעֵד֔וּת וְהִנֵּ֛ה פָּרַ֥ח ,True
2026-05-17T16:50:26.987070,WLC,NUM,17,24,CHAPTER_BOUNDARY,וַיֹּצֵ֨א מֹשֶׁ֤ה אֶת־ כָּל־ הַמַּטֹּת֙ מִלִּפְנֵ֣י יְהוָ֔ה אֶֽל־ כָּל־ בְּנֵ֖י ,True
2026-05-17T16:50:26.987173,WLC,NUM,17,25,CHAPTER_BOUNDARY,וַיֹּ֨אמֶר יְהוָ֜ה אֶל־ מֹשֶׁ֗ה הָשֵׁ֞ב אֶת־ מַטֵּ֤ה אַהֲרֹן֙ לִפְנֵ֣י הָעֵד֔וּת,True
2026-05-17T16:50:26.987277,WLC,NUM,17,26,CHAPTER_BOUNDARY,וַיַּ֖עַשׂ מֹשֶׁ֑ה כַּאֲשֶׁ֨ר צִוָּ֧ה יְהוָ֛ה אֹת֖וֹ כֵּ֥ן עָשָֽׂה׃,True
2026-05-17T16:50:26.987380,WLC,NUM,17,27,CHAPTER_BOUNDARY,וַיֹּֽאמְרוּ֙ בְּנֵ֣י יִשְׂרָאֵ֔ל אֶל־ מֹשֶׁ֖ה לֵאמֹ֑ר הֵ֥ן גָּוַ֛עְנוּ אָבַ֖דְנ,True
2026-05-17T16:50:26.987486,WLC,NUM,17,28,CHAPTER_BOUNDARY,כֹּ֣ל הַקָּרֵ֧ב ׀ הַקָּרֵ֛ב אֶל־ מִשְׁכַּ֥ן יְהוָ֖ה יָמ֑וּת הַאִ֥ם תַּ֖מְנוּ לִג,True
2026-05-17T16:50:26.987592,WLC,NUM,25,19,CHAPTER_BOUNDARY,וַיְהִ֖י אַחֲרֵ֣י הַמַּגֵּפָ֑ה,True
2026-05-17T16:50:26.987741,WLC,NUM,30,17,CHAPTER_BOUNDARY,אֵ֣לֶּה הֽ͏ַחֻקִּ֗ים אֲשֶׁ֨ר צִוָּ֤ה יְהוָה֙ אֶת־ מֹשֶׁ֔ה בֵּ֥ין אִ֖ישׁ לְאִשְׁת,True
2026-05-17T16:50:26.987860,WLC,PSA,3,9,SUPERSCRIPTION,לַיהוָ֥ה הַיְשׁוּעָ֑ה עַֽל־ עַמְּךָ֖ בִרְכָתֶ֣ךָ סֶּֽלָה׃,True
2026-05-17T16:50:26.987990,WLC,PSA,4,9,SUPERSCRIPTION,בְּשָׁל֣וֹם יַחְדָּו֮ אֶשְׁכְּבָ֢ה וְאִ֫ישָׁ֥ן כִּֽי־ אַתָּ֣ה יְהוָ֣ה לְבָדָ֑ד ל,True
2026-05-17T16:50:26.988114,WLC,PSA,5,13,SUPERSCRIPTION,כִּֽי־ אַתָּה֮ תְּבָרֵ֢ךְ צַ֫דִּ֥יק יְהוָ֑ה כַּ֝צִּנָּ֗ה רָצ֥וֹן תַּעְטְרֶֽנּוּ׃,True
2026-05-17T16:50:26.988248,WLC,PSA,6,11,SUPERSCRIPTION,יֵבֹ֤שׁוּ ׀ וְיִבָּהֲל֣וּ מְ֭אֹד כָּל־ אֹיְבָ֑י יָ֝שֻׁ֗בוּ יֵבֹ֥שׁוּ רָֽגַע׃,True
2026-05-17T16:50:26.988374,WLC,PSA,7,18,SUPERSCRIPTION,אוֹדֶ֣ה יְהוָ֣ה כְּצִדְק֑וֹ וַ֝אֲזַמְּרָ֗ה שֵֽׁם־ יְהוָ֥ה עֶלְיֽוֹן׃,True
2026-05-17T16:50:26.988520,WLC,PSA,8,10,SUPERSCRIPTION,יְהוָ֥ה אֲדֹנֵ֑ינוּ מָֽה־ אַדִּ֥יר שִׁ֝מְךָ֗ בְּכָל־ הָאָֽרֶץ׃,True
2026-05-17T16:50:26.988646,WLC,PSA,9,21,SUPERSCRIPTION,שִׁ֘יתָ֤ה יְהוָ֨ה ׀ מוֹרָ֗ה לָ֫הֶ֥ם יֵדְע֥וּ גוֹיִ֑ם אֱנ֖וֹשׁ הֵ֣מָּה סֶּֽלָה׃,True
2026-05-17T16:50:26.988766,WLC,PSA,12,9,SUPERSCRIPTION,סָבִ֗יב רְשָׁעִ֥ים יִתְהַלָּכ֑וּן כְּרֻ֥ם זֻ֝לּ֗וּת לִבְנֵ֥י אָדָֽם׃,True
2026-05-17T16:50:26.988907,WLC,PSA,18,51,SUPERSCRIPTION,יְשׁוּע֢וֹת מַ֫לְכּ֥וֹ וְעֹ֤שֶׂה חֶ֨סֶד ׀ לִמְשִׁיח֗וֹ לְדָוִ֥ד וּלְזַרְע֗וֹ עַד,True
2026-05-17T16:50:26.989031,WLC,PSA,19,15,SUPERSCRIPTION,יִֽהְי לְרָצ֨וֹן ׀ אִמְרֵי־ פִ֡י וְהֶגְי֣וֹן לִבִּ֣י לְפָנֶ֑יךָ יְ֝הוָ֗ה צוּרִ֥י,True
2026-05-17T16:50:26.989147,WLC,PSA,20,10,SUPERSCRIPTION,יְהוָ֥ה הוֹשִׁ֑יעָה הַ֝מֶּ֗לֶךְ יַעֲנֵ֥נוּ בְיוֹם־ קָרְאֵֽנוּ׃,True
2026-05-17T16:50:26.989284,WLC,PSA,21,14,SUPERSCRIPTION,ר֣וּמָה יְהוָ֣ה בְּעֻזֶּ֑ךָ נָשִׁ֥ירָה וּֽ֝נְזַמְּרָה גְּבוּרָתֶֽךָ׃,True
2026-05-17T16:50:26.989409,WLC,PSA,22,32,SUPERSCRIPTION,יָ֭בֹאוּ וְיַגִּ֣ידוּ צִדְקָת֑וֹ לְעַ֥ם נ֝וֹלָ֗ד כִּ֣י עָשָֽׂה׃,True
2026-05-17T16:50:26.989568,WLC,PSA,30,13,SUPERSCRIPTION,לְמַ֤עַן ׀ יְזַמֶּרְךָ֣ כָ֭בוֹד וְלֹ֣א יִדֹּ֑ם יְהוָ֥ה אֱ֝לֹהַ֗י לְעוֹלָ֥ם אוֹדֶ,True
2026-05-17T16:50:26.989685,WLC,PSA,31,25,SUPERSCRIPTION,חִ֭זְקוּ וְיַאֲמֵ֣ץ לְבַבְכֶ֑ם כָּל־ הַ֝מְיַחֲלִ֗ים לַיהוָֽה׃,True
2026-05-17T16:50:26.989799,WLC,PSA,34,23,SUPERSCRIPTION,פּוֹדֶ֣ה יְ֭הוָה נֶ֣פֶשׁ עֲבָדָ֑יו וְלֹ֥א יֶ֝אְשְׁמ֗וּ כָּֽל־ הַחֹסִ֥ים בּֽוֹ׃,True
2026-05-17T16:50:26.989907,WLC,PSA,36,13,SUPERSCRIPTION,שָׁ֣ם נָ֭פְלוּ פֹּ֣עֲלֵי אָ֑וֶן דֹּ֝ח֗וּ וְלֹא־ יָ֥כְלוּ קֽוּם׃,True
2026-05-17T16:50:26.990011,WLC,PSA,38,23,SUPERSCRIPTION,ח֥וּשָׁה לְעֶזְרָתִ֑י אֲ֝דֹנָ֗י תְּשׁוּעָתִֽי׃,True
2026-05-17T16:50:26.990112,WLC,PSA,39,14,SUPERSCRIPTION,הָשַׁ֣ע מִמֶּ֣נִּי וְאַבְלִ֑יגָה בְּטֶ֖רֶם אֵלֵ֣ךְ וְאֵינֶֽנִּי׃,True
2026-05-17T16:50:26.990216,WLC,PSA,40,18,SUPERSCRIPTION,וַאֲנִ֤י ׀ עָנִ֣י וְאֶבְיוֹן֮ אֲדֹנָ֢י יַחֲשָׁ֫ב לִ֥י עֶזְרָתִ֣י וּמְפַלְטִ֣י אַ,True
2026-05-17T16:50:26.990321,WLC,PSA,41,14,SUPERSCRIPTION,בָּ֘ר֤וּךְ יְהוָ֨ה ׀ אֱלֹ֘הֵ֤י יִשְׂרָאֵ֗ל מֵֽ֭הָעוֹלָם וְעַ֥ד הָעוֹלָ֗ם אָ֘מֵ֥ן,True
2026-05-17T16:50:26.990423,WLC,PSA,42,12,SUPERSCRIPTION,מַה־ תִּשְׁתּ֬וֹחֲחִ֨י ׀ נַפְשִׁי֮ וּֽמַה־ תֶּהֱמִ֢י עָ֫לָ֥י הוֹחִ֣ילִי לֽ͏ֵ֭אלֹ,True
2026-05-17T16:50:26.990527,WLC,PSA,44,27,SUPERSCRIPTION,ק֭וּמָֽה עֶזְרָ֣תָה לָּ֑נוּ וּ֝פְדֵ֗נוּ לְמַ֣עַן חַסְדֶּֽךָ׃,True
2026-05-17T16:50:26.990628,WLC,PSA,45,18,SUPERSCRIPTION,אַזְכִּ֣ירָה שִׁ֭מְךָ בְּכָל־ דֹּ֣ר וָדֹ֑ר עַל־ כֵּ֥ן עַמִּ֥ים יְ֝הוֹדֻ֗ךָ לְעֹל,True
2026-05-17T16:50:26.990747,WLC,PSA,46,12,SUPERSCRIPTION,יְהוָ֣ה צְבָא֣וֹת עִמָּ֑נוּ מִשְׂגָּֽב־ לָ֝נוּ אֱלֹהֵ֖י יַעֲקֹ֣ב סֶֽלָה׃,True
2026-05-17T16:50:26.990853,WLC,PSA,47,10,SUPERSCRIPTION,נְדִ֘יבֵ֤י עַמִּ֨ים ׀ נֶאֱסָ֗פוּ עַם֮ אֱלֹהֵ֢י אַבְרָ֫הָ֥ם כִּ֣י לֵֽ֭אלֹהִים מָֽ,True
2026-05-17T16:50:26.990957,WLC,PSA,48,15,SUPERSCRIPTION,כִּ֤י זֶ֨ה ׀ אֱלֹהִ֣ים אֱ֭לֹהֵינוּ עוֹלָ֣ם וָעֶ֑ד ה֖וּא יְנַהֲגֵ֣נוּ עַל־ מֽוּת׃,True
2026-05-17T16:50:26.991063,WLC,PSA,49,21,SUPERSCRIPTION,אָדָ֣ם בִּ֭יקָר וְלֹ֣א יָבִ֑ין נִמְשַׁ֖ל כַּבְּהֵמ֣וֹת נִדְמֽוּ׃,True
2026-05-17T16:50:26.991168,WLC,PSA,51,20,SUPERSCRIPTION,הֵיטִ֣יבָה בִ֭רְצוֹנְךָ אֶת־ צִיּ֑וֹן תִּ֝בְנֶ֗ה חוֹמ֥וֹת יְרוּשָׁלָֽ͏ִם׃,True
2026-05-17T16:50:26.991271,WLC,PSA,51,21,SUPERSCRIPTION,אָ֤ז תַּחְפֹּ֣ץ זִבְחֵי־ צֶ֭דֶק עוֹלָ֣ה וְכָלִ֑יל אָ֤ז יַעֲל֖וּ עַל־ מִזְבַּחֲךָ,True
2026-05-17T16:50:26.991372,WLC,PSA,52,10,SUPERSCRIPTION,וַאֲנִ֤י ׀ כְּזַ֣יִת רַ֭עֲנָן בְּבֵ֣ית אֱלֹהִ֑ים בָּטַ֥חְתִּי בְחֶֽסֶד־ אֱ֝לֹהִ֗,True
2026-05-17T16:50:26.991473,WLC,PSA,52,11,SUPERSCRIPTION,אוֹדְךָ֣ לְ֭עוֹלָם כִּ֣י עָשִׂ֑יתָ וַאֲקַוֶּ֥ה שִׁמְךָ֥ כִֽי־ ט֝֗וֹב נֶ֣גֶד חֲסִ,True
2026-05-17T16:50:26.991574,WLC,PSA,53,7,SUPERSCRIPTION,מִ֥י יִתֵּ֣ן מִצִיּוֹן֮ יְשֻׁע֢וֹת יִשְׂרָ֫אֵ֥ל בְּשׁ֣וּב אֱ֭לֹהִים שְׁב֣וּת עַמ,True
2026-05-17T16:50:26.991693,WLC,PSA,54,8,SUPERSCRIPTION,בִּנְדָבָ֥ה אֶזְבְּחָה־ לָּ֑ךְ א֤וֹדֶה שִּׁמְךָ֖ יְהוָ֣ה כִּי־ טֽוֹב׃,True
2026-05-17T16:50:26.991810,WLC,PSA,54,9,SUPERSCRIPTION,כִּ֣י מִכָּל־ צָ֭רָה הִצִּילָ֑נִי וּ֝בְאֹיְבַ֗י רָאֲתָ֥ה עֵינִֽי׃,True
2026-05-17T16:50:26.991966,WLC,PSA,55,24,SUPERSCRIPTION,וְאַתָּ֤ה אֱלֹהִ֨ים ׀ תּוֹרִדֵ֬ם ׀ לִבְאֵ֬ר שַׁ֗חַת אַנְשֵׁ֤י דָמִ֣ים וּ֖ לֹא־ י,True
2026-05-17T16:50:26.992070,WLC,PSA,56,14,SUPERSCRIPTION,כִּ֤י הִצַּ֪לְתָּ נַפְשִׁ֡י מִמָּוֶת֮ הֲלֹ֥א רַגְלַ֗י מִ֫דֶּ֥חִי לְ֭הִֽתְהַלֵּךְ,True
2026-05-17T16:50:26.992200,WLC,PSA,57,12,SUPERSCRIPTION,ר֣וּמָה עַל־ שָׁמַ֣יִם אֱלֹהִ֑ים עַ֖ל כָּל־ הָאָ֣רֶץ כְּבוֹדֶֽךָ׃,True
2026-05-17T16:50:26.992316,WLC,PSA,58,12,SUPERSCRIPTION,וְיֹאמַ֣ר אָ֭דָם אַךְ־ פְּרִ֣י לַצַּדִּ֑יק אַ֥ךְ יֵשׁ־ אֱ֝לֹהִ֗ים שֹׁפְטִ֥ים בָּ,True
2026-05-17T16:50:26.992419,WLC,PSA,59,18,SUPERSCRIPTION,עֻ֭זִּי אֵלֶ֣יךָ אֲזַמֵּ֑רָה כִּֽי־ אֱלֹהִ֥ים מִ֝שְׂגַּבִּ֗י אֱלֹהֵ֥י חַסְדִּֽי׃,True
2026-05-17T16:50:26.992537,WLC,PSA,60,13,SUPERSCRIPTION,הָֽבָה־ לָּ֣נוּ עֶזְרָ֣ת מִצָּ֑ר וְ֝שָׁ֗וְא תְּשׁוּעַ֥ת אָדָם׃,True
2026-05-17T16:50:26.992659,WLC,PSA,60,14,SUPERSCRIPTION,בֵּֽאלֹהִ֥ים נַעֲשֶׂה־ חָ֑יִל וְ֝ה֗וּא יָב֥וּס צָרֵֽינוּ׃,True
2026-05-17T16:50:26.992777,WLC,PSA,61,9,SUPERSCRIPTION,כֵּ֤ן אֲזַמְּרָ֣ה שִׁמְךָ֣ לָעַ֑ד לְֽשַׁלְּמִ֥י נְ֝דָרַ֗י י֣וֹם ׀ יֽוֹם׃,True
2026-05-17T16:50:26.992885,WLC,PSA,62,13,SUPERSCRIPTION,וּלְךָֽ־ אֲדֹנָ֥י חָ֑סֶד כִּֽי־ אַתָּ֨ה תְשַׁלֵּ֖ם לְאִ֣ישׁ כְּֽמַעֲשֵֽׂהוּ׃,True
2026-05-17T16:50:26.992993,WLC,PSA,63,12,SUPERSCRIPTION,וְהַמֶּלֶךְ֮ יִשְׂמַ֢ח בֵּאלֹ֫הִ֥ים יִ֭תְהַלֵּל כָּל־ הַנִּשְׁבָּ֣ע בּ֑וֹ כִּ֥י ,True
2026-05-17T16:50:26.993130,WLC,PSA,64,11,SUPERSCRIPTION,יִשְׂמַ֬ח צַדִּ֣יק בַּ֭יהוָה וְחָ֣סָה ב֑וֹ וְ֝יִתְהַֽלְל֗וּ כָּל־ יִשְׁרֵי־ לֵֽב,True
2026-05-17T16:50:26.993272,WLC,PSA,65,14,SUPERSCRIPTION,לָבְשׁ֬וּ כָרִ֨ים ׀ הַצֹּ֗אן וַעֲמָקִ֥ים יַֽעַטְפוּ־ בָ֑ר יִ֝תְרוֹעֲע֗וּ אַף־ יָ,True
2026-05-17T16:50:26.993382,WLC,PSA,67,8,SUPERSCRIPTION,יְבָרְכֵ֥נוּ אֱלֹהִ֑ים וְיִֽירְא֥וּ אֹ֝ת֗וֹ כָּל־ אַפְסֵי־ אָֽרֶץ׃,True
2026-05-17T16:50:26.993489,WLC,PSA,68,36,SUPERSCRIPTION,נ֤וֹרָ֥א אֱלֹהִ֗ים מִֽמִּקְדָּ֫שֶׁ֥יךָ אֵ֤ל יִשְׂרָאֵ֗ל ה֤וּא נֹתֵ֨ן ׀ עֹ֖ז וְתַ,True
2026-05-17T16:50:26.993595,WLC,PSA,69,37,SUPERSCRIPTION,וְזֶ֣רַע עֲ֭בָדָיו יִנְחָל֑וּהָ וְאֹהֲבֵ֥י שְׁ֝מ֗וֹ יִשְׁכְּנוּ־ בָֽהּ׃,True
2026-05-17T16:50:26.993699,WLC,PSA,70,6,SUPERSCRIPTION,וַאֲנִ֤י ׀ עָנִ֣י וְאֶבְיוֹן֮ אֱלֹהִ֢ים חֽוּשָׁ֫ה־ לִּ֥י עֶזְרִ֣י וּמְפַלְטִ֣י א,True
2026-05-17T16:50:26.993802,WLC,PSA,75,11,SUPERSCRIPTION,וְכָל־ קַרְנֵ֣י רְשָׁעִ֣ים אֲגַדֵּ֑עַ תְּ֝רוֹמַ֗מְנָה קַֽרְנ֥וֹת צַדִּֽ֥,True
2026-05-17T16:50:26.993923,WLC,PSA,76,13,SUPERSCRIPTION,יִ֭בְצֹר ר֣וּחַ נְגִידִ֑ים נ֝וֹרָ֗א לְמַלְכֵי־ אָֽרֶץ׃,True
2026-05-17T16:50:26.994030,WLC,PSA,77,21,SUPERSCRIPTION,נָחִ֣יתָ כַצֹּ֣אן עַמֶּ֑ךָ בְּֽיַד־ מֹשֶׁ֥ה וְאַהֲרֹֽן׃,True
2026-05-17T16:50:26.994135,WLC,PSA,80,20,SUPERSCRIPTION,יְה֘וָ֤ה אֱלֹהִ֣ים צְבָא֣וֹת הֲשִׁיבֵ֑נוּ הָאֵ֥ר פָּ֝נֶ֗יךָ וְנִוָּשֵֽׁעָה׃,True
2026-05-17T16:50:26.994237,WLC,PSA,81,17,SUPERSCRIPTION,וֽ͏ַ֭יַּאֲכִילֵהוּ מֵחֵ֣לֶב חִטָּ֑ה וּ֝מִצּ֗וּר דְּבַ֣שׁ אַשְׂבִּיעֶֽךָ׃,True
2026-05-17T16:50:26.994383,WLC,PSA,83,19,SUPERSCRIPTION,וְֽיֵדְע֗וּ כִּֽי־ אַתָּ֬ה שִׁמְךָ֣ יְהוָ֣ה לְבַדֶּ֑ךָ עֶ֝לְי֗וֹן עַל־ כָּל־ הָא,True
2026-05-17T16:50:26.994484,WLC,PSA,84,13,SUPERSCRIPTION,יְהוָ֥ה צְבָא֑וֹת אַֽשְׁרֵ֥י אָ֝דָ֗ם בֹּטֵ֥חַ בָּֽךְ׃,True
2026-05-17T16:50:26.994602,WLC,PSA,85,14,SUPERSCRIPTION,צֶ֭דֶק לְפָנָ֣יו יְהַלֵּ֑ךְ וְיָשֵׂ֖ם לְדֶ֣רֶךְ פְּעָמָֽיו׃,True
2026-05-17T16:50:26.994723,WLC,PSA,88,19,SUPERSCRIPTION,הִרְחַ֣קְתָּ מִ֭מֶּנִּי אֹהֵ֣ב וָרֵ֑עַ מְֽיֻדָּעַ֥י מַחְשָֽׁךְ׃,True
2026-05-17T16:50:26.994853,WLC,PSA,89,53,SUPERSCRIPTION,בָּר֖וּךְ יְהוָ֥ה לְ֝עוֹלָ֗ם אָ֘מֵ֥ן ׀ וְאָמֵֽן׃,True
2026-05-17T16:50:26.994978,WLC,PSA,92,16,SUPERSCRIPTION,לְ֭הַגִּיד כִּֽי־ יָשָׁ֣ר יְהוָ֑ה צ֝וּרִ֗י וְֽלֹא־ בּֽוֹ׃,True
2026-05-17T16:50:26.995080,WLC,PSA,102,29,SUPERSCRIPTION,בְּנֵֽי־ עֲבָדֶ֥יךָ יִשְׁכּ֑וֹנוּ וְ֝זַרְעָ֗ם לְפָנֶ֥יךָ יִכּֽוֹן׃,True
2026-05-17T16:50:26.995199,WLC,PSA,108,14,SUPERSCRIPTION,בֵּֽאלֹהִ֥ים נַעֲשֶׂה־ חָ֑יִל וְ֝ה֗וּא יָב֥וּס צָרֵֽינוּ׃,True
2026-05-17T16:50:26.995345,WLC,PSA,140,14,SUPERSCRIPTION,אַ֣ךְ צַ֭דִּיקִים יוֹד֣וּ לִשְׁמֶ֑ךָ יֵשְׁב֥וּ יְ֝שָׁרִ֗ים אֶת־ פָּנֶֽיךָ׃,True
2026-05-17T16:50:26.995446,WLC,PSA,142,8,SUPERSCRIPTION,ה֘וֹצִ֤יאָה מִמַּסְגֵּ֨ר ׀ נַפְשִׁי֮ לְהוֹד֢וֹת אֶת־ שְׁ֫מֶ֥ךָ בִּ֭י יַכְתִּ֣רוּ,True
2026-05-17T16:50:26.995572,WLC,SNG,7,14,CHAPTER_BOUNDARY,הַֽדּוּדָאִ֣ים נָֽתְנוּ־ רֵ֗יחַ וְעַל־ פְּתָחֵ֙ינוּ֙ כָּל־ מְגָדִ֔ים חֲדָשִׁ֖ים ,True
2026-05-17T16:50:26.995679,WLC,ZEC,2,14,CHAPTER_BOUNDARY,רָנִּ֥י וְשִׂמְחִ֖י בַּת־ צִיּ֑וֹן כִּ֧י הִנְנִי־ בָ֛א וְשָׁכַנְתִּ֥י בְתוֹכֵ֖ךְ,True
2026-05-17T16:50:26.995786,WLC,ZEC,2,15,CHAPTER_BOUNDARY,וְנִלְווּ֩ גוֹיִ֨ם רַבִּ֤ים אֶל־ יְהוָה֙ בַּיּ֣וֹם הַה֔וּא וְהָ֥יוּ לִ֖י לְעָ֑ם ,True
2026-05-17T16:50:26.995893,WLC,ZEC,2,16,CHAPTER_BOUNDARY,וְנָחַ֨ל יְהוָ֤ה אֶת־ יְהוּדָה֙ חֶלְק֔וֹ עַ֖ל אַדְמַ֣ת הַקֹּ֑דֶשׁ וּבָחַ֥ר ע֖וֹד,True
2026-05-17T16:50:26.996001,WLC,ZEC,2,17,CHAPTER_BOUNDARY,הַ֥ס כָּל־ בָּשָׂ֖ר מִפְּנֵ֣י יְהוָ֑ה כִּ֥י נֵע֖וֹר מִמְּע֥וֹן קָדְשֽׁוֹ׃,True
