phase,action,resolution,source,target,book,wlc_ch,wlc_v,note,dry_run
1,APPARATUS,APPARATUS,001_GEN_032_033_WLC.txt,001_GEN_033_001_WLC.txt,GEN,32,33,,True
1,APPARATUS,APPARATUS,002_EXO_007_026_WLC.txt,002_EXO_008_001_WLC.txt,EXO,7,26,,True
1,APPARATUS,APPARATUS,002_EXO_007_027_WLC.txt,002_EXO_008_002_WLC.txt,EXO,7,27,,True
1,APPARATUS,APPARATUS,002_EXO_007_028_WLC.txt,002_EXO_008_003_WLC.txt,EXO,7,28,,True
1,APPARATUS,APPARATUS,002_EXO_007_029_WLC.txt,002_EXO_008_004_WLC.txt,EXO,7,29,,True
1,APPARATUS,APPARATUS,002_EXO_021_037_WLC.txt,002_EXO_022_001_WLC.txt,EXO,21,37,,True
1,DUPLICATE,DUPLICATE,003_LEV_005_020_WLC.txt,003_LEV_006_001_WLC.txt,LEV,5,20,,True
1,APPARATUS,APPARATUS,003_LEV_005_021_WLC.txt,003_LEV_006_002_WLC.txt,LEV,5,21,,True
1,APPARATUS,APPARATUS,003_LEV_005_022_WLC.txt,003_LEV_006_003_WLC.txt,LEV,5,22,,True
1,APPARATUS,APPARATUS,003_LEV_005_023_WLC.txt,003_LEV_006_004_WLC.txt,LEV,5,23,,True
1,APPARATUS,APPARATUS,003_LEV_005_024_WLC.txt,003_LEV_006_005_WLC.txt,LEV,5,24,,True
1,APPARATUS,APPARATUS,003_LEV_005_025_WLC.txt,003_LEV_006_006_WLC.txt,LEV,5,25,,True
1,APPARATUS,APPARATUS,003_LEV_005_026_WLC.txt,003_LEV_006_007_WLC.txt,LEV,5,26,,True
1,APPARATUS,APPARATUS,004_NUM_017_014_WLC.txt,004_NUM_018_001_WLC.txt,NUM,17,14,,True
1,APPARATUS,APPARATUS,004_NUM_017_015_WLC.txt,004_NUM_018_002_WLC.txt,NUM,17,15,,True
1,APPARATUS,APPARATUS,004_NUM_017_016_WLC.txt,004_NUM_018_003_WLC.txt,NUM,17,16,,True
1,APPARATUS,APPARATUS,004_NUM_017_017_WLC.txt,004_NUM_018_004_WLC.txt,NUM,17,17,,True
1,APPARATUS,APPARATUS,004_NUM_017_018_WLC.txt,004_NUM_018_005_WLC.txt,NUM,17,18,,True
1,APPARATUS,APPARATUS,004_NUM_017_019_WLC.txt,004_NUM_018_006_WLC.txt,NUM,17,19,,True
1,APPARATUS,APPARATUS,004_NUM_017_020_WLC.txt,004_NUM_018_007_WLC.txt,NUM,17,20,,True
1,APPARATUS,APPARATUS,004_NUM_017_021_WLC.txt,004_NUM_018_008_WLC.txt,NUM,17,21,,True
1,APPARATUS,APPARATUS,004_NUM_017_022_WLC.txt,004_NUM_018_009_WLC.txt,NUM,17,22,,True
1,APPARATUS,APPARATUS,004_NUM_017_023_WLC.txt,004_NUM_018_010_WLC.txt,NUM,17,23,,True
1,APPARATUS,APPARATUS,004_NUM_017_024_WLC.txt,004_NUM_018_011_WLC.txt,NUM,17,24,,True
1,APPARATUS,APPARATUS,004_NUM_017_025_WLC.txt,004_NUM_018_012_WLC.txt,NUM,17,25,,True
1,APPARATUS,APPARATUS,004_NUM_017_026_WLC.txt,004_NUM_018_013_WLC.txt,NUM,17,26,,True
1,APPARATUS,APPARATUS,004_NUM_017_027_WLC.txt,004_NUM_018_014_WLC.txt,NUM,17,27,,True
1,APPARATUS,APPARATUS,004_NUM_017_028_WLC.txt,004_NUM_018_015_WLC.txt,NUM,17,28,,True
1,APPARATUS,APPARATUS,004_NUM_025_019_WLC.txt,004_NUM_026_001_WLC.txt,NUM,25,19,,True
1,APPARATUS,APPARATUS,004_NUM_030_017_WLC.txt,004_NUM_031_001_WLC.txt,NUM,30,17,,True
1,APPARATUS,APPARATUS,005_DEU_013_019_WLC.txt,005_DEU_014_001_WLC.txt,DEU,13,19,,True
1,APPARATUS,APPARATUS,005_DEU_023_026_WLC.txt,005_DEU_024_001_WLC.txt,DEU,23,26,,True
1,APPARATUS,APPARATUS,005_DEU_028_069_WLC.txt,005_DEU_029_001_WLC.txt,DEU,28,69,,True
1,APPARATUS,APPARATUS,009_1SA_021_016_WLC.txt,009_1SA_022_001_WLC.txt,1SA,21,16,,True
1,APPARATUS,APPARATUS,009_1SA_024_023_WLC.txt,009_1SA_025_001_WLC.txt,1SA,24,23,,True
1,APPARATUS,APPARATUS,010_2SA_019_044_WLC.txt,010_2SA_020_001_WLC.txt,2SA,19,44,,True
1,APPARATUS,APPARATUS,011_1KI_005_019_WLC.txt,011_1KI_005_001_WLC.txt,1KI,5,19,,True
1,APPARATUS,APPARATUS,011_1KI_005_020_WLC.txt,011_1KI_005_002_WLC.txt,1KI,5,20,,True
1,APPARATUS,APPARATUS,011_1KI_005_021_WLC.txt,011_1KI_005_003_WLC.txt,1KI,5,21,,True
1,APPARATUS,APPARATUS,011_1KI_005_022_WLC.txt,011_1KI_005_004_WLC.txt,1KI,5,22,,True
1,APPARATUS,APPARATUS,011_1KI_005_023_WLC.txt,011_1KI_005_005_WLC.txt,1KI,5,23,,True
1,APPARATUS,APPARATUS,011_1KI_005_024_WLC.txt,011_1KI_005_006_WLC.txt,1KI,5,24,,True
1,APPARATUS,APPARATUS,011_1KI_005_025_WLC.txt,011_1KI_005_007_WLC.txt,1KI,5,25,,True
1,APPARATUS,APPARATUS,011_1KI_005_026_WLC.txt,011_1KI_005_008_WLC.txt,1KI,5,26,,True
1,APPARATUS,APPARATUS,011_1KI_005_027_WLC.txt,011_1KI_005_009_WLC.txt,1KI,5,27,,True
1,APPARATUS,APPARATUS,011_1KI_005_028_WLC.txt,011_1KI_005_010_WLC.txt,1KI,5,28,,True
1,APPARATUS,APPARATUS,011_1KI_005_029_WLC.txt,011_1KI_005_011_WLC.txt,1KI,5,29,,True
1,APPARATUS,APPARATUS,011_1KI_005_030_WLC.txt,011_1KI_005_012_WLC.txt,1KI,5,30,,True
1,APPARATUS,APPARATUS,011_1KI_005_031_WLC.txt,011_1KI_005_013_WLC.txt,1KI,5,31,,True
1,APPARATUS,APPARATUS,011_1KI_005_032_WLC.txt,011_1KI_005_014_WLC.txt,1KI,5,32,,True
1,APPARATUS,APPARATUS,012_2KI_012_022_WLC.txt,012_2KI_013_001_WLC.txt,2KI,12,22,,True
1,APPARATUS,APPARATUS,013_1CH_005_027_WLC.txt,013_1CH_006_001_WLC.txt,1CH,5,27,,True
1,APPARATUS,APPARATUS,013_1CH_005_028_WLC.txt,013_1CH_006_002_WLC.txt,1CH,5,28,,True
1,APPARATUS,APPARATUS,013_1CH_005_029_WLC.txt,013_1CH_006_003_WLC.txt,1CH,5,29,,True
1,APPARATUS,APPARATUS,013_1CH_005_030_WLC.txt,013_1CH_006_004_WLC.txt,1CH,5,30,,True
1,APPARATUS,APPARATUS,013_1CH_005_031_WLC.txt,013_1CH_006_005_WLC.txt,1CH,5,31,,True
1,APPARATUS,APPARATUS,013_1CH_005_032_WLC.txt,013_1CH_006_006_WLC.txt,1CH,5,32,,True
1,APPARATUS,APPARATUS,013_1CH_005_033_WLC.txt,013_1CH_006_007_WLC.txt,1CH,5,33,,True
1,APPARATUS,APPARATUS,013_1CH_005_034_WLC.txt,013_1CH_006_008_WLC.txt,1CH,5,34,,True
1,APPARATUS,APPARATUS,013_1CH_005_035_WLC.txt,013_1CH_006_009_WLC.txt,1CH,5,35,,True
1,APPARATUS,APPARATUS,013_1CH_005_036_WLC.txt,013_1CH_006_010_WLC.txt,1CH,5,36,,True
1,APPARATUS,APPARATUS,013_1CH_005_037_WLC.txt,013_1CH_006_011_WLC.txt,1CH,5,37,,True
1,APPARATUS,APPARATUS,013_1CH_005_038_WLC.txt,013_1CH_006_012_WLC.txt,1CH,5,38,,True
1,APPARATUS,APPARATUS,013_1CH_005_039_WLC.txt,013_1CH_006_013_WLC.txt,1CH,5,39,,True
1,APPARATUS,APPARATUS,013_1CH_005_040_WLC.txt,013_1CH_006_014_WLC.txt,1CH,5,40,,True
1,APPARATUS,APPARATUS,013_1CH_005_041_WLC.txt,013_1CH_006_015_WLC.txt,1CH,5,41,,True
1,APPARATUS,APPARATUS,013_1CH_012_041_WLC.txt,013_1CH_013_001_WLC.txt,1CH,12,41,,True
1,APPARATUS,APPARATUS,014_2CH_001_018_WLC.txt,014_2CH_002_001_WLC.txt,2CH,1,18,,True
1,APPARATUS,APPARATUS,014_2CH_013_023_WLC.txt,014_2CH_014_001_WLC.txt,2CH,13,23,,True
1,APPARATUS,APPARATUS,016_NEH_003_033_WLC.txt,016_NEH_004_001_WLC.txt,NEH,3,33,,True
1,APPARATUS,APPARATUS,016_NEH_003_034_WLC.txt,016_NEH_004_002_WLC.txt,NEH,3,34,,True
1,APPARATUS,APPARATUS,016_NEH_003_035_WLC.txt,016_NEH_004_003_WLC.txt,NEH,3,35,,True
1,APPARATUS,APPARATUS,016_NEH_003_036_WLC.txt,016_NEH_004_004_WLC.txt,NEH,3,36,,True
1,APPARATUS,APPARATUS,016_NEH_003_037_WLC.txt,016_NEH_004_005_WLC.txt,NEH,3,37,,True
1,APPARATUS,APPARATUS,016_NEH_003_038_WLC.txt,016_NEH_004_006_WLC.txt,NEH,3,38,,True
1,APPARATUS,APPARATUS,016_NEH_010_040_WLC.txt,016_NEH_011_001_WLC.txt,NEH,10,40,,True
1,APPARATUS,APPARATUS,018_JOB_040_025_WLC.txt,018_JOB_041_001_WLC.txt,JOB,40,25,,True
1,APPARATUS,APPARATUS,018_JOB_040_026_WLC.txt,018_JOB_041_002_WLC.txt,JOB,40,26,,True
1,APPARATUS,APPARATUS,018_JOB_040_027_WLC.txt,018_JOB_041_003_WLC.txt,JOB,40,27,,True
1,APPARATUS,APPARATUS,018_JOB_040_028_WLC.txt,018_JOB_041_004_WLC.txt,JOB,40,28,,True
1,APPARATUS,APPARATUS,018_JOB_040_029_WLC.txt,018_JOB_041_005_WLC.txt,JOB,40,29,,True
1,APPARATUS,APPARATUS,018_JOB_040_030_WLC.txt,018_JOB_041_006_WLC.txt,JOB,40,30,,True
1,APPARATUS,APPARATUS,018_JOB_040_031_WLC.txt,018_JOB_041_007_WLC.txt,JOB,40,31,,True
1,APPARATUS,APPARATUS,018_JOB_040_032_WLC.txt,018_JOB_041_008_WLC.txt,JOB,40,32,,True
1,APPARATUS,APPARATUS,021_ECC_004_017_WLC.txt,021_ECC_005_001_WLC.txt,ECC,4,17,,True
1,APPARATUS,APPARATUS,022_SNG_007_014_WLC.txt,022_SNG_008_001_WLC.txt,SNG,7,14,,True
1,APPARATUS,APPARATUS,023_ISA_008_023_WLC.txt,023_ISA_009_001_WLC.txt,ISA,8,23,,True
1,APPARATUS,APPARATUS,024_JER_008_023_WLC.txt,024_JER_009_001_WLC.txt,JER,8,23,,True
1,APPARATUS,APPARATUS,026_EZK_021_033_WLC.txt,026_EZK_022_001_WLC.txt,EZK,21,33,,True
1,APPARATUS,APPARATUS,026_EZK_021_034_WLC.txt,026_EZK_022_002_WLC.txt,EZK,21,34,,True
1,APPARATUS,APPARATUS,026_EZK_021_035_WLC.txt,026_EZK_022_003_WLC.txt,EZK,21,35,,True
1,APPARATUS,APPARATUS,026_EZK_021_036_WLC.txt,026_EZK_022_004_WLC.txt,EZK,21,36,,True
1,APPARATUS,APPARATUS,026_EZK_021_037_WLC.txt,026_EZK_022_005_WLC.txt,EZK,21,37,,True
1,APPARATUS,APPARATUS,027_DAN_003_031_WLC.txt,027_DAN_004_001_WLC.txt,DAN,3,31,,True
1,APPARATUS,APPARATUS,027_DAN_003_032_WLC.txt,027_DAN_004_002_WLC.txt,DAN,3,32,,True
1,APPARATUS,APPARATUS,027_DAN_003_033_WLC.txt,027_DAN_004_003_WLC.txt,DAN,3,33,,True
1,APPARATUS,APPARATUS,027_DAN_006_029_WLC.txt,027_DAN_007_001_WLC.txt,DAN,6,29,,True
1,APPARATUS,APPARATUS,028_HOS_002_024_WLC.txt,028_HOS_003_001_WLC.txt,HOS,2,24,,True
1,APPARATUS,APPARATUS,028_HOS_002_025_WLC.txt,028_HOS_003_002_WLC.txt,HOS,2,25,,True
1,APPARATUS,APPARATUS,028_HOS_012_015_WLC.txt,028_HOS_013_001_WLC.txt,HOS,12,15,,True
1,APPARATUS,APPARATUS,028_HOS_014_010_WLC.txt,028_HOS_014_009_WLC.txt,HOS,14,10,,True
1,APPARATUS,APPARATUS,029_JOL_004_001_WLC.txt,029_JOL_003_001_WLC.txt,JOL,4,1,,True
1,APPARATUS,APPARATUS,029_JOL_004_002_WLC.txt,029_JOL_003_002_WLC.txt,JOL,4,2,,True
1,APPARATUS,APPARATUS,029_JOL_004_003_WLC.txt,029_JOL_003_003_WLC.txt,JOL,4,3,,True
1,APPARATUS,APPARATUS,029_JOL_004_004_WLC.txt,029_JOL_003_004_WLC.txt,JOL,4,4,,True
1,APPARATUS,APPARATUS,029_JOL_004_005_WLC.txt,029_JOL_003_005_WLC.txt,JOL,4,5,,True
1,APPARATUS,APPARATUS,032_JON_002_011_WLC.txt,032_JON_002_010_WLC.txt,JON,2,11,,True
1,APPARATUS,APPARATUS,033_MIC_004_014_WLC.txt,033_MIC_005_001_WLC.txt,MIC,4,14,,True
1,APPARATUS,APPARATUS,034_NAM_002_014_WLC.txt,034_NAM_002_013_WLC.txt,NAM,2,14,,True
1,APPARATUS,APPARATUS,038_ZEC_002_014_WLC.txt,038_ZEC_003_001_WLC.txt,ZEC,2,14,,True
1,APPARATUS,APPARATUS,038_ZEC_002_015_WLC.txt,038_ZEC_003_002_WLC.txt,ZEC,2,15,,True
1,APPARATUS,APPARATUS,038_ZEC_002_016_WLC.txt,038_ZEC_003_003_WLC.txt,ZEC,2,16,,True
1,APPARATUS,APPARATUS,038_ZEC_002_017_WLC.txt,038_ZEC_003_004_WLC.txt,ZEC,2,17,,True
2,RENAME,RENAME,039_MAL_003_019_WLC.txt,039_MAL_004_001_WLC.txt,MAL,3,19,,True
2,RENAME,RENAME,039_MAL_003_020_WLC.txt,039_MAL_004_002_WLC.txt,MAL,3,20,,True
2,RENAME,RENAME,039_MAL_003_021_WLC.txt,039_MAL_004_003_WLC.txt,MAL,3,21,,True
2,RENAME,RENAME,039_MAL_003_022_WLC.txt,039_MAL_004_004_WLC.txt,MAL,3,22,,True
2,RENAME,RENAME,039_MAL_003_023_WLC.txt,039_MAL_004_005_WLC.txt,MAL,3,23,,True
2,RENAME,RENAME,039_MAL_003_024_WLC.txt,039_MAL_004_006_WLC.txt,MAL,3,24,,True
2,RENAME,RENAME,029_JOL_004_006_WLC.txt,029_JOL_003_006_WLC.txt,JOL,4,6,,True
2,RENAME,RENAME,029_JOL_004_007_WLC.txt,029_JOL_003_007_WLC.txt,JOL,4,7,,True
2,RENAME,RENAME,029_JOL_004_008_WLC.txt,029_JOL_003_008_WLC.txt,JOL,4,8,,True
2,RENAME,RENAME,029_JOL_004_009_WLC.txt,029_JOL_003_009_WLC.txt,JOL,4,9,,True
2,RENAME,RENAME,029_JOL_004_010_WLC.txt,029_JOL_003_010_WLC.txt,JOL,4,10,,True
2,RENAME,RENAME,029_JOL_004_011_WLC.txt,029_JOL_003_011_WLC.txt,JOL,4,11,,True
2,RENAME,RENAME,029_JOL_004_012_WLC.txt,029_JOL_003_012_WLC.txt,JOL,4,12,,True
2,RENAME,RENAME,029_JOL_004_013_WLC.txt,029_JOL_003_013_WLC.txt,JOL,4,13,,True
2,RENAME,RENAME,029_JOL_004_014_WLC.txt,029_JOL_003_014_WLC.txt,JOL,4,14,,True
2,RENAME,RENAME,029_JOL_004_015_WLC.txt,029_JOL_003_015_WLC.txt,JOL,4,15,,True
2,RENAME,RENAME,029_JOL_004_016_WLC.txt,029_JOL_003_016_WLC.txt,JOL,4,16,,True
2,RENAME,RENAME,029_JOL_004_017_WLC.txt,029_JOL_003_017_WLC.txt,JOL,4,17,,True
2,RENAME,RENAME,029_JOL_004_018_WLC.txt,029_JOL_003_018_WLC.txt,JOL,4,18,,True
2,RENAME,RENAME,029_JOL_004_019_WLC.txt,029_JOL_003_019_WLC.txt,JOL,4,19,,True
2,RENAME,RENAME,029_JOL_004_020_WLC.txt,029_JOL_003_020_WLC.txt,JOL,4,20,,True
2,RENAME,RENAME,029_JOL_004_021_WLC.txt,029_JOL_003_021_WLC.txt,JOL,4,21,,True
2,RENAME,RENAME,011_1KI_022_054_WLC.txt,011_1KI_023_001_WLC.txt,1KI,22,54,,True
