book,chapter,verse,wlc,kjv,goi,decision,reason,edited
1CH,17,19,יְהוָ֕ה בַּעֲב֤וּר עַבְדְּךָ֙ וּֽכְלִבְּךָ֔ עָשִׂ֕יתָ אֵ֥ת כָּל הַגְּדוּלָּ֖ה הַזֹּ֑את לְהֹדִ֖יעַ אֶת כָּל הַגְּדֻלּֽוֹת,"O LORD, for thy servant’s sake, and according to thine own heart, hast thou done all this greatness, in making known all [these] great things.","the LORD has done all this greatness for the sake of your servant and according to your will, to make known all the greatnesses.",edit,"WLC is 2nd-person direct address (thine own heart); GOI opens 3rd person ('the LORD has done') then switches to 2nd-person possessives ('your servant', 'your will') referring to the same LORD — a person mismatch. KJV idiom confirms vocative opening.","O LORD, you have done all this greatness for the sake of your servant and according to your will, to make known all the greatnesses."
1CH,26,32,וְאֶחָ֣יו בְּנֵי חַ֗יִל אַלְפַּ֛יִם וּשְׁבַ֥ע מֵא֖וֹת רָאשֵׁ֣י הָאָב֑וֹת וַיַּפְקִידֵ֞ם דָּוִ֣יד הַמֶּ֗לֶךְ עַל הָראוּבֵנִ֤י וְהַגָּדִי֙ וַחֲצִי֙ שֵׁ֣בֶט הַֽמְנַשִּׁ֔י לְכָל דְּבַ֥ר הָאֱלֹהִ֖ים וּדְבַ֥ר הַמֶּֽלֶךְ,"And his brethren, men of valour, [were] two thousand and seven hundred chief fathers, whom king David made rulers over the Reubenites, the Gadites, and the half tribe of Manasseh, for every matter pertaining to God, and affairs of the king.","And his brothers, valiant men, two thousand seven hundred chief fathers, King David appointed over the Reubenites, the Gadites, and the half-tribe of Manasseh for every matter of God and the king's word.",no_edit,"False positive: matched on 'pertaining to God' (substring 'o God'), not a vocative. WLC has no direct address here; GOI's 'for every matter of God' is correct.",
1CH,29,16,יְהוָ֣ה אֱלֹהֵ֔ינוּ כֹ֣ל הֶהָמ֤וֹן הַזֶּה֙ אֲשֶׁ֣ר הֲכִינֹ֔נוּ לִבְנֽוֹת לְךָ֥ בַ֖יִת לְשֵׁ֣ם קָדְשֶׁ֑ךָ מִיָּדְךָ֥ היא וּלְךָ֥ הַכֹּֽל,"O LORD our God, all this store that we have prepared to build thee an house for thine holy name [cometh] of thine hand, and [is] all thine own.","the LORD our God, all this abundance that we have prepared to build you a temple for the name of your holiness comes from your hand and to you is the whole.",edit,"WLC יְהוָה אֱלֹהֵינוּ opens David's prayer as direct address (parallel thine/thee throughout KJV). GOI opens 3rd person ('the LORD our God') then switches to 2nd person ('your hand', 'to you') — person mismatch.","O LORD our God, all this abundance that we have prepared to build you a temple for the name of your holiness comes from your hand and to you is the whole."
1SA,20,12,וַיֹּ֨אמֶר יְהוֹנָתָ֜ן אֶל דָּוִ֗ד יְהוָ֞ה אֱלֹהֵ֤י יִשְׂרָאֵל֙ כִּֽי אֶחְקֹ֣ר אֶת אָבִ֗י כָּעֵ֤ת מָחָר֙ הַשְּׁלִשִׁ֔ית וְהִנֵּה ט֖וֹב אֶל דָּוִ֑ד וְלֹֽא אָז֙ אֶשְׁלַ֣ח אֵלֶ֔יךָ וְגָלִ֖יתִי אֶת אָזְנֶֽךָ,"And Jonathan said unto David, O LORD God of Israel, when I have sounded my father about to morrow any time, [or] the third [day], and, behold, [if there be] good toward David, and I then send not unto thee, and shew it thee;","Jonathan said to David, ""Jehovah, God of Israel: tomorrow at this time I will find out about my father; if good is shown toward David, then I will not send to you and inform you; but if not, I will tell you and uncover your ear.""",no_edit,"GOI already renders the oath-invocation as direct address ('Jehovah, God of Israel:' + 1st-person speech), matching WLC's elliptical oath formula. Reads as address, not 3rd-person description — no 'funny' reading despite lacking literal 'O'.",
1SA,23,11,הֲיַסְגִּרֻ֣נִי בַעֲלֵי֩ קְעִילָ֨ה בְיָד֜וֹ הֲיֵרֵ֣ד שָׁא֗וּל כַּֽאֲשֶׁר֙ שָׁמַ֣ע עַבְדֶּ֔ךָ יְהוָה֙ אֱלֹהֵ֣י יִשְׂרָאֵ֔ל הַגֶּד נָ֖א לְעַבְדֶּ֑ךָ וַיֹּ֥אמֶר יְהוָ֖ה יֵרֵֽד,"Will the men of Keilah deliver me up into his hand? will Saul come down, as thy servant hath heard? O LORD God of Israel, I beseech thee, tell thy servant. And the LORD said, He will come down.","Will the men of Keilah deliver me into his hand? Will Saul come down as Your servant has heard? I pray You, tell Your servant. And the LORD said, He will come down.",edit,"WLC/KJV: genuine vocative prayer ('O LORD God of Israel, I beseech thee'). GOI drops the divine address entirely, jumping from 'as Your servant has heard?' straight to 'I pray You' — the title itself is missing, not just the 'O'.","Will the men of Keilah deliver me into his hand? Will Saul come down as Your servant has heard? O LORD God of Israel, I pray You, tell Your servant. And the LORD said, He will come down."
1SA,25,22,כֹּה יַעֲשֶׂ֧ה אֱלֹהִ֛ים לְאֹיְבֵ֥י דָוִ֖ד וְכֹ֣ה יֹסִ֑יף אִם אַשְׁאִ֧יר מִכָּל אֲשֶׁר ל֛וֹ עַד הַבֹּ֖קֶר מַשְׁתִּ֥ין בְּקִֽיר,"So and more also do God unto the enemies of David, if I leave of all that [pertain] to him by the morning light any that pisseth against the wall.","Thus may God do to the enemies of David and more may He add: if I leave of all that belongs to him until the morning, one who urinates against a wall.",no_edit,"False positive: WLC כֹּה יַעֲשֶׂה אֱלֹהִים is a 3rd-person oath formula ('thus may God do to...'), not vocative address. KJV's 'do God' matched only via substring 'o God'. GOI's 'Thus may God do...' is correct.",
2CH,20,6,וַיֹּאמַ֗ר יְהוָ֞ה אֱלֹהֵ֤י אֲבֹתֵ֨ינוּ֙ הֲלֹ֨א אַתָּֽה ה֤וּא אֱלֹהִים֙ בַּשָּׁמַ֔יִם וְאַתָּ֣ה מוֹשֵׁ֔ל בְּכֹ֖ל מַמְלְכ֣וֹת הַגּוֹיִ֑ם וּבְיָדְךָ֙ כֹּ֣חַ וּגְבוּרָ֔ה וְאֵ֥ין עִמְּךָ֖ לְהִתְיַצֵּֽב,"And said, O LORD God of our fathers, [art] not thou God in heaven? and rulest [not] thou over all the kingdoms of the heathen? and in thine hand [is there not] power and might, so that none is able to withstand thee?","And Jehovah, God of our fathers, said, Is not He the God in the heavens? And You rule over all the kingdoms of the nations, and in Your hand is power and might, and there is none with You to withstand.",edit,"WLC is a genuine vocative prayer (Jehoshaphat addressing God directly, 2nd-person 'art not thou'). GOI restructures it as 3rd-person narration ('Jehovah... said, Is not He the God') — inverts speaker/addressee and breaks person agreement with the rest of the verse which stays 2nd person ('You rule', 'Your hand').","And he said, ""O LORD God of our fathers, are You not God in the heavens? And You rule over all the kingdoms of the nations, and in Your hand is power and might, and there is none with You to withstand."""
2KI,19,15,וַיִּתְפַּלֵּ֨ל חִזְקִיָּ֜הוּ לִפְנֵ֣י יְהוָה֮ וַיֹּאמַר֒ יְהוָ֞ה אֱלֹהֵ֤י יִשְׂרָאֵל֙ יֹשֵׁ֣ב הַכְּרֻבִ֔ים אַתָּה ה֤וּא הָֽאֱלֹהִים֙ לְבַדְּךָ֔ לְכֹ֖ל מַמְלְכ֣וֹת הָאָ֑רֶץ אַתָּ֣ה עָשִׂ֔יתָ אֶת הַשָּׁמַ֖יִם וְאֶת הָאָֽרֶץ,"And Hezekiah prayed before the LORD, and said, O LORD God of Israel, which dwellest [between] the cherubims, thou art the God, [even] thou alone, of all the kingdoms of the earth; thou hast made heaven and earth.","Hezekiah prayed before the LORD and said, the LORD God of Israel, enthroned above the cherubim, you are the God alone of all the kingdoms of the earth, you made the heavens and the earth.",no_edit,"GOI's 'the LORD God of Israel, enthroned above the cherubim, you are the God alone...' is a vocative phrase followed consistently by 2nd person ('you are', 'you made') — reads as valid address without literal 'O', same convention used elsewhere (e.g. 2SA 7:18/19/29).",
2KI,19,18,וְנָתְנ֥וּ אֶת אֱלֹהֵיהֶ֖ם בָּאֵ֑שׁ כִּי֩ לֹ֨א אֱלֹהִ֜ים הֵ֗מָּה כִּ֣י אִם מַעֲשֵׂ֧ה יְדֵֽי אָדָ֛ם עֵ֥ץ וָאֶ֖בֶן וַֽיְאַבְּדֽוּם,"And have cast their gods into the fire: for they [were] no gods, but the work of men’s hands, wood and stone: therefore they have destroyed them.","They will give their gods into the fire, for they are not gods, but the work of human hands, wood and stone, and they will destroy them.",no_edit,"False positive: WLC/KJV describe pagan idols in the 3rd person ('they were no gods'), not YHWH, no vocative involved. Matched only via substring 'o god' inside 'no gods'.",
2SA,3,9,כֹּֽה יַעֲשֶׂ֤ה אֱלֹהִים֙ לְאַבְנֵ֔ר וְכֹ֖ה יֹסִ֣יף ל֑וֹ כִּ֗י כַּאֲשֶׁ֨ר נִשְׁבַּ֤ע יְהוָה֙ לְדָוִ֔ד כִּֽי כֵ֖ן אֶֽעֱשֶׂה לּֽוֹ,"So do God to Abner, and more also, except, as the LORD hath sworn to David, even so I do to him;","Thus may God do to Abner and thus may he add to him, for as Jehovah swore to David, so will I do to him.",no_edit,"False positive: WLC כֹּה יַעֲשֶׂה אֱלֹהִים is Abner's oath formula ('thus may God do to me'), 3rd person, not vocative. KJV's 'do God' matched only via substring. GOI's rendering is correct.",
2SA,3,35,וַיָּבֹ֣א כָל הָעָ֗ם לְהַבְר֧וֹת אֶת דָּוִ֛ד לֶ֖חֶם בְּע֣וֹד הַיּ֑וֹם וַיִּשָּׁבַ֨ע דָּוִ֜ד לֵאמֹ֗ר כֹּ֣ה יַעֲשֶׂה לִּ֤י אֱלֹהִים֙ וְכֹ֣ה יֹסִ֔יף כִּ֣י אִם לִפְנֵ֧י בֽוֹא הַשֶּׁ֛מֶשׁ אֶטְעַם לֶ֖חֶם א֥וֹ כָל מְאֽוּמָה,"And when all the people came to cause David to eat meat while it was yet day, David sware, saying, So do God to me, and more also, if I taste bread, or ought else, till the sun be down.","All the people came to provide David with food while yet the day lasted, and David swore, saying, ""Thus may God do to me and thus may he add, if before the sun comes I taste food or anything at all.""",no_edit,"False positive: same oath formula as 2SA 3:9 ('thus may God do to me'), 3rd person, not vocative. Matched only via substring 'o God' in 'do God'.",
2SA,7,18,וַיָּבֹא֙ הַמֶּ֣לֶךְ דָּוִ֔ד וַיֵּ֖שֶׁב לִפְנֵ֣י יְהוָ֑ה וַיֹּ֗אמֶר מִ֣י אָנֹכִ֞י אֲדֹנָ֤י יְהוִה֙ וּמִ֣י בֵיתִ֔י כִּ֥י הֲבִיאֹתַ֖נִי עַד הֲלֹֽם,"Then went king David in, and sat before the LORD, and he said, Who [am] I, O Lord GOD? and what [is] my house, that thou hast brought me hitherto?","King David came and sat before the LORD and said, ""Who am I, my Lord the LORD, and who is my house, that you have brought me thus far?""",no_edit,"GOI already renders WLC's Adonai vocative as direct address ('my Lord the LORD'), GOI's established convention for this construction (cf. 2SA 7:19/28/29). Reads as address, not 3rd-person description.",
2SA,7,19,וַתִּקְטַן֩ ע֨וֹד זֹ֤את בְּעֵינֶ֨יךָ֙ אֲדֹנָ֣י יְהוִ֔ה וַתְּדַבֵּ֛ר גַּ֥ם אֶל בֵּֽית עַבְדְּךָ֖ לְמֵֽרָח֑וֹק וְזֹ֛את תּוֹרַ֥ת הָאָדָ֖ם אֲדֹנָ֥י יְהוִֽה,"And this was yet a small thing in thy sight, O Lord GOD; but thou hast spoken also of thy servant’s house for a great while to come. And [is] this the manner of man, O Lord GOD?","And this thing is yet small in your eyes, my Lord God, and you have spoken also concerning the house of your servant for a great while to come; and this is the law of man, my Lord God.",no_edit,"GOI already renders WLC's Adonai vocative as direct address ('my Lord God'), consistent with GOI's convention elsewhere. No 'funny' reading.",
2SA,7,28,וְעַתָּ֣ה אֲדֹנָ֣י יְהוִ֗ה אַתָּה הוּא֙ הָֽאֱלֹהִ֔ים וּדְבָרֶ֖יךָ יִהְי֣וּ אֱמֶ֑ת וַתְּדַבֵּר֙ אֶֽל עַבְדְּךָ֔ אֶת הַטּוֹבָ֖ה הַזֹּֽאת,"And now, O Lord GOD, thou [art] that God, and thy words be true, and thou hast promised this goodness unto thy servant:","And now, (my) Lord God, you are the one who is God, and your words shall be true, and you have spoken this good thing to your servant.",edit,"GOI text contains a literal, unresolved '(my)' placeholder before 'Lord God' — a data artifact, not a deliberate rendering. Elsewhere (2SA 7:18/19/29) GOI writes the same address cleanly as 'my Lord God' with no parentheses.","And now, my Lord God, you are the one who is God, and your words shall be true, and you have spoken this good thing to your servant."
2SA,7,29,וְעַתָּ֗ה הוֹאֵל֙ וּבָרֵךְ֙ אֶת בֵּ֣ית עַבְדְּךָ֔ לִהְי֥וֹת לְעוֹלָ֖ם לְפָנֶ֑יךָ כִּֽי אַתָּ֞ה אֲדֹנָ֤י יְהוִה֙ דִּבַּ֔רְתָּ וּמִבִּרְכָ֣תְךָ֔ יְבֹרַ֥ךְ בֵּֽית עַבְדְּךָ֖ לְעוֹלָֽם,"Therefore now let it please thee to bless the house of thy servant, that it may continue for ever before thee: for thou, O Lord GOD, hast spoken [it]: and with thy blessing let the house of thy servant be blessed for ever.","And now, please bless the house of your servant, that it may continue forever before you, for you, my Lord God, have spoken; and by your blessing, let the house of your servant be blessed forever.",no_edit,"GOI already renders WLC's Adonai vocative as direct address ('my Lord God, have spoken'), clean and consistent with GOI's convention elsewhere.",
AMO,7,5,וָאֹמַ֗ר אֲדֹנָ֤י יְהוִה֙ חֲדַל נָ֔א מִ֥י יָק֖וּם יַעֲקֹ֑ב כִּ֥י קָטֹ֖ן הֽוּא,"Then said I, O Lord GOD, cease, I beseech thee: by whom shall Jacob arise? for he [is] small.","And I said, ""(My) Lord God, cease, I beg You; how can Jacob stand? For he is small.""",edit,"GOI text contains a literal, unresolved '(My)' placeholder before 'Lord God' — a data artifact, matching the same bug as 2SA 7:28. Should render cleanly as GOI does elsewhere.","And I said, ""My Lord God, cease, I beg You; how can Jacob stand? For he is small."""
DAN,9,8,יְהוָ֗ה לָ֚נוּ בֹּ֣שֶׁת הַפָּנִ֔ים לִמְלָכֵ֥ינוּ לְשָׂרֵ֖ינוּ וְלַאֲבֹתֵ֑ינוּ אֲשֶׁ֥ר חָטָ֖אנוּ לָֽךְ,"O Lord, to us [belongeth] confusion of face, to our kings, to our princes, and to our fathers, because we have sinned against thee.","Jehovah, to us belongs the shame of face for our kings, for our rulers, and for our forefathers, because we have sinned against you.",no_edit,"GOI renders the WLC vocative (יְהוָה, direct address) as 'Jehovah, to us belongs...' — a bare-name address form consistent with GOI's convention (cf. 1SA 20:12), not a 3rd-person description. No 'funny' reading.",
DAN,9,15,וְעַתָּ֣ה אֲדֹנָ֣י אֱלֹהֵ֗ינוּ אֲשֶׁר֩ הוֹצֵ֨אתָ אֶֽת עַמְּךָ֜ מֵאֶ֤רֶץ מִצְרַ֨יִם֙ בְּיָ֣ד חֲזָקָ֔ה וַתַּֽעַשׂ לְךָ֥ שֵׁ֖ם כַּיּ֣וֹם הַזֶּ֑ה חָטָ֖אנוּ רָשָֽׁעְנוּ,"And now, O Lord our God, that hast brought thy people forth out of the land of Egypt with a mighty hand, and hast gotten thee renown, as at this day; we have sinned, we have done wickedly.","And now, (my) Lord, God (gods) our, who brought your folk out from land Egypt by force strong, and made for yourself renown as at this day, we have sinned, we have done wickedly.",edit,"GOI text is garbled with unresolved placeholder artifacts: literal '(my)', '(gods)' out of order ('God (gods) our'), plus a broken calque 'out from land Egypt by force strong'. WLC/KJV: 'O Lord our God ... out of the land of Egypt with a mighty hand'.","And now, my Lord our God, who brought your people out of the land of Egypt with a strong hand, and made for yourself renown as at this day, we have sinned, we have done wickedly."
DAN,9,16,אֲדֹנָ֗י כְּכָל צִדְקֹתֶ֨ךָ֙ יָֽשָׁב נָ֤א אַפְּךָ֙ וַחֲמָ֣תְךָ֔ מֵעִֽירְךָ֥ יְרוּשָׁלִַ֖ם הַר קָדְשֶׁ֑ךָ כִּ֤י בַחֲטָאֵ֨ינוּ֙ וּבַעֲוֺנ֣וֹת אֲבֹתֵ֔ינוּ יְרוּשָׁלִַ֧ם וְעַמְּךָ֛ לְחֶרְפָּ֖ה לְכָל סְבִיבֹתֵֽינוּ,"O Lord, according to all thy righteousness, I beseech thee, let thine anger and thy fury be turned away from thy city Jerusalem, thy holy mountain: because for our sins, and for the iniquities of our fathers, Jerusalem and thy people [are become] a reproach to all [that are] about us.","My Lord, according to all Your righteousness, let Your anger and Your wrath turn back from Your city Jerusalem, Your holy mountain; for because of our sins and the iniquities of our fathers, Jerusalem and Your people have become a reproach to all who are around us.",no_edit,"GOI's 'My Lord, according to all Your righteousness...' opens as direct address consistent with GOI's convention elsewhere (bare 'My Lord' + 2nd person throughout). No artifacts, no 'funny' reading.",
DAN,9,19,אֲדֹנָ֤י שְׁמָ֨עָה֙ אֲדֹנָ֣י סְלָ֔חָה אֲדֹנָ֛י הַֽקֲשִׁ֥יבָה וַעֲשֵׂ֖ה אַל תְּאַחַ֑ר לְמַֽעֲנְךָ֣ אֱלֹהַ֔י כִּֽי שִׁמְךָ֣ נִקְרָ֔א עַל עִירְךָ֖ וְעַל עַמֶּֽךָ,"O Lord, hear; O Lord, forgive; O Lord, hearken and do; defer not, for thine own sake, O my God: for thy city and thy people are called by thy name.","(my) Lord, hear (my) Lord, forgive (my) Lord, listen and act; do not delay for your sake, God, because your name is called upon your city and upon your people.",edit,"GOI text repeats the same unresolved '(my)' placeholder artifact three times ('(my) Lord, hear (my) Lord, forgive (my) Lord...') and drops the closing vocative 'O my God' (WLC אֱלֹהַי), ending flatly with bare 'God'.","My Lord, hear; My Lord, forgive; My Lord, listen and act; do not delay for your own sake, my God, because your name is called upon your city and upon your people."
DEU,3,24,אֲדֹנָ֣י יְהוִ֗ה אַתָּ֤ה הַֽחִלּ֨וֹתָ֙ לְהַרְא֣וֹת אֶֽת עַבְדְּךָ֔ אֶ֨ת גָּדְלְךָ֔ וְאֶת יָדְךָ֖ הַחֲזָקָ֑ה אֲשֶׁ֤ר מִי אֵל֙ בַּשָּׁמַ֣יִם וּבָאָ֔רֶץ אֲשֶׁר יַעֲשֶׂ֥ה כְמַעֲשֶׂ֖יךָ וְכִגְבוּרֹתֶֽךָ,"O Lord GOD, thou hast begun to shew thy servant thy greatness, and thy mighty hand: for what God [is there] in heaven or in earth, that can do according to thy works, and according to thy might?","(my) Lord God, you have begun to show to your servant your greatness and your strong hand, for which God in the heavens or on the earth is able to do according to your deeds and your mighty acts?",edit,"Genuine vocative prayer (Moses, 'O Lord GOD, thou hast begun...'). GOI contains a literal, unresolved '(my)' placeholder artifact before 'Lord God' — same bug pattern as Deut/Dan/Amos rows in batch 1.","My Lord God, you have begun to show to your servant your greatness and your strong hand, for which God in the heavens or on the earth is able to do according to your deeds and your mighty acts?"
EXO,16,3,וַיֹּאמְר֨וּ אֲלֵהֶ֜ם בְּנֵ֣י יִשְׂרָאֵ֗ל מִֽי יִתֵּ֨ן מוּתֵ֤נוּ בְיַד יְהוָה֙ בְּאֶ֣רֶץ מִצְרַ֔יִם בְּשִׁבְתֵּ֨נוּ֙ עַל סִ֣יר הַבָּשָׂ֔ר בְּאָכְלֵ֥נוּ לֶ֖חֶם לָשֹׂ֑בַע כִּֽי הוֹצֵאתֶ֤ם אֹתָ֨נוּ֙ אֶל הַמִּדְבָּ֣ר הַזֶּ֔ה לְהָמִ֛ית אֶת כָּל הַקָּהָ֥ל הַזֶּ֖ה בָּרָעָֽב,"And the children of Israel said unto them, Would to God we had died by the hand of the LORD in the land of Egypt, when we sat by the flesh pots, [and] when we did eat bread to the full; for ye have brought us forth into this wilderness, to kill this whole assembly with hunger.","The sons of Israel said to them, Would that we had died by the hand of the LORD in the land of Egypt, as we sat by the fleshpots, eating bread to the full, for you have brought us out into this wilderness to kill all this congregation with famine.",no_edit,"False positive: KJV's 'Would to God' is an English idiom for 'would that' with no corresponding divine-name word in WLC at that point — not a vocative. Matched only via substring 'o God'. GOI's 'Would that' is a correct, idiom-neutral rendering.",
EXO,34,9,וַיֹּ֡אמֶר אִם נָא֩ מָצָ֨אתִי חֵ֤ן בְּעֵינֶ֨יךָ֙ אֲדֹנָ֔י יֵֽלֶךְ נָ֥א אֲדֹנָ֖י בְּקִרְבֵּ֑נוּ כִּ֤י עַם קְשֵׁה עֹ֨רֶף֙ ה֔וּא וְסָלַחְתָּ֛ לַעֲוֺנֵ֥נוּ וּלְחַטָּאתֵ֖נוּ וּנְחַלְתָּֽנוּ,"And he said, If now I have found grace in thy sight, O Lord, let my Lord, I pray thee, go among us; for it [is] a stiffnecked people; and pardon our iniquity and our sin, and take us for thine inheritance.","And he said, If now I have found favour in your eyes, my Lord, let my Lord go, I pray, in the midst of us, for it is a stiff-necked people, and pardon our iniquity and our sin, and take us for your inheritance.",no_edit,"GOI already renders WLC's first Adonai vocative as direct address ('my Lord, let my Lord go...'), consistent with GOI's convention elsewhere (Gen 32:9 etc). No 'funny' reading.",
EZK,28,9,הֶאָמֹ֤ר תֹּאמַר֙ אֱלֹהִ֣ים אָ֔נִי לִפְנֵ֖י הֹֽרְגֶ֑ךָ וְאַתָּ֥ה אָדָ֛ם וְלֹא אֵ֖ל בְּיַ֥ד מְחַלְלֶֽיךָ,"Wilt thou yet say before him that slayeth thee, I [am] God? but thou [shalt be] a man, and no God, in the hand of him that slayeth thee.","You say, ""I am God"" before your killer, but you are a man and not a god in the hand of those who pierce you.",no_edit,"False positive: 'I am God'/'no God' is the king of Tyre's blasphemous 3rd-person self-claim, not an address to YHWH. Matched only via substring 'o God' in 'no God'.",
EZR,9,15,יְהוָ֞ה אֱלֹהֵ֤י יִשְׂרָאֵל֙ צַדִּ֣יק אַ֔תָּה כִּֽי נִשְׁאַ֥רְנוּ פְלֵיטָ֖ה כְּהַיּ֣וֹם הַזֶּ֑ה הִנְנ֤וּ לְפָנֶ֨יךָ֙ בְּאַשְׁמָתֵ֔ינוּ כִּ֣י אֵ֥ין לַעֲמ֛וֹד לְפָנֶ֖יךָ עַל זֹֽאת,"O LORD God of Israel, thou [art] righteous: for we remain yet escaped, as [it is] this day: behold, we [are] before thee in our trespasses: for we cannot stand before thee because of this.","Jehovah, God of Israel, you are righteous, for we are left a remnant, as on this day; behold, we are before you in our guilt, for there is no standing before you because of this.",no_edit,"GOI renders the WLC vocative as bare-name address ('Jehovah, God of Israel, you are righteous...'), consistent with GOI's convention (cf. Dan 9:8, 1Sa 20:12). No 'funny' reading.",
GEN,1,27,וַיִּבְרָ֨א אֱלֹהִ֤ים אֶת הָֽאָדָם֙ בְּצַלְמ֔וֹ בְּצֶ֥לֶם אֱלֹהִ֖ים בָּרָ֣א אֹת֑וֹ זָכָ֥ר וּנְקֵבָ֖ה בָּרָ֥א אֹתָֽם,"So God created man in his [own] image, in the image of God created he him; male and female created he them.","God created the human in his image, in the image of God he created him, male and female he created them.",no_edit,"False positive: 'So God created man' is 3rd-person narration, not address. Matched only via substring 'o God' in 'So God'.",
GEN,32,9,וַיֹּאמֶר֮ יַעֲקֹב֒ אֱלֹהֵי֙ אָבִ֣י אַבְרָהָ֔ם וֵאלֹהֵ֖י אָבִ֣י יִצְחָ֑ק יְהוָ֞ה הָאֹמֵ֣ר אֵלַ֗י שׁ֧וּב לְאַרְצְךָ֛ וּלְמוֹלַדְתְּךָ֖ וְאֵיטִ֥יבָה עִמָּֽךְ,"And Jacob said, O God of my father Abraham, and God of my father Isaac, the LORD which saidst unto me, Return unto thy country, and to thy kindred, and I will deal well with thee:","Jacob said, ""God of my father Abraham and God of my father Isaac, the LORD who said to me, Return to your land and to your kindred, and I will deal well with you.""",no_edit,"GOI renders WLC's vocative as bare-name address ('God of my father Abraham and God of my father Isaac, the LORD who said to me...') followed correctly by 2nd person throughout the embedded quote. Consistent with GOI's convention, no person mismatch.",
GEN,40,8,וַיֹּאמְר֣וּ אֵלָ֔יו חֲל֣וֹם חָלַ֔מְנוּ וּפֹתֵ֖ר אֵ֣ין אֹת֑וֹ וַיֹּ֨אמֶר אֲלֵהֶ֜ם יוֹסֵ֗ף הֲל֤וֹא לֵֽאלֹהִים֙ פִּתְרֹנִ֔ים סַפְּרוּ נָ֖א לִֽי,"And they said unto him, We have dreamed a dream, and [there is] no interpreter of it. And Joseph said unto them, [Do] not interpretations [belong] to God? tell me [them], I pray you.","They said to him, ""We dreamed a dream, but there is no interpreter for it."" Then Joseph said to them, ""Are not interpretations from God? Please tell them to me.""",no_edit,"False positive: 'interpretations belong to God' is Joseph's 3rd-person rhetorical statement, not address. Matched only via substring 'o God' in 'to God'.",
HOS,13,4,וְאָנֹכִ֛י יְהוָ֥ה אֱלֹהֶ֖יךָ מֵאֶ֣רֶץ מִצְרָ֑יִם וֵאלֹהִ֤ים זֽוּלָתִי֙ לֹ֣א תֵדָ֔ע וּמוֹשִׁ֥יעַ אַ֖יִן בִּלְתִּֽי,"Yet I [am] the LORD thy God from the land of Egypt, and thou shalt know no god but me: for [there is] no saviour beside me.","I am the LORD your God from the land of Egypt, and besides me you shall not know a god, and there is no savior besides me.",no_edit,"False positive: God is the 1st-person speaker here ('I am the LORD your God'), not an addressee — no vocative applies. Matched only via substring 'o god' in 'no god'.",
ISA,25,1,יְהוָ֤ה אֱלֹהַי֙ אַתָּ֔ה אֲרֽוֹמִמְךָ֙ אוֹדֶ֣ה שִׁמְךָ֔ כִּ֥י עָשִׂ֖יתָ פֶּ֑לֶא עֵצ֥וֹת מֵֽרָח֖וֹק אֱמ֥וּנָה אֹֽמֶן,"O LORD, thou [art] my God; I will exalt thee, I will praise thy name; for thou hast done wonderful [things; thy] counsels of old [are] faithfulness [and] truth.","The LORD my God, you are exalted; I will praise your name, for you have done wonders, counsels from afar, faithfulness, truth.",no_edit,"GOI's 'The LORD my God, you are exalted...' is a vocative noun-phrase followed consistently by 2nd person ('you are', 'your name') — valid apposition/address, same construction accepted elsewhere (cf. 2Ki 19:15). No 'funny' reading.",
ISA,26,13,יְהוָ֣ה אֱלֹהֵ֔ינוּ בְּעָל֥וּנוּ אֲדֹנִ֖ים זֽוּלָתֶ֑ךָ לְבַד בְּךָ֖ נַזְכִּ֥יר שְׁמֶֽךָ,"O LORD our God, [other] lords beside thee have had dominion over us: [but] by thee only will we make mention of thy name.","Jehovah our God, lords besides you have ruled over us; only you we will remember by name.",no_edit,"GOI's 'Jehovah our God, lords besides you have ruled over us; only you...' is bare-name address followed consistently by 2nd person. Consistent with GOI's convention, no edit needed.",
ISA,37,16,יְהוָ֨ה צְבָא֜וֹת אֱלֹהֵ֤י יִשְׂרָאֵל֙ יֹשֵׁ֣ב הַכְּרֻבִ֔ים אַתָּה ה֤וּא הָֽאֱלֹהִים֙ לְבַדְּךָ֔ לְכֹ֖ל מַמְלְכ֣וֹת הָאָ֑רֶץ אַתָּ֣ה עָשִׂ֔יתָ אֶת הַשָּׁמַ֖יִם וְאֶת הָאָֽרֶץ,"O LORD of hosts, God of Israel, that dwellest [between] the cherubims, thou [art] the God, [even] thou alone, of all the kingdoms of the earth: thou hast made heaven and earth.","The LORD of hosts, the God of Israel, who is enthroned above the cherubim, you alone are God of all the kingdoms of the earth; you made the heavens and the earth.",no_edit,"Same construction/convention as 2Ki 19:15 (batch 1, no_edit): 'The LORD of hosts, the God of Israel, ... you alone are God ... you made...' — vocative apposition followed by consistent 2nd person.",
ISA,37,19,וְנָתֹ֥ן אֶת אֱלֹהֵיהֶ֖ם בָּאֵ֑שׁ כִּי֩ לֹ֨א אֱלֹהִ֜ים הֵ֗מָּה כִּ֣י אִם מַעֲשֵׂ֧ה יְדֵֽי אָדָ֛ם עֵ֥ץ וָאֶ֖בֶן וַֽיְאַבְּדֽוּם,"And have cast their gods into the fire: for they [were] no gods, but the work of men’s hands, wood and stone: therefore they have destroyed them.","And they shall put their gods into the fire, for they are not gods, but the work of human hands, wood and stone, and they shall destroy them.",no_edit,"False positive, duplicate of 2Ki 19:18: pagan idols described in 3rd person ('they were no gods'), not YHWH, no vocative. Matched via substring 'o god' in 'no gods'.",
ISA,38,16,אֲדֹנָ֖י עֲלֵיהֶ֣ם יִֽחְי֑וּ וּלְכָל בָּהֶן֙ חַיֵּ֣י רוּחִ֔י וְתַחֲלִימֵ֖נִי וְהַחֲיֵֽנִי,"O Lord, by these [things men] live, and in all these [things is] the life of my spirit: so wilt thou recover me, and make me to live.","(my) Lord upon them shall live, and in all of them the life of my spirit; and revive me and quicken me.",edit,"Genuine vocative (Hezekiah's song, 'O Lord, by these things men live'). GOI has both a literal '(my)' artifact AND a syntax break — it reads 'Lord upon them shall live' as if 'Lord' were the subject of 'shall live', rather than a vocative separate from the statement about 'these things'.","My Lord, by these things people live, and in all of them is the life of my spirit; so revive me and make me live."
ISA,44,8,אַֽל תִּפְחֲדוּ֙ וְאַל תִּרְה֔וּ הֲלֹ֥א מֵאָ֛ז הִשְׁמַעְתִּ֥יךָ וְהִגַּ֖דְתִּי וְאַתֶּ֣ם עֵדָ֑י הֲיֵ֤שׁ אֱל֨וֹהַּ֙ מִבַּלְעָדַ֔י וְאֵ֥ין צ֖וּר בַּל יָדָֽעְתִּי,"Fear ye not, neither be afraid: have not I told thee from that time, and have declared [it]? ye [are] even my witnesses. Is there a God beside me? yea, [there is] no God; I know not [any].",Do not fear and do not be afraid. Have I not long ago made you hear and declared it? And you are my witness. Is there a God besides me? And there is no rock; I know none.,no_edit,"False positive: 'Is there a God besides me?' is YHWH speaking about himself in the 1st person, not an address to him. Matched via substring 'o God' in 'no God'.",
ISA,45,14,כֹּ֣ה אָמַ֣ר יְהוָ֗ה יְגִ֨יעַ מִצְרַ֥יִם וּֽסְחַר כּוּשׁ֮ וּסְבָאִים֮ אַנְשֵׁ֣י מִדָּה֒ עָלַ֤יִךְ יַעֲבֹ֨רוּ֙ וְלָ֣ךְ יִֽהְי֔וּ אַחֲרַ֣יִךְ יֵלֵ֔כוּ בַּזִּקִּ֖ים יַעֲבֹ֑רוּ וְאֵלַ֤יִךְ יִֽשְׁתַּחֲוּוּ֙ אֵלַ֣יִךְ יִתְפַּלָּ֔לוּ אַ֣ךְ בָּ֥ךְ אֵ֛ל וְאֵ֥ין ע֖וֹד אֶ֥פֶס אֱלֹהִֽים,"Thus saith the LORD, The labour of Egypt, and merchandise of Ethiopia and of the Sabeans, men of stature, shall come over unto thee, and they shall be thine: they shall come after thee; in chains they shall come over, and they shall fall down unto thee, they shall make supplication unto thee, [saying], Surely God [is] in thee; and [there is] none else, [there is] no God.","Thus says the LORD: The labour of Egypt and the merchandise of Cush and the Sabaeans, men of stature, shall come over to you and shall be yours; after you they shall pass; in chains they shall come over; they shall fall down before you, they shall make supplication to you: Only in you is God, and there is no other, no El besides.",no_edit,"False positive: 'Surely God is in thee ... there is no God' is a 3rd-person statement by foreign nations about God, not direct address. Matched via substring 'o God' in 'no God'.",
ISA,45,21,הַגִּ֣ידוּ וְהַגִּ֔ישׁוּ אַ֥ף יִֽוָּעֲצ֖וּ יַחְדָּ֑ו מִ֣י הִשְׁמִיעַ֩ זֹ֨את מִקֶּ֜דֶם מֵאָ֣ז הִגִּידָ֗הּ הֲל֨וֹא אֲנִ֤י יְהוָה֙ וְאֵֽין ע֤וֹד אֱלֹהִים֙ מִבַּלְעָדַ֔י אֵֽל צַדִּ֣יק וּמוֹשִׁ֔יעַ אַ֖יִן זוּלָתִֽי,"Tell ye, and bring [them] near; yea, let them take counsel together: who hath declared this from ancient time? [who] hath told it from that time? [have] not I the LORD? and [there is] no God else beside me; a just God and a Saviour; [there is] none beside me.","Declare and bring forth; yes, let them take counsel together; who has made this heard from aforetime, declared it long ago? Is it not I, the LORD? And there is no other God besides me, a righteous God and a savior; there is none besides me.",no_edit,"False positive: 'there is no God else beside me' is YHWH speaking about himself, not vocative. Matched via substring 'o God' in 'no God'.",
ISA,58,2,וְאוֹתִ֗י י֥וֹם יוֹם֙ יִדְרֹשׁ֔וּן וְדַ֥עַת דְּרָכַ֖י יֶחְפָּצ֑וּן כְּג֞וֹי אֲשֶׁר צְדָקָ֣ה עָשָׂ֗ה וּמִשְׁפַּ֤ט אֱלֹהָיו֙ לֹ֣א עָזָ֔ב יִשְׁאָל֨וּנִי֙ מִשְׁפְּטֵי צֶ֔דֶק קִרְבַ֥ת אֱלֹהִ֖ים יֶחְפָּצֽוּן,"Yet they seek me daily, and delight to know my ways, as a nation that did righteousness, and forsook not the ordinance of their God: they ask of me the ordinances of justice; they take delight in approaching to God.","And continually they seek me, and delight to know my ways, as a nation that has done justice and has not forsaken the judgment of their God; they ask of me righteous judgments, they delight in the approaching of God.",no_edit,"False positive: describes the nation's relationship 'to God' in the 3rd person, not direct address. Matched via substring 'o God' in 'to God'.",
ISA,63,16,כִּֽי אַתָּ֣ה אָבִ֔ינוּ כִּ֤י אַבְרָהָם֙ לֹ֣א יְדָעָ֔נוּ וְיִשְׂרָאֵ֖ל לֹ֣א יַכִּירָ֑נוּ אַתָּ֤ה יְהוָה֙ אָבִ֔ינוּ גֹּאֲלֵ֥נוּ מֵֽעוֹלָ֖ם שְׁמֶֽךָ,"Doubtless thou [art] our father, though Abraham be ignorant of us, and Israel acknowledge us not: thou, O LORD, [art] our father, our redeemer; thy name [is] from everlasting.","For you are our father, for Abraham does not know us, nor does Israel recognize us; you, the LORD, are our father, our redeemer from of old is your name.",no_edit,"GOI's 'you, the LORD, are our father' is a correct apposition (title set off by commas between two 2nd-person references), grammatically equivalent to 'you, John, are my friend' — not a 3rd-person/2nd-person mismatch, no edit needed despite lacking literal 'O'.",
ISA,63,17,לָ֣מָּה תַתְעֵ֤נוּ יְהוָה֙ מִדְּרָכֶ֔יךָ תַּקְשִׁ֥יחַ לִבֵּ֖נוּ מִיִּרְאָתֶ֑ךָ שׁ֚וּב לְמַ֣עַן עֲבָדֶ֔יךָ שִׁבְטֵ֖י נַחֲלָתֶֽךָ,"O LORD, why hast thou made us to err from thy ways, [and] hardened our heart from thy fear? Return for thy servants’ sake, the tribes of thine inheritance.","Why do you make us wander from your ways, hardening our heart from your fear? Return for the sake of your servants, the tribes of your inheritance.",edit,"Genuine vocative lament ('O LORD, why hast thou made us to err...'). GOI drops the divine address/name entirely, jumping straight to 'Why do you make us wander...' — the title itself is missing, not just the 'O' (same omission pattern as 1Sa 23:11).","O LORD, why do you make us wander from your ways, hardening our heart from your fear? Return for the sake of your servants, the tribes of your inheritance."
ISA,64,4,וּמֵעוֹלָ֥ם לֹא שָׁמְע֖וּ לֹ֣א הֶאֱזִ֑ינוּ עַ֣יִן לֹֽא רָאָ֗תָה אֱלֹהִים֙ זוּלָ֣תְךָ֔ יַעֲשֶׂ֖ה לִמְחַכֵּה לֽוֹ,"For since the beginning of the world [men] have not heard, nor perceived by the ear, neither hath the eye seen, O God, beside thee, [what] he hath prepared for him that waiteth for him.","From ancient times no one has heard, no one has paid attention, no eye has seen a god besides you who acts on behalf of those who wait for him.",no_edit,"Not a real vocative: WLC embeds a 2nd-person pronoun ('beside you') inside a 3rd-person relative description ('eye has not seen a God besides you who acts for him who waits'); KJV's 'O God' is a translator's interjection, not present in WLC as an address marker. GOI's 'a god besides you' correctly matches WLC's construction.",
JDG,4,23,וַיַּכְנַ֤ע אֱלֹהִים֙ בַּיּ֣וֹם הַה֔וּא אֵ֖ת יָבִ֣ין מֶֽלֶךְ כְּנָ֑עַן לִפְנֵ֖י בְּנֵ֥י יִשְׂרָאֵֽל,So God subdued on that day Jabin the king of Canaan before the children of Israel.,On that day God subdued Jabin king of Canaan before the children of Israel.,no_edit,"False positive: 'So God subdued Jabin' is 3rd-person narration, not address. Matched only via substring 'o God' in 'So God'.",
JDG,6,22,וַיַּ֣רְא גִּדְע֔וֹן כִּֽי מַלְאַ֥ךְ יְהוָ֖ה ה֑וּא וַיֹּ֣אמֶר גִּדְע֗וֹן אֲהָהּ֙ אֲדֹנָ֣י יְהוִ֔ה כִּֽי עַל כֵּ֤ן רָאִ֨יתִי֙ מַלְאַ֣ךְ יְהוָ֔ה פָּנִ֖ים אֶל פָּנִֽים,"And when Gideon perceived that he [was] an angel of the LORD, Gideon said, Alas, O Lord GOD! for because I have seen an angel of the LORD face to face.","Gideon saw that he was the angel of the LORD, and Gideon said, Ah, Lord GOD, for indeed I have seen the angel of the LORD face to face.",no_edit,"GOI renders WLC's interjection-vocative as 'Ah, Lord GOD,' — a valid address form (interjection + name), consistent with GOI's convention elsewhere (cf. Amos 7:5). No 'funny' reading.",
JDG,9,29,וּמִ֨י יִתֵּ֜ן אֶת הָעָ֤ם הַזֶּה֙ בְּיָדִ֔י וְאָסִ֖ירָה אֶת אֲבִימֶ֑לֶךְ וַיֹּ֨אמֶר֙ לַאֲבִימֶ֔לֶךְ רַבֶּ֥ה צְבָאֲךָ֖ וָצֵֽאָה,"And would to God this people were under my hand! then would I remove Abimelech. And he said to Abimelech, Increase thine army, and come out.","Who will put this folk into my hand, that I may seize Abimelech? And he said to Abimelech, ""Great is your host, go out!""",no_edit,"False positive: KJV's 'would to God' is an English idiom ('would that'), with no divine-name word in WLC at that point ('who would give' idiom) — not a vocative. GOI's 'Who will put...' is a correct idiom-neutral rendering.",
JDG,13,5,כִּי֩ הִנָּ֨ךְ הָרָ֜ה וְיֹלַ֣דְתְּ בֵּ֗ן וּמוֹרָה֙ לֹא יַעֲלֶ֣ה עַל רֹאשׁ֔וֹ כִּֽי נְזִ֧יר אֱלֹהִ֛ים יִהְיֶ֥ה הַנַּ֖עַר מִן הַבָּ֑טֶן וְה֗וּא יָחֵ֛ל לְהוֹשִׁ֥יעַ אֶת יִשְׂרָאֵ֖ל מִיַּ֥ד פְּלִשְׁתִּֽים,"For, lo, thou shalt conceive, and bear a son; and no rasor shall come on his head: for the child shall be a Nazarite unto God from the womb: and he shall begin to deliver Israel out of the hand of the Philistines.","For behold, you are with child and shall bear a son, and no razor shall come upon his head, for the boy shall be a separate one of God from the womb; and he shall begin to deliver Israel from the hand of the Philistines.",no_edit,"False positive: 'a Nazarite unto God' is 3rd-person description of the child's status, not address to God. Matched via substring 'to God'.",
JDG,16,17,וַיַּגֶּד לָ֣הּ אֶת כָּל לִבּ֗וֹ וַיֹּ֤אמֶר לָהּ֙ מוֹרָה֙ לֹֽא עָלָ֣ה עַל רֹאשִׁ֔י כִּֽי נְזִ֧יר אֱלֹהִ֛ים אֲנִ֖י מִבֶּ֣טֶן אִמִּ֑י אִם גֻּלַּ֨חְתִּי֙ וְסָ֣ר מִמֶּ֣נִּי כֹחִ֔י וְחָלִ֥יתִי וְהָיִ֖יתִי כְּכָל הָאָדָֽם,"That he told her all his heart, and said unto her, There hath not come a rasor upon mine head; for I [have been] a Nazarite unto God from my mother’s womb: if I be shaven, then my strength will go from me, and I shall become weak, and be like any [other] man.","He told her all his heart and said to her, ""A razor has not come upon my head, for I am a Nazarite of God from my mother's womb; if I am shaved, my strength will leave me and I will grow weak and be like any other man.""",no_edit,"Same as Jdg 13:5 — 'a Nazarite unto God' is 3rd-person description, not address. Matched via substring 'to God'.",
JER,5,3,יְהֹוָ֗ה עֵינֶיךָ֮ הֲל֣וֹא לֶאֱמוּנָה֒ הִכִּ֤יתָה אֹתָם֙ וְֽלֹא חָ֔לוּ כִּלִּיתָ֕ם מֵאֲנ֖וּ קַ֣חַת מוּסָ֑ר חִזְּק֤וּ פְנֵיהֶם֙ מִסֶּ֔לַע מֵאֲנ֖וּ לָשֽׁוּב,"O LORD, [are] not thine eyes upon the truth? thou hast stricken them, but they have not grieved; thou hast consumed them, [but] they have refused to receive correction: they have made their faces harder than a rock; they have refused to return.","Jehovah, are not thine eyes upon faithfulness? thou hast smitten them, yet they have not weakened; thou hast consumed them, they refuse to receive correction; they have made their faces harder than a rock, they have refused to return.",no_edit,"GOI renders WLC's vocative as bare-name address ('Jehovah, are not thine eyes upon faithfulness?'), consistent with GOI's convention, with correct 2nd-person ('thou hast smitten/consumed') throughout. No edit needed.",
JER,10,24,יַסְּרֵ֥נִי יְהוָ֖ה אַךְ בְּמִשְׁפָּ֑ט אַל בְּאַפְּךָ֖ פֶּן תַּמְעִטֵֽנִי,"O LORD, correct me, but with judgment; not in thine anger, lest thou bring me to nothing.","Jehovah, correct me, but only in justice; do not in your anger, lest you diminish me.",no_edit,"GOI renders WLC's vocative as bare-name address ('Jehovah, correct me...'), consistent with convention, correct 2nd person. No edit needed.",
JER,11,5,לְמַעַן֩ הָקִ֨ים אֶת הַשְּׁבוּעָ֜ה אֲשֶׁר נִשְׁבַּ֣עְתִּי לַאֲבֽוֹתֵיכֶ֗ם לָתֵ֤ת לָהֶם֙ אֶ֣רֶץ זָבַ֥ת חָלָ֛ב וּדְבַ֖שׁ כַּיּ֣וֹם הַזֶּ֑ה וָאַ֥עַן וָאֹמַ֖ר אָמֵ֥ן יְהוָֽה,"That I may perform the oath which I have sworn unto your fathers, to give them a land flowing with milk and honey, as [it is] this day. Then answered I, and said, So be it, O LORD.","To confirm the oath that I swore to your ancestors, to give them a land flowing with milk and honey, as this day; and I answered and said, Amen: the LORD.",edit,"Genuine vocative closing exclamation ('So be it, O LORD' / 'Amen, O LORD'). GOI renders it as a flat description 'Amen: the LORD' — the definite article makes it read like a label rather than the address KJV/WLC intend.","To confirm the oath that I swore to your ancestors, to give them a land flowing with milk and honey, as this day; and I answered and said, Amen, O LORD."
JER,11,20,וַֽיהוָ֤ה צְבָאוֹת֙ שֹׁפֵ֣ט צֶ֔דֶק בֹּחֵ֥ן כְּלָי֖וֹת וָלֵ֑ב אֶרְאֶ֤ה נִקְמָֽתְךָ֙ מֵהֶ֔ם כִּ֥י אֵלֶ֖יךָ גִּלִּ֥יתִי אֶת רִיבִֽי,"But, O LORD of hosts, that judgest righteously, that triest the reins and the heart, let me see thy vengeance on them: for unto thee have I revealed my cause.","And the LORD of hosts judges righteously, testing kidneys and heart; I will see your vengeance upon them, for to you I have revealed my cause.",edit,"Genuine vocative prayer ('O LORD of hosts, that judgest righteously...', 2nd person 'thee' throughout WLC/KJV). GOI opens 3rd person ('the LORD of hosts judges righteously') then switches to 2nd person ('your vengeance', 'to you') for the same referent — person mismatch, same bug pattern as Jer 20:12/2Ch 20:6.","But O LORD of hosts, who judges righteously, testing kidneys and heart, let me see your vengeance upon them, for to you I have revealed my cause."
JER,15,16,נִמְצְא֤וּ דְבָרֶ֨יךָ֙ וָאֹ֣כְלֵ֔ם וַיְהִ֤י דבריך לִ֔י לְשָׂשׂ֖וֹן וּלְשִׂמְחַ֣ת לְבָבִ֑י כִּֽי נִקְרָ֤א שִׁמְךָ֙ עָלַ֔י יְהוָ֖ה אֱלֹהֵ֥י צְבָאֽוֹת,"Thy words were found, and I did eat them; and thy word was unto me the joy and rejoicing of mine heart: for I am called by thy name, O LORD God of hosts.","Your words were found and I ate them, and they became to me joy and rejoicing of heart, because your name is called upon me, the LORD of hosts.",edit,Genuine vocative closing appositive ('O LORD God of hosts'). GOI drops 'God' and renders it as a flat 3rd-person label ('the LORD of hosts') at the very end instead of the address KJV/WLC intend.,"Your words were found and I ate them, and they became to me joy and rejoicing of heart, because your name is called upon me, O LORD God of hosts."
JER,16,19,יְהוָ֞ה עֻזִּ֧י וּמָעֻזִּ֛י וּמְנוּסִ֖י בְּי֣וֹם צָרָ֑ה אֵלֶ֗יךָ גּוֹיִ֤ם יָבֹ֨אוּ֙ מֵֽאַפְסֵי אָ֔רֶץ וְיֹאמְר֗וּ אַךְ שֶׁ֨קֶר֙ נָחֲל֣וּ אֲבוֹתֵ֔ינוּ הֶ֖בֶל וְאֵֽין בָּ֥ם מוֹעִֽיל,"O LORD, my strength, and my fortress, and my refuge in the day of affliction, the Gentiles shall come unto thee from the ends of the earth, and shall say, Surely our fathers have inherited lies, vanity, and [things] wherein [there is] no profit.","The LORD is my strength, my stronghold, and my refuge in the day of distress; to You nations shall come from the ends of the earth and say, ""Only falsehood have our fathers inherited, vanity, and there is no benefit in them.""",edit,"Genuine vocative prayer ('O LORD, my strength, and my fortress...'). GOI opens with a 3rd-person copula clause ('The LORD is my strength...') then switches to 2nd person ('to You nations shall come') for the same referent — person mismatch, same bug pattern as row 49/55.","O LORD, my strength, and my stronghold, and my refuge in the day of distress, to You nations shall come from the ends of the earth and say, ""Only falsehood have our fathers inherited, vanity, and there is no benefit in them."""
JER,16,20,הֲיַעֲשֶׂה לּ֥וֹ אָדָ֖ם אֱלֹהִ֑ים וְהֵ֖מָּה לֹ֥א אֱלֹהִֽים,"Shall a man make gods unto himself, and they [are] no gods?","Will [a] man [of low degree] make God [of] himself, yet they [are] not God [at all]?",no_edit,"Out of scope / false positive for this task: matched via substring 'o gods' in 'no gods', not a vocative-address case. The bracketed '[a] man [of low degree]... God [of] himself... God [at all]' is a separate unresolved-translation-note artifact unrelated to O-vocative insertion — worth flagging separately, not fixed here.",
JER,17,13,מִקְוֵ֤ה יִשְׂרָאֵל֙ יְהוָ֔ה כָּל עֹזְבֶ֖יךָ יֵבֹ֑שׁוּ יסורי בָּאָ֣רֶץ יִכָּתֵ֔בוּ כִּ֥י עָזְב֛וּ מְק֥וֹר מַֽיִם חַיִּ֖ים אֶת יְהוָֽה,"O LORD, the hope of Israel, all that forsake thee shall be ashamed, [and] they that depart from me shall be written in the earth, because they have forsaken the LORD, the fountain of living waters.","The hope of Israel, the LORD, all those that forsake you shall be ashamed, they shall be written in the earth, because they have forsaken the fountain of living waters, even the LORD.",no_edit,"GOI reorders WLC's vocative into a mid-sentence apposition ('The hope of Israel, the LORD, all those that forsake you...') but keeps consistent 2nd person ('forsake you') — functions correctly as address, no 'funny' reading despite lacking literal 'O'.",
JER,20,12,וַיהוָ֤ה צְבָאוֹת֙ בֹּחֵ֣ן צַדִּ֔יק רֹאֶ֥ה כְלָי֖וֹת וָלֵ֑ב אֶרְאֶ֤ה נִקְמָֽתְךָ֙ מֵהֶ֔ם כִּ֥י אֵלֶ֖יךָ גִּלִּ֥יתִי אֶת רִיבִֽי,"But, O LORD of hosts, that triest the righteous, [and] seest the reins and the heart, let me see thy vengeance on them: for unto thee have I opened my cause.","And the LORD of hosts, who tests the righteous, sees the kidneys and the heart: I will see your vengeance upon them, for to you I have revealed my cause.",edit,"Twin construction to Jer 11:20 (row 49): genuine vocative prayer, but GOI opens 3rd person ('the LORD of hosts, who tests... sees...') then switches to 2nd person ('your vengeance', 'to you') for the same referent — person mismatch.","But O LORD of hosts, who tests the righteous and sees the kidneys and the heart, let me see your vengeance upon them, for to you I have revealed my cause."
JER,32,25,וְאַתָּ֞ה אָמַ֤רְתָּ אֵלַי֙ אֲדֹנָ֣י יְהוִ֔ה קְנֵֽה לְךָ֧ הַשָּׂדֶ֛ה בַּכֶּ֖סֶף וְהָעֵ֣ד עֵדִ֑ים וְהָעִ֥יר נִתְּנָ֖ה בְּיַ֥ד הַכַּשְׂדִּֽים,"And thou hast said unto me, O Lord GOD, Buy thee the field for money, and take witnesses; for the city is given into the hand of the Chaldeans.","And you said to me, (my) Lord God, Buy for yourself the field with silver and take witnesses as witnesses, and the city has been given into the hand of the Chaldeans.",edit,"Genuine vocative ('O Lord GOD, Buy thee the field...'). GOI contains a literal, unresolved '(my)' placeholder artifact before 'Lord God' — same recurring bug as Deut 3:24, Amos 7:5, Isa 38:16.","And you said to me, My Lord God, Buy for yourself the field with silver and take witnesses as witnesses, and the city has been given into the hand of the Chaldeans."
JER,51,62,וְאָמַרְתָּ֗ יְהוָה֙ אַתָּ֨ה דִבַּ֜רְתָּ אֶל הַמָּק֤וֹם הַזֶּה֙ לְהַכְרִית֔וֹ לְבִלְתִּ֤י הֱיֽוֹת בּוֹ֙ יוֹשֵׁ֔ב לְמֵאָדָ֖ם וְעַד בְּהֵמָ֑ה כִּֽי שִׁמְמ֥וֹת עוֹלָ֖ם תִּֽהְיֶֽה,"Then shalt thou say, O LORD, thou hast spoken against this place, to cut it off, that none shall remain in it, neither man nor beast, but that it shall be desolate for ever.","And you shall say, Jehovah, the Lord, You said concerning this place, to destroy it, so that there should be no inhabitant in it, neither man nor beast, for it shall be desolate wastes forever.",edit,"Genuine vocative ('O LORD, thou hast spoken against this place...'). GOI renders the name twice, redundantly, as 'Jehovah, the Lord' — an artifact of two competing renderings (transliteration + translation) left merged in the text, reading awkwardly.","And you shall say, Jehovah, You said concerning this place, to destroy it, so that there should be no inhabitant in it, neither man nor beast, for it shall be desolate forever."
JOB,8,5,אִם אַ֭תָּה תְּשַׁחֵ֣ר אֶל אֵ֑ל וְאֶל שַׁ֝דַּ֗י תִּתְחַנָּֽן,"If thou wouldest seek unto God betimes, and make thy supplication to the Almighty;","If you seek God and entreat the Almighty,",no_edit,"False positive: 'seek unto God' is Bildad's 3rd-person advice about seeking God, not a direct address. Matched via substring 'to God'.",
JOB,33,26,יֶעְתַּ֤ר אֶל אֱל֨וֹהַּ וַיִּרְצֵ֗הוּ וַיַּ֣רְא פָּ֭נָיו בִּתְרוּעָ֑ה וַיָּ֥שֶׁב לֶ֝אֱנ֗וֹשׁ צִדְקָתֽוֹ,"He shall pray unto God, and he will be favourable unto him: and he shall see his face with joy: for he will render unto man his righteousness.","He will entreat God and He will accept him, and he will see His face with shouting, and he will restore to another his righteousness.",no_edit,"False positive: 'pray unto God' is Elihu's 3rd-person description of a repentant man's action, not address. Matched via substring 'to God'.",
JON,2,6,לְקִצְבֵ֤י הָרִים֙ יָרַ֔דְתִּי הָאָ֛רֶץ בְּרִחֶ֥יהָ בַעֲדִ֖י לְעוֹלָ֑ם וַתַּ֧עַל מִשַּׁ֛חַת חַיַּ֖י יְהוָ֥ה אֱלֹהָֽי,"I went down to the bottoms of the mountains; the earth with her bars [was] about me for ever: yet hast thou brought up my life from corruption, O LORD my God.","To the bottoms of the mountains I descended; the earth with its bars was against me forever, but You, LORD my God, brought up my life from the pit.",no_edit,"GOI already renders WLC's vocative as a comma-set-off address ('but You, LORD my God, brought up my life...') with consistent 2nd person. No 'funny' reading, no edit needed.",
JOS,7,7,וַיֹּ֨אמֶר יְהוֹשֻׁ֜עַ אֲהָ֣הּ אֲדֹנָ֣י יְהוִ֗ה לָ֠מָה הֵעֲבַ֨רְתָּ הַעֲבִ֜יר אֶת הָעָ֤ם הַזֶּה֙ אֶת הַיַּרְדֵּ֔ן לָתֵ֥ת אֹתָ֛נוּ בְּיַ֥ד הָאֱמֹרִ֖י לְהַאֲבִידֵ֑נוּ וְלוּ֙ הוֹאַ֣לְנוּ וַנֵּ֔שֶׁב בְּעֵ֖בֶר הַיַּרְדֵּֽן,"And Joshua said, Alas, O Lord GOD, wherefore hast thou at all brought this people over Jordan, to deliver us into the hand of the Amorites, to destroy us? would to God we had been content, and dwelt on the other side Jordan!","And Joshua said, ""Ah, Lord God, why have You brought this people across the Jordan to deliver us into the hand of the Amorite to destroy us? Would that we had been willing and remained beyond the Jordan!""",no_edit,"GOI renders WLC's vocative as bare-name address ('Ah, Lord God, why have You brought...'), consistent with convention, correct 2nd person throughout. No edit needed.",
JOS,7,8,בִּ֖י אֲדֹנָ֑י מָ֣ה אֹמַ֔ר אַ֠חֲרֵי אֲשֶׁ֨ר הָפַ֧ךְ יִשְׂרָאֵ֛ל עֹ֖רֶף לִפְנֵ֥י אֹיְבָֽיו,"O Lord, what shall I say, when Israel turneth their backs before their enemies!","By me, my Lord, what shall I say, after Israel has turned back before their enemies?",no_edit,"GOI renders WLC's vocative as bare-name address ('By me, my Lord, what shall I say...'). Consistent with convention.",
LAM,3,41,נִשָּׂ֤א לְבָבֵ֨נוּ֙ אֶל כַּפָּ֔יִם אֶל אֵ֖ל בַּשָּׁמָֽיִם,Let us lift up our heart with [our] hands unto God in the heavens.,We lift up our heart to the hand toward God in the heavens.,no_edit,"Not a vocative: 'unto God in the heavens' is the congregation's 3rd-person corporate description of lifting their hearts, not direct address. Matched via substring 'to God'.",
LAM,3,55,קָרָ֤אתִי שִׁמְךָ֙ יְהוָ֔ה מִבּ֖וֹר תַּחְתִּיּֽוֹת,"I called upon thy name, O LORD, out of the low dungeon.","I called your name, the LORD, from the lowest cistern.",no_edit,"GOI's 'I called your name, the LORD, from the lowest cistern' has the 2nd-person possessive 'your' immediately preceding the title — a valid pronoun-then-apposition construction (cf. Psa 31:14), not a flat 3rd-person description. No 'funny' reading.",
NEH,1,5,וָאֹמַ֗ר אָֽנָּ֤א יְהוָה֙ אֱלֹהֵ֣י הַשָּׁמַ֔יִם הָאֵ֥ל הַגָּד֖וֹל וְהַנּוֹרָ֑א שֹׁמֵ֤ר הַבְּרִית֙ וָחֶ֔סֶד לְאֹהֲבָ֖יו וּלְשֹׁמְרֵ֥י מִצְוֺתָֽיו,"And said, I beseech thee, O LORD God of heaven, the great and terrible God, that keepeth covenant and mercy for them that love him and observe his commandments:","And I said, ""Please, the LORD God of the heavens, the great and awesome God, keeping the covenant and steadfast love for those who love Him and keep His commandments.""",edit,"Genuine vocative prayer ('I beseech thee, O LORD God of heaven...'). GOI's 'Please, the LORD God of the heavens...' retains the definite article with no adjacent 2nd-person pronoun, reading as description rather than address — should match GOI's own convention one verse later (Neh 1:11: 'Please, my Lord...').","And I said, ""Please, LORD God of the heavens, the great and awesome God, keeping the covenant and steadfast love for those who love Him and keep His commandments."""
NEH,1,11,אָנָּ֣א אֲדֹנָ֗י תְּהִ֣י נָ֣א אָזְנְךָֽ קַ֠שֶּׁבֶת אֶל תְּפִלַּ֨ת עַבְדְּךָ֜ וְאֶל תְּפִלַּ֣ת עֲבָדֶ֗יךָ הַֽחֲפֵצִים֙ לְיִרְאָ֣ה אֶת שְׁמֶ֔ךָ וְהַצְלִֽיחָה נָּ֤א לְעַבְדְּךָ֙ הַיּ֔וֹם וּתְנֵ֣הוּ לְרַחֲמִ֔ים לִפְנֵ֖י הָאִ֣ישׁ הַזֶּ֑ה וַאֲנִ֛י הָיִ֥יתִי מַשְׁקֶ֖ה לַמֶּֽלֶךְ,"O Lord, I beseech thee, let now thine ear be attentive to the prayer of thy servant, and to the prayer of thy servants, who desire to fear thy name: and prosper, I pray thee, thy servant this day, and grant him mercy in the sight of this man. For I was the king’s cupbearer.","Please, my Lord, let your ear be attentive to the prayer of your servant and to the prayer of your servants who delight to fear your name; and grant success to your servant today, and grant him mercy in the sight of this man. Now I was cupbearer to the king.",no_edit,"GOI renders WLC's vocative as bare-name address ('Please, my Lord, let your ear be attentive...'), consistent with convention, correct 2nd person throughout. No edit needed.",
NEH,5,13,גַּם חָצְנִ֣י נָעַ֗רְתִּי וָֽאֹמְרָ֡ה כָּ֣כָה יְנַעֵ֪ר הָֽאֱלֹהִ֟ים אֶת כָּל הָאִישׁ֩ אֲשֶׁ֨ר לֹֽא יָקִ֜ים אֶת הַדָּבָ֣ר הַזֶּ֗ה מִבֵּיתוֹ֙ וּמִ֣יגִיע֔וֹ וְכָ֛כָה יִהְיֶ֥ה נָע֖וּר וָרֵ֑ק וַיֹּאמְר֨וּ כָֽל הַקָּהָ֜ל אָמֵ֗ן וַֽיְהַלְלוּ֙ אֶת יְהוָ֔ה וַיַּ֥עַשׂ הָעָ֖ם כַּדָּבָ֥ר הַזֶּֽה,"Also I shook my lap, and said, So God shake out every man from his house, and from his labour, that performeth not this promise, even thus be he shaken out, and emptied. And all the congregation said, Amen, and praised the LORD. And the people did according to this promise.","Also I shook my lap as I said, Thus may God do to the man who does not uphold this word, from his house and from his labor; so may he be emptied and laid waste. And all the people said, Amen, and praised the LORD, and the people did according to this word.",no_edit,"False positive / oath formula: WLC's 'thus may God do' (3rd person, 'כָּ֣כָה יְנַעֵ֪ר הָֽאֱלֹהִ֟ים') and 'praised the LORD' (correct 3rd-person narrative praise) are not vocative address. Matched via substring 'o God' in 'do God'.",
NEH,6,9,כִּ֣י כֻלָּ֗ם מְיָֽרְאִ֤ים אוֹתָ֨נוּ֙ לֵאמֹ֔ר יִרְפּ֧וּ יְדֵיהֶ֛ם מִן הַמְּלָאכָ֖ה וְלֹ֣א תֵעָשֶׂ֑ה וְעַתָּ֖ה חַזֵּ֥ק אֶת יָדָֽי,"For they all made us afraid, saying, Their hands shall be weakened from the work, that it be not done. Now therefore, [O God], strengthen my hands.","For they are all afraid of us, saying, Their hands will be weakened from the work so that it will not be done; but now strengthen my hands.",no_edit,"WLC itself has no word for God/LORD in this clause (וְעַתָּ֖ה חַזֵּ֥ק אֶת יָדָֽי, 'and now strengthen my hands') — KJV's '[O God]' is its own bracketed interpretive supply, not present in the Hebrew. Per WLC-as-authority, GOI's omission is the more faithful rendering; inserting a word absent from WLC would not be correct.",
NUM,16,22,וַיִּפְּל֤וּ עַל פְּנֵיהֶם֙ וַיֹּ֣אמְר֔וּ אֵ֕ל אֱלֹהֵ֥י הָרוּחֹ֖ת לְכָל בָּשָׂ֑ר הָאִ֤ישׁ אֶחָד֙ יֶחֱטָ֔א וְעַ֥ל כָּל הָעֵדָ֖ה תִּקְצֹֽף,"And they fell upon their faces, and said, O God, the God of the spirits of all flesh, shall one man sin, and wilt thou be wroth with all the congregation?","They fell on their faces and said, God, God of the spirits of all flesh, shall one man sin and upon all the congregation will You be angry?",no_edit,"GOI renders WLC's vocative as bare-name address ('God, God of the spirits of all flesh, ... will You be angry?'), consistent with convention, correct 2nd person. No edit needed.",
PSA,5,3,יְֽהוָ֗ה בֹּ֭קֶר תִּשְׁמַ֣ע קוֹלִ֑י בֹּ֥קֶר אֶֽעֱרָךְ לְ֝ךָ֗ וַאֲצַפֶּֽה,"My voice shalt thou hear in the morning, O LORD; in the morning will I direct [my prayer] unto thee, and will look up.","The LORD in the morning You will hear my voice, in the morning I will prepare [for] You and watch.",edit,"GOI's 'The LORD in the morning You will hear my voice' has no comma separating the vocative from the clause, reading as a run-on/garbled sentence, and contains a literal unresolved bracket artifact '[for]'. Needs the vocative set off and the bracket removed.","LORD, in the morning You will hear my voice; in the morning I will prepare for You and watch."
PSA,12,7,אַתָּֽה יְהוָ֥ה תִּשְׁמְרֵ֑ם תִּצְּרֶ֓נּוּ מִן הַדּ֖וֹר ז֣וּ לְעוֹלָֽם,"Thou shalt keep them, O LORD, thou shalt preserve them from this generation for ever.","You, the LORD, will keep them; You will preserve him from this generation forever.",no_edit,"GOI's 'You, the LORD, will keep them' has the pronoun 'You' immediately before the title in valid apposition (cf. Isa 63:16 pattern), not a flat 3rd-person description. No edit needed for the vocative issue (a separate them/him pronoun inconsistency here is out of scope for this task).",
PSA,19,14,יִֽהְי֥וּ לְרָצ֨וֹן אִמְרֵי פִ֡י וְהֶגְי֣וֹן לִבִּ֣י לְפָנֶ֑יךָ יְ֝הוָ֗ה צוּרִ֥י וְגֹאֲלִֽי,"Let the words of my mouth, and the meditation of my heart, be acceptable in thy sight, O LORD, my strength, and my redeemer.","May the words of my mouth and the meditation of my heart be acceptable before you, the LORD, my rock and my redeemer.",no_edit,"GOI's '...before you, the LORD, my rock and my redeemer' has the pronoun 'you' immediately before the title in valid apposition. No 'funny' reading.",
PSA,25,4,דְּרָכֶ֣יךָ יְ֭הוָה הוֹדִיעֵ֑נִי אֹ֖רְחוֹתֶ֣יךָ לַמְּדֵֽנִי,"Shew me thy ways, O LORD; teach me thy paths.","the LORD, make known to me your ways; teach me your paths.",edit,"GOI's 'the LORD, make known to me your ways' places the definite article directly before an imperative address with no resumptive pronoun in between — reads as an error (compare natural 'LORD, make known...' or KJV's 'O LORD').","LORD, make known to me your ways; teach me your paths."
PSA,25,7,חַטֹּ֤אות נְעוּרַ֨י וּפְשָׁעַ֗י אַל תִּ֫זְכֹּ֥ר כְּחַסְדְּךָ֥ זְכָר לִי אַ֑תָּה לְמַ֖עַן טוּבְךָ֣ יְהוָֽה,"Remember not the sins of my youth, nor my transgressions: according to thy mercy remember thou me for thy goodness’ sake, O LORD.","Do not remember the sins of my youth and my transgressions; according to your mercy remember me, for the sake of your goodness, the LORD.",edit,"GOI's '...for the sake of your goodness, the LORD.' tacks the title on as an end-tag with no adjacent pronoun, reading as a flat label rather than the address KJV/WLC intend.","Do not remember the sins of my youth and my transgressions; according to your mercy remember me, for the sake of your goodness, O LORD."
PSA,26,6,אֶרְחַ֣ץ בְּנִקָּי֣וֹן כַּפָּ֑י וַאֲסֹבְבָ֖ה אֶת מִזְבַּחֲךָ֣ יְהוָֽה,"I will wash mine hands in innocency: so will I compass thine altar, O LORD:","I will wash my hands in cleanness, and I will encircle your altar, the LORD.",edit,"GOI's '...and I will encircle your altar, the LORD.' tacks the title on as an end-tag with no adjacent pronoun, reading as a flat label rather than the address KJV/WLC intend.","I will wash my hands in cleanness, and I will encircle your altar, O LORD."
PSA,30,2,יְהוָ֥ה אֱלֹהָ֑י שִׁוַּ֥עְתִּי אֵ֝לֶ֗יךָ וַתִּרְפָּאֵֽנִי,"O LORD my God, I cried unto thee, and thou hast healed me.","The LORD my God, I cried to you and you healed me.",no_edit,"GOI's 'The LORD my God, I cried to you and you healed me' is a valid left-dislocation/vocative-then-resumptive-pronoun construction ('to you'), naturally acceptable in English (cf. 'My father, I miss you'). No edit needed.",
PSA,30,3,יְֽהוָ֗ה הֶֽעֱלִ֣יתָ מִן שְׁא֣וֹל נַפְשִׁ֑י חִ֝יִּיתַ֗נִי מיורדי בֽוֹר,"O LORD, thou hast brought up my soul from the grave: thou hast kept me alive, that I should not go down to the pit.","The LORD has brought up my soul from the grave; you have kept me alive, from going down to the pit.",edit,"GOI opens with a 3rd-person verb for the same referent it then addresses in 2nd person ('The LORD has brought up my soul... you have kept me alive') — a genuine person mismatch, same bug pattern as 1Ch 17:19/29:16, Jer 11:20/16:19/20:12.","LORD, you have brought up my soul from the grave; you have kept me alive, from going down to the pit."
PSA,30,12,לְמַ֤עַן יְזַמֶּרְךָ֣ כָ֭בוֹד וְלֹ֣א יִדֹּ֑ם יְהוָ֥ה אֱ֝לֹהַ֗י לְעוֹלָ֥ם אוֹדֶֽךָּ,"To the end that [my] glory may sing praise to thee, and not be silent. O LORD my God, I will give thanks unto thee for ever.","so that my glory may sing to you and not be silent, the LORD my God, forever I will praise you.",no_edit,"GOI's '...sing to you and not be silent, the LORD my God, forever I will praise you' is surrounded by 2nd-person 'you' on both sides — a valid mid-sentence apposition, not a flat description. No edit needed.",
PSA,31,1,לַמְנַצֵּ֗חַ מִזְמ֥וֹר לְדָוִֽד בְּךָ֖ יְהוָ֣ה חָ֭סִיתִי אַל אֵב֣וֹשָׁה לְעוֹלָ֑ם בְּצִדְקָתְךָ֥ פַלְּטֵֽנִי,"To the chief Musician, A Psalm of David. In thee, O LORD, do I put my trust; let me never be ashamed: deliver me in thy righteousness.","For the music director, a psalm of David. In you, the LORD, I have trusted; let me not be ashamed forever; in your justice, deliver me.",no_edit,"GOI's 'In you, the LORD, I have trusted' has the pronoun 'you' immediately before the title in valid apposition (cf. Psa 12:7, 19:14). No edit needed.",
PSA,31,14,וַאֲנִ֤י עָלֶ֣יךָ בָטַ֣חְתִּי יְהוָ֑ה אָ֝מַ֗רְתִּי אֱלֹהַ֥י אָֽתָּה,"But I trusted in thee, O LORD: I said, Thou [art] my God.","But I on you have relied, the LORD; I said, ""My God, you are.""",no_edit,"GOI's 'I on you have relied, the LORD' restates the title in apposition after the 2nd-person pronoun clause is complete, a valid construction (cf. Lam 3:55). No edit needed.",
PSA,35,1,לְדָוִ֨ד רִיבָ֣ה יְ֭הוָה אֶת יְרִיבַ֑י לְ֝חַ֗ם אֶת לֹֽחֲמָֽי,"[A Psalm] of David. Plead [my cause], O LORD, with them that strive with me: fight against them that fight against me.","For David. Jehovah, strive Thou with them that strive with me; fight Thou against them that fight against me.",no_edit,"GOI's 'Jehovah, strive Thou with them...' is bare-name address immediately followed by a resumptive 2nd-person imperative ('Thou'). No edit needed.",
PSA,36,5,יְ֭הוָה בְּהַשָּׁמַ֣יִם חַסְדֶּ֑ךָ אֱ֝מֽוּנָתְךָ֗ עַד שְׁחָקִֽים,"Thy mercy, O LORD, [is] in the heavens; [and] thy faithfulness [reacheth] unto the clouds.","The LORD, your steadfast love is in the heavens, your faithfulness reaches the skies.",no_edit,"GOI's 'The LORD, your steadfast love is in the heavens' has an immediate resumptive 2nd-person possessive ('your') right after the title — valid left-dislocation, not a flat description.",
PSA,40,9,בִּשַּׂ֤רְתִּי צֶ֨דֶק בְּקָ֘הָ֤ל רָ֗ב הִנֵּ֣ה שְׂ֭פָתַי לֹ֣א אֶכְלָ֑א יְ֝הוָ֗ה אַתָּ֥ה יָדָֽעְתָּ,"I have preached righteousness in the great congregation: lo, I have not refrained my lips, O LORD, thou knowest.","I have done justice in the great congregation; behold, my lips have not spoken falsely; the LORD, You know.",no_edit,"GOI's '...the LORD, You know' has an immediate resumptive 2nd-person pronoun ('You') right after the title. No edit needed.",
PSA,40,11,אַתָּ֤ה יְהוָ֗ה לֹא תִכְלָ֣א רַחֲמֶ֣יךָ מִמֶּ֑נִּי חַסְדְּךָ֥ וַ֝אֲמִתְּךָ֗ תָּמִ֥יד יִצְּרֽוּנִי,"Withhold not thou thy tender mercies from me, O LORD: let thy lovingkindness and thy truth continually preserve me.","You, the LORD, will not withhold your compassion from me; your kindness and your faithfulness will continually protect me.",no_edit,"GOI's 'You, the LORD, will not withhold...' has the pronoun 'You' immediately before the title in valid apposition. No edit needed.",
PSA,42,1,לַמְנַצֵּ֗חַ מַשְׂכִּ֥יל לִבְנֵי קֹֽרַח כְּאַיָּ֗ל תַּעֲרֹ֥ג עַל אֲפִֽיקֵי מָ֑יִם כֵּ֤ן נַפְשִׁ֨י תַעֲרֹ֖ג אֵלֶ֣יךָ אֱלֹהִֽים,"To the chief Musician, Maschil, for the sons of Korah. As the hart panteth after the water brooks, so panteth my soul after thee, O God.","For the music director, a Maschil of the sons of Korah. As a hart pants for channels of water, so my soul pants for you, God.",no_edit,"GOI's '...my soul pants for you, God' uses the pronoun 'you' immediately before bare 'God' (no article) at the end. No edit needed.",
PSA,44,1,לַמְנַצֵּ֬חַ לִבְנֵי קֹ֬רַח מַשְׂכִּֽיל אֱלֹהִ֤ים בְּאָזְנֵ֬ינוּ שָׁמַ֗עְנוּ אֲבוֹתֵ֥ינוּ סִפְּרוּ לָ֑נוּ פֹּ֥עַל פָּעַ֥לְתָּ בִֽ֝ימֵיהֶ֗ם בִּ֣ימֵי קֶֽדֶם,"To the chief Musician for the sons of Korah, Maschil. We have heard with our ears, O God, our fathers have told us, [what] work thou didst in their days, in the times of old.","For the music director; by the sons of Korah; a Maschil. God, we have heard with our ears—our ancestors have told us—your deeds you did in their days, in days of old.",no_edit,"GOI's 'God, we have heard...your deeds you did' is bare-name address (no article) with resumptive 2nd person. No edit needed.",
PSA,44,4,אַתָּה ה֣וּא מַלְכִּ֣י אֱלֹהִ֑ים צַ֝וֵּ֗ה יְשׁוּע֥וֹת יַעֲקֹֽב,"Thou art my King, O God: command deliverances for Jacob.","You are he, my king, God; command deliverances for Jacob.",no_edit,"GOI's 'You are he, my king, God; command deliverances...' is bare-name apposition (no article) following an established 2nd-person subject. No edit needed.",
PSA,44,23,ע֤וּרָה לָ֖מָּה תִישַׁ֥ן אֲדֹנָ֑י הָ֝קִ֗יצָה אַל תִּזְנַ֥ח לָנֶֽצַח,"Awake, why sleepest thou, O Lord? arise, cast [us] not off for ever.","Awake, why do You sleep, my Lord? Rouse Yourself; do not reject us forever.",no_edit,"GOI's 'why do You sleep, my Lord? Rouse Yourself...' is bare-name address (no article) amid consistent 2nd person. No edit needed.",
PSA,51,15,אֲ֭דֹנָי שְׂפָתַ֣י תִּפְתָּ֑ח וּ֝פִ֗י יַגִּ֥יד תְּהִלָּתֶֽךָ,"O Lord, open thou my lips; and my mouth shall shew forth thy praise.","(my) Lord, open my lips, and my mouth will declare your praise.",edit,"GOI text contains a literal, unresolved '(my)' placeholder before 'Lord' — the same recurring data artifact as Deut 3:24, Amos 7:5, Jer 32:25, Isa 38:16 — not a deliberate rendering.","My Lord, open my lips, and my mouth will declare your praise."
PSA,54,1,לַמְנַצֵּ֥חַ בִּנְגִינֹ֗ת מַשְׂכִּ֥יל לְדָוִֽד אֱ֭לֹהִים בְּשִׁמְךָ֣ הוֹשִׁיעֵ֑נִי וּבִגְבוּרָתְךָ֥ תְדִינֵֽנִי,"To the chief Musician on Neginoth, Maschil, [A Psalm] of David, when the Ziphims came and said to Saul, Doth not David hide himself with us? Save me, O God, by thy name, and judge me by thy strength.","For the music director, with stringed instruments, a Maschil of David. God, by your name save me, and by your strength judge me.",no_edit,"GOI's 'God, by your name save me, and by your strength judge me' is bare-name imperative address (no article) with resumptive 'your'. No edit needed.",
PSA,54,2,בְּב֣וֹא הַ֭זִּיפִים וַיֹּאמְר֣וּ לְשָׁא֑וּל הֲלֹ֥א דָ֝וִ֗ד מִסְתַּתֵּ֥ר עִמָּֽנוּ אֱ֭לֹהִים שְׁמַ֣ע תְּפִלָּתִ֑י הַ֝אֲזִ֗ינָה לְאִמְרֵי פִֽי,"Hear my prayer, O God; give ear to the words of my mouth.","When the Ziphites came, they said to Saul, Is not David hiding with us? God, hear my prayer; attend to the words of my mouth.",no_edit,"GOI's 'God, hear my prayer; attend to the words of my mouth' is bare-name imperative address (no article). No edit needed.",
PSA,54,6,בִּנְדָבָ֥ה אֶזְבְּחָה לָּ֑ךְ א֤וֹדֶה שִּׁמְךָ֖ יְהוָ֣ה כִּי טֽוֹב,"I will freely sacrifice unto thee: I will praise thy name, O LORD; for [it is] good.","With a free-will offering I will sacrifice to you; I will give thanks to your name, the LORD, for it is good.",no_edit,"GOI's '...I will give thanks to your name, the LORD, for it is good' places the title in direct apposition to 'your name' (cf. Lam 3:55), not a flat 3rd-person description. No edit needed.",
PSA,55,9,בַּלַּ֣ע אֲ֭דֹנָי פַּלַּ֣ג לְשׁוֹנָ֑ם כִּֽי רָאִ֨יתִי חָמָ֖ס וְרִ֣יב בָּעִֽיר,"Destroy, O Lord, [and] divide their tongues: for I have seen violence and strife in the city.","O (my) Lord, divide their language, for I have seen violence and strife in the city.",edit,"GOI text doubles up two competing address markers — literal 'O' plus an unresolved '(my)' placeholder before 'Lord' ('O (my) Lord') — an artifact, not a deliberate rendering. Should read as a single clean vocative.","O Lord, divide their language, for I have seen violence and strife in the city."
PSA,57,5,ר֣וּמָה עַל הַשָּׁמַ֣יִם אֱלֹהִ֑ים עַ֖ל כָּל הָאָ֣רֶץ כְּבוֹדֶֽךָ,"Be thou exalted, O God, above the heavens; [let] thy glory [be] above all the earth.","Exalted be God over the heavens, your glory over all the earth.",no_edit,"GOI's 'Exalted be God over the heavens, your glory...' is bare-name address (no article) with resumptive 'your'. No edit needed.",
PSA,57,9,אוֹדְךָ֖ בָעַמִּ֥ים אֲדֹנָ֑י אֲ֝זַמֶּרְךָ֗ בַּל אֻמִּֽים,"I will praise thee, O Lord, among the people: I will sing unto thee among the nations.","I will give thanks to you among the folk, my Lord; I will sing praise to you among the nations.",no_edit,"GOI's '...among the folk, my Lord; I will sing praise to you...' is bare-name address (no article). No edit needed.",
PSA,58,6,אֱֽלֹהִ֗ים הֲרָס שִׁנֵּ֥ימוֹ בְּפִ֑ימוֹ מַלְתְּע֥וֹת כְּ֝פִירִ֗ים נְתֹ֣ץ יְהוָֽה,"Break their teeth, O God, in their mouth: break out the great teeth of the young lions, O LORD.","God, break the teeth in their mouth; the LORD shatter the great teeth of the young lions.",edit,"WLC has a 2nd-person imperative addressed to YHWH in both halves of the verse ('break... shatter', both addressed to YHWH). GOI keeps the vocative-imperative form for the first half ('God, break the teeth...') but shifts the second half into a bare 3rd-person subjunctive/jussive ('the LORD shatter...') — an inconsistent mood/person shift from the same imperative construction in WLC, not a deliberate rendering choice.","God, break the teeth in their mouth; LORD, shatter the great teeth of the young lions."
PSA,60,1,לַ֭מְנַצֵּחַ עַל שׁוּשַׁ֣ן עֵד֑וּת מִכְתָּ֖ם לְדָוִ֣ד לְלַמֵּֽד אֱ֭לֹהִים זְנַחְתָּ֣נוּ פְרַצְתָּ֑נוּ אָ֝נַ֗פְתָּ תְּשׁ֣וֹבֵ֥ב לָֽנוּ,"To the chief Musician upon Shushaneduth, Michtam of David, to teach; when he strove with Aramnaharaim and with Aramzobah, when Joab returned, and smote of Edom in the valley of salt twelve thousand. O God, thou hast cast us off, thou hast scattered us, thou hast been displeased; O turn thyself to us again.","For the director, upon Shushan-eduth, a Michtam of David, for teaching. God, you have rejected us, you have broken us open, you have been angry; turn back to us.",no_edit,"GOI's 'God, you have rejected us, you have broken us open...' is bare-name address (no article) with resumptive 'you'. No edit needed.",
PSA,61,5,כִּֽי אַתָּ֣ה אֱ֭לֹהִים שָׁמַ֣עְתָּ לִנְדָרָ֑י נָתַ֥תָּ יְ֝רֻשַּׁ֗ת יִרְאֵ֥י שְׁמֶֽךָ,"For thou, O God, hast heard my vows: thou hast given [me] the heritage of those that fear thy name.","For you, God, have heard my vows; you have given an inheritance to those who fear your name.",no_edit,"GOI's 'For you, God, have heard my vows...' uses the pronoun 'you' immediately before bare 'God' (no article) in valid apposition. No edit needed.",
PSA,62,12,וּלְךָֽ אֲדֹנָ֥י חָ֑סֶד כִּֽי אַתָּ֨ה תְשַׁלֵּ֖ם לְאִ֣ישׁ כְּֽמַעֲשֵֽׂהוּ,"Also unto thee, O Lord, [belongeth] mercy: for thou renderest to every man according to his work.","But to you, my Lord, is mercy, for you repay each man according to his deeds.",no_edit,"GOI's 'But to you, my Lord, is mercy...' uses the pronoun 'you' immediately before bare 'my Lord' in valid apposition. No edit needed.",
PSA,63,1,מִזְמ֥וֹר לְדָוִ֑ד בִּ֝הְיוֹת֗וֹ בְּמִדְבַּ֥ר יְהוּדָֽה אֱלֹהִ֤ים אֵלִ֥י אַתָּ֗ה אֲֽשַׁחֲ֫רֶ֥ךָּ צָמְאָ֬ה לְךָ֨ נַפְשִׁ֗י כָּמַ֣הּ לְךָ֣ בְשָׂרִ֑י בְּאֶֽרֶץ צִיָּ֖ה וְעָיֵ֣ף בְּלִי מָֽיִם,"A Psalm of David, when he was in the wilderness of Judah. O God, thou [art] my God; early will I seek thee: my soul thirsteth for thee, my flesh longeth for thee in a dry and thirsty land, where no water is;","A psalm of David when he was in the wilderness of Judah. God, You are my God, I thirst for You, my soul longs for You, my body yearns for You in a dry and weary land without water.",no_edit,"GOI's 'God, You are my God, I thirst for You...' is bare-name address (no article) with immediate resumptive 2nd person. No edit needed.",
PSA,66,10,כִּֽי בְחַנְתָּ֥נוּ אֱלֹהִ֑ים צְ֝רַפְתָּ֗נוּ כִּצְרָף כָּֽסֶף,"For thou, O God, hast proved us: thou hast tried us, as silver is tried.","For you have tested us, God, and refined us like silver.",no_edit,"GOI's 'For you have tested us, God, and refined us...' uses the pronoun 'you' immediately before bare 'God' (no article) — valid apposition.",
PSA,68,7,אֱֽלֹהִ֗ים בְּ֭צֵאתְךָ לִפְנֵ֣י עַמֶּ֑ךָ בְּצַעְדְּךָ֖ בִֽישִׁימ֣וֹן סֶֽלָה,"O God, when thou wentest forth before thy people, when thou didst march through the wilderness; Selah:","God, when you went out before your people, when you marched through the wilderness, Selah.",no_edit,"GOI's 'God, when you went out before your people...' is bare-name address (no article) with resumptive 'you'. No edit needed.",
PSA,68,35,נ֤וֹרָ֥א אֱלֹהִ֗ים מִֽמִּקְדָּ֫שֶׁ֥יךָ אֵ֤ל יִשְׂרָאֵ֗ל ה֤וּא נֹתֵ֨ן עֹ֖ז וְתַעֲצֻמ֥וֹת לָעָ֗ם בָּר֥וּךְ אֱלֹהִֽים,"O God, [thou art] terrible out of thy holy places: the God of Israel [is] he that giveth strength and power unto [his] people. Blessed [be] God.","The awesome God from your holy places, the God of Israel, he gives strength and power to the people; blessed be God.",no_edit,"WLC's opening clause has no explicit copula/vocative marker and the rest of the verse is unambiguously 3rd person ('he gives strength...blessed be God'). GOI's fully 3rd-person, non-vocative reading ('The awesome God from your holy places...he gives...') is a defensible literal rendering, not a person-mismatch — WLC (not KJV) is the authority for whether this is address at all.",
PSA,69,5,אֱֽלֹהִ֗ים אַתָּ֣ה יָ֭דַעְתָּ לְאִוַּלְתִּ֑י וְ֝אַשְׁמוֹתַ֗י מִמְּךָ֥ לֹא נִכְחָֽדוּ,"O God, thou knowest my foolishness; and my sins are not hid from thee.","God, You have known my folly, and my sins have not been hidden from You.",no_edit,"GOI's 'God, You have known my folly...' is bare-name address (no article) with resumptive 'You'. No edit needed.",
PSA,70,1,לַ֝מְנַצֵּ֗חַ לְדָוִ֥ד לְהַזְכִּֽיר אֱלֹהִ֥ים לְהַצִּילֵ֑נִי יְ֝הוָ֗ה לְעֶזְרָ֥תִי חֽוּשָֽׁה,"To the chief Musician, [A Psalm] of David, to bring to remembrance. [Make haste], O God, to deliver me; make haste to help me, O LORD.","For the choirmaster; of David; for commemoration. God, to deliver me; the LORD, make haste to my help.",edit,"GOI's second clause 'the LORD, make haste to my help' places the definite article directly before an imperative address with no resumptive pronoun — same error pattern as Psa 25:4.","God, to deliver me; LORD, make haste to my help."
PSA,71,12,אֱ֭לֹהִים אַל תִּרְחַ֣ק מִמֶּ֑נִּי אֱ֝לֹהַ֗י לְעֶזְרָ֥תִי חישה,"O God, be not far from me: O my God, make haste for my help.","God, do not be far from me; my God, hasten to my help.",no_edit,"GOI's 'God, do not be far from me; my God, hasten to my help' is bare-name address (no article) throughout. No edit needed.",
PSA,71,17,אֱֽלֹהִ֗ים לִמַּדְתַּ֥נִי מִנְּעוּרָ֑י וְעַד הֵ֝֗נָּה אַגִּ֥יד נִפְלְאוֹתֶֽיךָ,"O God, thou hast taught me from my youth: and hitherto have I declared thy wondrous works.","God has taught me from my youth, and even to this day I declare your wonders.",edit,"GOI opens with a 3rd-person verb for God ('God has taught me from my youth') then switches to 2nd-person possessive for the same referent ('your wonders') with no vocative marker bridging them — the same person-mismatch bug pattern as 1Ch 17:19/29:16, Jer 11:20/16:19/20:12/Psa 30:3.","O God, you have taught me from my youth, and even to this day I declare your wonders."
PSA,75,1,לַמְנַצֵּ֥חַ אַל תַּשְׁחֵ֑ת מִזְמ֖וֹר לְאָסָ֣ף שִֽׁיר ה֘וֹדִ֤ינוּ לְּךָ֨ אֱֽלֹהִ֗ים ה֭וֹדִינוּ וְקָר֣וֹב שְׁמֶ֑ךָ סִ֝פְּר֗וּ נִפְלְאוֹתֶֽיךָ,"To the chief Musician, Altaschith, A Psalm [or] Song of Asaph. Unto thee, O God, do we give thanks, [unto thee] do we give thanks: for [that] thy name is near thy wondrous works declare.","For the choirmaster; do not destroy; a psalm, a song of Asaph. We give thanks to you, God; we give thanks, and your name is near; they recount your wonders.",no_edit,"GOI's 'We give thanks to you, God...' uses the pronoun 'you' immediately before bare 'God' (no article) — valid apposition.",
PSA,76,6,מִ֭גַּעֲרָ֣תְךָ אֱלֹהֵ֣י יַעֲקֹ֑ב נִ֝רְדָּ֗ם וְרֶ֣כֶב וָסֽוּס,"At thy rebuke, O God of Jacob, both the chariot and horse are cast into a dead sleep.","At your rebuke, God of Jacob, they slumbered, both chariot and horse.",no_edit,"GOI's 'At your rebuke, God of Jacob, they slumbered...' uses the possessive 'your' immediately before bare 'God of Jacob' (no article) — valid apposition.",
PSA,77,13,אֱ֭לֹהִים בַּקֹּ֣דֶשׁ דַּרְכֶּ֑ךָ מִי אֵ֥ל גָּ֝ד֗וֹל כֵּֽאלֹהִֽים,"Thy way, O God, [is] in the sanctuary: who [is so] great a God as [our] God?",God in holiness is your way; who is a great God like our God?,edit,"GOI's word-for-word word order ('God in holiness is your way') garbles the equational clause WLC intends (God, [in holiness] is your way) into an ambiguous run-on. Needs the vocative set off for clarity, matching WLC's own word order.","God, your way is in holiness; who is a great God like our God?"
PSA,79,1,מִזְמ֗וֹר לְאָ֫סָ֥ף אֱֽלֹהִ֡ים בָּ֤אוּ גוֹיִ֨ם בְּֽנַחֲלָתֶ֗ךָ טִ֭מְּאוּ אֶת הֵיכַ֣ל קָדְשֶׁ֑ךָ שָׂ֖מוּ אֶת יְרוּשָׁלִַ֣ם לְעִיִּֽים,"A Psalm of Asaph. O God, the heathen are come into thine inheritance; thy holy temple have they defiled; they have laid Jerusalem on heaps.","A psalm of Asaph. God, nations have entered your inheritance, they have defiled your holy temple, they have made Jerusalem a heap.",no_edit,"GOI's 'God, nations have entered your inheritance...' is bare-name address (no article) with resumptive 'your'. No edit needed.",
PSA,79,12,וְהָ֘שֵׁ֤ב לִשְׁכֵנֵ֣ינוּ שִׁ֭בְעָתַיִם אֶל חֵיקָ֑ם חֶרְפָּ֘תָ֤ם אֲשֶׁ֖ר חֵרְפ֣וּךָ אֲדֹנָֽי,"And render unto our neighbours sevenfold into their bosom their reproach, wherewith they have reproached thee, O Lord.","And repay our neighbors sevenfold into their bosom the reproach with which they have reproached You, (my) Lord.",edit,"GOI text contains a literal, unresolved '(my)' placeholder before 'Lord' — the same recurring data artifact seen elsewhere (Deut 3:24, Amos 7:5, Jer 32:25, Isa 38:16, Psa 51:15).","And repay our neighbors sevenfold into their bosom the reproach with which they have reproached You, my Lord."
PSA,80,7,אֱלֹהִ֣ים צְבָא֣וֹת הֲשִׁיבֵ֑נוּ וְהָאֵ֥ר פָּ֝נֶ֗יךָ וְנִוָּשֵֽׁעָה,"Turn us again, O God of hosts, and cause thy face to shine; and we shall be saved.","God of hosts, restore us, and cause Your face to shine upon us, that we may be saved.",no_edit,"GOI's 'God of hosts, restore us, and cause Your face to shine...' is bare-name imperative address (no article). No edit needed.",
PSA,80,14,אֱלֹהִ֣ים צְבָאוֹת֮ שֽׁ֫וּב נָ֥א הַבֵּ֣ט מִשָּׁמַ֣יִם וּרְאֵ֑ה וּ֝פְקֹ֗ד גֶּ֣פֶן זֹֽאת,"Return, we beseech thee, O God of hosts: look down from heaven, and behold, and visit this vine;","God of hosts, return, we pray; look down from heaven and see, and visit this vine.",no_edit,"GOI's 'God of hosts, return, we pray...' is bare-name imperative address (no article). No edit needed.",
PSA,84,12,יְהוָ֥ה צְבָא֑וֹת אַֽשְׁרֵ֥י אָ֝דָ֗ם בֹּטֵ֥חַ בָּֽךְ,"O LORD of hosts, blessed [is] the man that trusteth in thee.",The LORD of hosts: happy is the man who trusts in you.,edit,"GOI's 'The LORD of hosts: happy is the man...' turns the vocative into a colon-separated heading/label rather than integrating it into the address — reads like a caption, not a prayer opening.","LORD of hosts, blessed is the man who trusts in you."
PSA,86,3,חָנֵּ֥נִי אֲדֹנָ֑י כִּ֥י אֵלֶ֥יךָ אֶ֝קְרָ֗א כָּל הַיּֽוֹם,"Be merciful unto me, O Lord: for I cry unto thee daily.","Have mercy on me, (my) Lord, for to you I call (in) all (manner) day.",edit,"GOI text contains multiple unresolved bracket/placeholder artifacts — '(my)' before Lord, plus '(in)' and '(manner)' inserted mid-sentence — corrupting an otherwise simple clause.","Have mercy on me, my Lord, for to you I call all the day."
PSA,86,4,שַׂ֭מֵּחַ נֶ֣פֶשׁ עַבְדֶּ֑ךָ כִּ֥י אֵלֶ֥יךָ אֲ֝דֹנָ֗י נַפְשִׁ֥י אֶשָּֽׂא,"Rejoice the soul of thy servant: for unto thee, O Lord, do I lift up my soul.","Gladden the soul of your servant, for to you, my Lord, my soul I lift up.",no_edit,"GOI's '...for to you, my Lord, my soul I lift up' uses the pronoun 'you' immediately before bare 'my Lord' — valid apposition.",
PSA,86,12,אוֹדְךָ֤ אֲדֹנָ֣י אֱ֭לֹהַי בְּכָל לְבָבִ֑י וַאֲכַבְּדָ֖ה שִׁמְךָ֣ לְעוֹלָֽם,"I will praise thee, O Lord my God, with all my heart: and I will glorify thy name for evermore.","I will praise you, my Lord God, with all my heart, and I will honor your name forever.",no_edit,"GOI's 'I will praise you, my Lord God...' uses the pronoun 'you' immediately before bare 'my Lord God' — valid apposition.",
PSA,88,1,שִׁ֥יר מִזְמ֗וֹר לִבְנֵ֫י קֹ֥רַח לַמְנַצֵּ֣חַ עַל מָחֲלַ֣ת לְעַנּ֑וֹת מַ֝שְׂכִּ֗יל לְהֵימָ֥ן הָאֶזְרָחִֽי יְ֭הוָה אֱלֹהֵ֣י יְשׁוּעָתִ֑י יוֹם צָעַ֖קְתִּי בַלַּ֣יְלָה נֶגְדֶּֽךָ,"A Song [or] Psalm for the sons of Korah, to the chief Musician upon Mahalath Leannoth, Maschil of Heman the Ezrahite. O LORD God of my salvation, I have cried day [and] night before thee:","A song, a psalm for the Korahites, to the director, upon Mahalath for the afflicted, a Maschil of Heman the Ezrahite. The LORD, God of my salvation, by day I cried out, and by night before You.",no_edit,"GOI's 'The LORD, God of my salvation, by day I cried out...before You' is a title-chain vocative followed by a 1st-person clause that references the addressee via a resumptive 2nd-person pronoun ('before You') — a valid construction (cf. Psa 30:2). No edit needed.",
PSA,89,8,יְהוָ֤ה אֱלֹ֘הֵ֤י צְבָא֗וֹת מִֽי כָֽמ֖וֹךָ חֲסִ֥ין יָ֑הּ וֶ֝אֱמֽוּנָתְךָ֗ סְבִיבוֹתֶֽיךָ,"O LORD God of hosts, who [is] a strong LORD like unto thee? or to thy faithfulness round about thee?","The LORD God of hosts, who is like you, mighty Jah? And your faithfulness surrounds you.",no_edit,"GOI's 'The LORD God of hosts, who is like you...' is a title-chain vocative immediately followed by a resumptive 2nd-person rhetorical question ('who is like you') — valid left-dislocation (cf. 2Ki 19:15, Isa 37:16). No edit needed.",
PSA,89,15,אַשְׁרֵ֣י הָ֭עָם יוֹדְעֵ֣י תְרוּעָ֑ה יְ֝הוָ֗ה בְּֽאוֹר פָּנֶ֥יךָ יְהַלֵּכֽוּן,"Blessed [is] the people that know the joyful sound: they shall walk, O LORD, in the light of thy countenance.",Blessed the people knowing the shout; the LORD in the light of your face they walk.,edit,"GOI's 'the LORD in the light of your face they walk' inserts the title with no comma/vocative marker into a clause whose grammatical subject is 'they' (the people), producing a garbled, hard-to-parse sentence. Needs the vocative set off, matching WLC/KJV's clearer structure.","Blessed the people knowing the shout; O LORD, in the light of your face they walk."
PSA,94,1,אֵל נְקָמ֥וֹת יְהוָ֑ה אֵ֖ל נְקָמ֣וֹת הוֹפִֽיַע,"O LORD God, to whom vengeance belongeth; O God, to whom vengeance belongeth, shew thyself.","God of vengeance, the LORD; God of vengeance, shine forth.",no_edit,"GOI's 'God of vengeance, the LORD; God of vengeance, shine forth' restates the title in apposition right after an already-established vocative ('God of vengeance'), in a repeated parallel structure. No edit needed.",
PSA,99,8,יְהוָ֣ה אֱלֹהֵינוּ֮ אַתָּ֪ה עֲנִ֫יתָ֥ם אֵ֣ל נֹ֭שֵׂא הָיִ֣יתָ לָהֶ֑ם וְ֝נֹקֵ֗ם עַל עֲלִילוֹתָֽם,"Thou answeredst them, O LORD our God: thou wast a God that forgavest them, though thou tookest vengeance of their inventions.","Jehovah our God, you answered them; God, you were their support, and avenger of their deeds.",no_edit,"GOI's 'Jehovah our God, you answered them; God, you were their support...' is bare-name address (no article) with resumptive 'you'. No edit needed.",
PSA,101,1,לְדָוִ֗ד מִ֫זְמ֥וֹר חֶֽסֶד וּמִשְׁפָּ֥ט אָשִׁ֑ירָה לְךָ֖ יְהוָ֣ה אֲזַמֵּֽרָה,"A Psalm of David. I will sing of mercy and judgment: unto thee, O LORD, will I sing.","A psalm of David. I will sing of favour and judgment; to you, the LORD, I will sing.",no_edit,"GOI's '...to you, the LORD, I will sing' uses the pronoun 'you' immediately before the title — valid apposition.",
PSA,102,1,תְּ֭פִלָּה לְעָנִ֣י כִֽי יַעֲטֹ֑ף וְלִפְנֵ֥י יְ֝הוָ֗ה יִשְׁפֹּ֥ךְ שִׂיחֽוֹ יְ֭הוָה שִׁמְעָ֣ה תְפִלָּתִ֑י וְ֝שַׁוְעָתִ֗י אֵלֶ֥יךָ תָבֽוֹא,"A Prayer of the afflicted, when he is overwhelmed, and poureth out his complaint before the LORD. Hear my prayer, O LORD, and let my cry come unto thee.","A prayer of a poor man when he is faint, and before the LORD he pours out his complaint. Jehovah, hear my prayer; let my crying come to you.",no_edit,"The first 'the LORD' is the psalm's own 3rd-person narrative superscription (matching KJV's 'poureth out his complaint before the LORD', correctly not vocative); the second sentence ('Jehovah, hear my prayer') is bare-name imperative address. No edit needed.",
PSA,108,5,ר֣וּמָה עַל שָׁמַ֣יִם אֱלֹהִ֑ים וְעַ֖ל כָּל הָאָ֣רֶץ כְּבוֹדֶֽךָ,"Be thou exalted, O God, above the heavens: and thy glory above all the earth;","Exalt God above the heavens, and your glory above all the earth.",edit,"WLC's imperative ('be exalted!') is a 2nd-person reflexive command addressed to God to exalt Himself. GOI's 'Exalt God above the heavens' reads as a transitive command to a third party to exalt God — a person/voice error, not merely a missing 'O'.","Be exalted, O God, above the heavens, and your glory above all the earth."
PSA,109,21,וְאַתָּ֤ה יְה֘וִ֤ה אֲדֹנָ֗י עֲֽשֵׂה אִ֭תִּי לְמַ֣עַן שְׁמֶ֑ךָ כִּי ט֥וֹב חַ֝סְדְּךָ֗ הַצִּילֵֽנִי,"But do thou for me, O GOD the Lord, for thy name’s sake: because thy mercy [is] good, deliver thou me.","But you, God, (my) Lord, act for me because of your renown, for your mercy is good; deliver me.",edit,"GOI text contains a literal, unresolved '(my)' placeholder before 'Lord' — the same recurring data artifact seen elsewhere (Deut 3:24, Amos 7:5, Jer 32:25, Isa 38:16, Psa 51:15, 79:12, 86:3).","But you, God, my Lord, act for me because of your renown, for your mercy is good; deliver me."
PSA,119,12,בָּר֖וּךְ אַתָּ֥ה יְהוָ֗ה לַמְּדֵ֥נִי חֻקֶּֽיךָ,"Blessed [art] thou, O LORD: teach me thy statutes.","Blessed are you, the LORD, who teaches me your statutes.",no_edit,"GOI's 'Blessed are you, the LORD, who teaches me...' uses the pronoun 'you' immediately before the title — valid apposition.",
PSA,119,55,זָ֘כַ֤רְתִּי בַלַּ֣יְלָה שִׁמְךָ֣ יְהוָ֑ה וָֽ֝אֶשְׁמְרָ֗ה תּוֹרָתֶֽךָ,"I have remembered thy name, O LORD, in the night, and have kept thy law.","I remembered your name, the LORD, in night, and I kept your law.",no_edit,"GOI's 'I remembered your name, the LORD, in night...' places the title in direct apposition to 'your name' (cf. Psa 54:6, Lam 3:55). No edit needed.",
PSA,119,57,חֶלְקִ֖י יְהוָ֥ה אָמַ֗רְתִּי לִשְׁמֹ֥ר דְּבָרֶֽיךָ,"CHETH. [Thou art] my portion, O LORD: I have said that I would keep thy words.",My portion is the LORD; I have said that I would keep Your word.,edit,"GOI's 'My portion is the LORD' is a 3rd-person declarative predicate, but the following clause addresses the same referent in 2nd person ('keep Your word') — WLC's bare nominal clause must be vocative here since the next clause already presumes direct address. Person mismatch, same bug pattern as Psa 30:3/71:17.","You are my portion, O LORD; I have said that I would keep Your word."
PSA,119,64,חַסְדְּךָ֣ יְ֭הוָה מָלְאָ֥ה הָאָ֗רֶץ חֻקֶּ֥יךָ לַמְּדֵֽנִי,"The earth, O LORD, is full of thy mercy: teach me thy statutes.",The LORD's favour has filled the earth; teach me your statutes.,edit,"GOI's 'The LORD's favour has filled the earth' is 3rd-person declarative, but the following clause is a 2nd-person imperative to the same referent ('teach me your statutes') — person mismatch, same bug pattern as row 129.","Your mercy, O LORD, fills the earth; teach me your statutes."
PSA,119,89,לְעוֹלָ֥ם יְהוָ֑ה דְּ֝בָרְךָ֗ נִצָּ֥ב בַּשָּׁמָֽיִם,"LAMED. For ever, O LORD, thy word is settled in heaven.",alway the LORD your word stands in the heavens,edit,"GOI's 'alway the LORD your word stands in the heavens' has no punctuation separating the vocative from the clause, reading as a garbled run-on.","Forever, O LORD, your word stands in the heavens."
PSA,119,108,נִדְב֣וֹת פִּ֭י רְצֵה נָ֣א יְהוָ֑ה וּֽמִשְׁפָּטֶ֥יךָ לַמְּדֵֽנִי,"Accept, I beseech thee, the freewill offerings of my mouth, O LORD, and teach me thy judgments.","May the free offerings of my mouth please the LORD, and teach me your judgments.",edit,"GOI's 'May the free offerings of my mouth please the LORD' is 3rd-person ('please the LORD' — LORD as object), but the following clause is a 2nd-person imperative to the same referent ('teach me your judgments') — person mismatch, same bug pattern as rows 129-130.","May the free offerings of my mouth please you, O LORD, and teach me your judgments."
PSA,119,137,צַדִּ֣יק אַתָּ֣ה יְהוָ֑ה וְ֝יָשָׁ֗ר מִשְׁפָּטֶֽיךָ,"TZADDI. Righteous [art] thou, O LORD, and upright [are] thy judgments.","You are righteous, the LORD, and your judgments are upright.",no_edit,"GOI's 'You are righteous, the LORD, and your judgments are upright' uses the pronoun 'You' immediately before the title — valid apposition.",
PSA,125,4,הֵיטִ֣יבָה יְ֭הוָה לַטּוֹבִ֑ים וְ֝לִֽישָׁרִ֗ים בְּלִבּוֹתָֽם,"Do good, O LORD, unto [those that be] good, and to [them that are] upright in their hearts.","The LORD has done good to the good, and to the upright in their hearts.",edit,"WLC's imperative ('do good!') is a 2nd-person petition addressed to God. GOI's 'The LORD has done good...' recasts it entirely as a 3rd-person indicative statement, changing the verse's mood from petition to report — a real correctness error, not merely a missing 'O'.","Do good, O LORD, to the good, and to the upright in their hearts."
PSA,130,1,שִׁ֥יר הַֽמַּעֲל֑וֹת מִמַּעֲמַקִּ֖ים קְרָאתִ֣יךָ יְהוָֽה,"A Song of degrees. Out of the depths have I cried unto thee, O LORD.","A song of the steps: from the depths I called to you, the LORD.",no_edit,"GOI's '...I called to you, the LORD' uses the pronoun 'you' immediately before the title — valid apposition.",
PSA,135,13,יְ֭הוָה שִׁמְךָ֣ לְעוֹלָ֑ם יְ֝הוָ֗ה זִכְרְךָ֥ לְדֹר וָדֹֽר,"Thy name, O LORD, [endureth] for ever; [and] thy memorial, O LORD, throughout all generations.","The LORD, your name is forever; the LORD, your remembrance to all generations.",no_edit,"GOI's 'The LORD, your name is forever; the LORD, your remembrance...' is a title immediately followed by a resumptive 2nd-person possessive ('your') both times — valid left-dislocation. No edit needed.",
PSA,138,8,יְהוָה֮ יִגְמֹ֪ר בַּ֫עֲדִ֥י יְ֭הוָה חַסְדְּךָ֣ לְעוֹלָ֑ם מַעֲשֵׂ֖י יָדֶ֣יךָ אַל תֶּֽרֶף,"The LORD will perfect [that which] concerneth me: thy mercy, O LORD, [endureth] for ever: forsake not the works of thine own hands.","The LORD will fulfill for me; the LORD, Your steadfast favour endures perpetually—do not forsake the works of Your hands.",no_edit,"The first clause ('The LORD will fulfill for me') is genuinely 3rd person in WLC itself (יְהוָה֮ יִגְמֹ֪ר, matching KJV's own 3rd-person 'The LORD will perfect...'), not an error. The second clause ('the LORD, Your steadfast favour endures...') is title + immediate resumptive 'Your' — valid apposition. No edit needed.",
PSA,139,19,אִם תִּקְטֹ֖ל אֱל֥וֹהַּ רָשָׁ֑ע וְאַנְשֵׁ֥י דָ֝מִ֗ים ס֣וּרוּ מֶֽנִּי,"Surely thou wilt slay the wicked, O God: depart from me therefore, ye bloody men.","If God kills the wicked, then men of blood turn away from me.",edit,"WLC's verb (תִּקְטֹ֖ל) is 2nd-person ('you will slay'), addressed directly to God — matching KJV's 'thou wilt slay... O God'. GOI's 'If God kills the wicked' recasts it as a 3rd-person conditional statement, changing both the person and the mood (petition/assertion vs. hypothetical) — a real correctness error, not merely a missing 'O'.","Surely you will slay the wicked, O God; therefore depart from me, you men of blood."
PSA,139,23,חָקְרֵ֣נִי אֵ֭ל וְדַ֣ע לְבָבִ֑י בְּ֝חָנֵ֗נִי וְדַ֣ע שַׂרְעַפָּֽי,"Search me, O God, and know my heart: try me, and know my thoughts:","Search me, God, and know my heart; test me and know my thoughts.",no_edit,"GOI's 'Search me, God, and know my heart...' is bare-name imperative address (no article). No edit needed.",
PSA,140,7,יְהֹוִ֣ה אֲ֭דֹנָי עֹ֣ז יְשׁוּעָתִ֑י סַכֹּ֥תָה לְ֝רֹאשִׁ֗י בְּי֣וֹם נָֽשֶׁק,"O GOD the Lord, the strength of my salvation, thou hast covered my head in the day of battle.","God, (my) Lord, the strength of my deliverance, a shield over my head in the day of battle.",edit,"GOI text contains a literal, unresolved '(my)' placeholder before 'Lord' — the same recurring data artifact seen throughout this dataset (Deut 3:24, Amos 7:5, Jer 32:25, Isa 38:16, Psa 51:15, 79:12, 86:3, 109:21).","God, my Lord, the strength of my deliverance, a shield over my head in the day of battle."
PSA,141,8,כִּ֤י אֵלֶ֨יךָ יְהֹוִ֣ה אֲדֹנָ֣י עֵינָ֑י בְּכָ֥ה חָ֝סִ֗יתִי אַל תְּעַ֥ר נַפְשִֽׁי,"But mine eyes [are] unto thee, O GOD the Lord: in thee is my trust; leave not my soul destitute.","For to you, God my Lord, are my eyes; in you I take refuge; do not pour out my soul.",no_edit,"GOI's 'For to you, God my Lord, are my eyes...' is bare-name address (no article) with the pronoun 'you' immediately preceding. No edit needed.",
PSA,144,5,יְ֭הוָה הַט שָׁמֶ֣יךָ וְתֵרֵ֑ד גַּ֖ע בֶּהָרִ֣ים וְֽיֶעֱשָֽׁנוּ,"Bow thy heavens, O LORD, and come down: touch the mountains, and they shall smoke.","Jehovah, bow down the heavens and come down; touch the mountains so that they smoke.",no_edit,"GOI's 'Jehovah, bow down the heavens and come down...' is bare-name imperative address (no article). No edit needed.",
PSA,144,9,אֱֽלֹהִ֗ים שִׁ֣יר חָ֭דָשׁ אָשִׁ֣ירָה לָּ֑ךְ בְּנֵ֥בֶל עָ֝שׂ֗וֹר אֲזַמְּרָה לָּֽךְ,"I will sing a new song unto thee, O God: upon a psaltery [and] an instrument of ten strings will I sing praises unto thee.","God, a new song I will sing to you; on a psaltery of ten strings I will make music to you.",no_edit,"GOI's 'God, a new song I will sing to you...' is bare-name address (no article) with resumptive 'you'. No edit needed.",
