book,chapter,verse,flags,priority
MAT,1,6,TRANSLATION,normal
MAT,1,19,TRANSLATION,normal
MAT,1,20,TRANSLATION,normal
MAT,1,21,TRANSLATION,normal
MAT,1,23,TRANSLATION,normal
MAT,2,7,TRANSLATION,normal
MAT,2,8,TRANSLATION,normal
MAT,2,11,TRANSLATION,normal
MAT,2,16,TRANSLATION,normal
MAT,3,2,TRANSLATION,normal
MAT,3,5,TRANSLATION,normal
MAT,3,6,TRANSLATION,normal
MAT,3,12,TRANSLATION,normal
MAT,3,13,TRANSLATION,normal
MAT,3,15,TRANSLATION,normal
MAT,3,17,TRANSLATION,normal
MAT,4,1,TRANSLATION,normal
MAT,4,17,TRANSLATION,normal
MAT,4,23,TRANSLATION,normal
MAT,5,2,TRANSLATION,normal
MAT,5,13,TRANSLATION,normal
MAT,5,18,TRANSLATION,normal
MAT,5,22,TRANSLATION,normal
MAT,5,23,TRANSLATION,normal
MAT,5,31,TRANSLATION,normal
MAT,5,33,TRANSLATION,normal
MAT,5,35,TRANSLATION,normal
MAT,5,40,TRANSLATION,normal
MAT,6,1,TRANSLATION,normal
MAT,6,5,TRANSLATION,normal
MAT,6,17,TRANSLATION,normal
MAT,6,26,TRANSLATION,normal
MAT,6,29,TRANSLATION,normal
MAT,6,30,TRANSLATION,normal
MAT,6,32,TRANSLATION,normal
MAT,7,3,TRANSLATION,normal
MAT,7,4,TRANSLATION,normal
MAT,7,10,TRANSLATION,normal
MAT,7,13,TRANSLATION,normal
MAT,7,14,TRANSLATION,normal
MAT,7,22,TRANSLATION,normal
MAT,7,23,TRANSLATION,normal
MAT,8,6,TRANSLATION,normal
MAT,8,7,TRANSLATION,normal
MAT,8,11,TRANSLATION,normal
MAT,8,12,TRANSLATION,normal
MAT,8,15,TRANSLATION,normal
MAT,8,16,TRANSLATION,normal
MAT,8,18,TRANSLATION,normal
MAT,8,22,TRANSLATION,normal
MAT,8,25,TRANSLATION,normal
MAT,8,29,TRANSLATION,normal
MAT,9,4,TRANSLATION,normal
MAT,9,19,TRANSLATION,normal
MAT,9,24,TRANSLATION,normal
MAT,9,25,TRANSLATION,normal
MAT,9,28,TRANSLATION,normal
MAT,9,29,TRANSLATION,normal
MAT,9,30,TRANSLATION,normal
MAT,9,34,TRANSLATION,normal
MAT,10,3,TRANSLATION,normal
MAT,10,7,TRANSLATION,normal
MAT,10,8,TRANSLATION,normal
MAT,10,10,TRANSLATION,normal
MAT,10,11,TRANSLATION,normal
MAT,10,12,TRANSLATION,normal
MAT,10,21,TRANSLATION,normal
MAT,10,23,TRANSLATION,normal
MAT,10,25,TRANSLATION,normal
MAT,10,26,TRANSLATION,normal
MAT,10,29,TRANSLATION,normal
MAT,11,7,TRANSLATION,normal
MAT,11,11,TRANSLATION,normal
MAT,11,12,TRANSLATION,normal
MAT,11,19,TRANSLATION,normal
MAT,11,21,TRANSLATION,normal
MAT,11,22,TRANSLATION,normal
MAT,11,24,TRANSLATION,normal
MAT,11,25,TRANSLATION,normal
MAT,11,27,TRANSLATION,normal
MAT,12,5,TRANSLATION,normal
MAT,12,7,TRANSLATION,normal
MAT,12,8,TRANSLATION,normal
MAT,12,10,TRANSLATION,normal
MAT,12,12,TRANSLATION,normal
MAT,12,20,TRANSLATION,normal
MAT,12,22,TRANSLATION,normal
MAT,12,26,TRANSLATION,normal
MAT,12,27,TRANSLATION,normal
MAT,12,29,TRANSLATION,normal
MAT,12,36,TRANSLATION,normal
MAT,12,37,TRANSLATION,normal
MAT,12,41,TRANSLATION,normal
MAT,12,42,TRANSLATION,normal
MAT,12,47,TRANSLATION,normal
MAT,12,48,TRANSLATION,normal
MAT,13,4,TRANSLATION,normal
MAT,13,5,TRANSLATION,normal
MAT,13,6,TRANSLATION,normal
MAT,13,7,TRANSLATION,normal
MAT,13,12,TRANSLATION,normal
MAT,13,14,TRANSLATION,normal
MAT,13,15,TRANSLATION,normal
MAT,13,18,TRANSLATION,normal
MAT,13,22,TRANSLATION,normal
MAT,13,24,TRANSLATION,normal
MAT,13,37,TRANSLATION,normal
MAT,13,38,TRANSLATION,normal
MAT,13,40,TRANSLATION,normal
MAT,13,44,TRANSLATION,normal
MAT,13,45,TRANSLATION,normal
MAT,13,52,TRANSLATION,normal
MAT,13,54,TRANSLATION,normal
MAT,13,56,TRANSLATION,normal
MAT,13,57,TRANSLATION,normal
MAT,14,2,TRANSLATION,normal
MAT,14,4,TRANSLATION,normal
MAT,14,5,TRANSLATION,normal
MAT,14,6,TRANSLATION,normal
MAT,14,7,TRANSLATION,normal
MAT,14,9,TRANSLATION,normal
MAT,14,10,TRANSLATION,normal
MAT,14,14,TRANSLATION,normal
MAT,14,21,TRANSLATION,normal
MAT,14,32,TRANSLATION,normal
MAT,15,4,TRANSLATION,normal
MAT,15,5,TRANSLATION,normal
MAT,15,9,TRANSLATION,normal
MAT,15,14,TRANSLATION,normal
MAT,15,20,TRANSLATION,normal
MAT,15,32,TRANSLATION,normal
MAT,16,1,TRANSLATION,normal
MAT,16,3,TRANSLATION,normal
MAT,16,7,TRANSLATION,normal
MAT,16,8,TRANSLATION,normal
MAT,16,16,TRANSLATION,normal
MAT,16,20,TRANSLATION,normal
MAT,16,28,TRANSLATION,normal
MAT,17,1,TRANSLATION,normal
MAT,17,3,TRANSLATION,normal
MAT,17,4,TRANSLATION,normal
MAT,17,5,TRANSLATION,normal
MAT,17,8,TRANSLATION,normal
MAT,17,16,TRANSLATION,normal
MAT,17,18,TRANSLATION,normal
MAT,17,22,TRANSLATION,normal
MAT,17,25,TRANSLATION,normal
MAT,17,26,TRANSLATION,normal
MAT,17,27,TRANSLATION,normal
MAT,18,3,TRANSLATION,normal
MAT,18,6,TRANSLATION,normal
MAT,18,11,TRANSLATION,normal
MAT,18,13,TRANSLATION,normal
MAT,18,16,TRANSLATION,normal
MAT,18,21,TRANSLATION,normal
MAT,18,23,TRANSLATION,normal
MAT,18,28,TRANSLATION,normal
MAT,18,29,TRANSLATION,normal
MAT,18,34,TRANSLATION,normal
MAT,19,7,TRANSLATION,normal
MAT,19,8,TRANSLATION,normal
MAT,19,10,TRANSLATION,normal
MAT,19,13,TRANSLATION,normal
MAT,19,24,TRANSLATION,normal
MAT,20,2,TRANSLATION,normal
MAT,20,3,TRANSLATION,normal
MAT,20,4,TRANSLATION,normal
MAT,20,7,TRANSLATION,normal
MAT,20,12,TRANSLATION,normal
MAT,20,15,TRANSLATION,normal
MAT,20,34,TRANSLATION,normal
MAT,21,3,TRANSLATION,normal
MAT,21,7,TRANSLATION,normal
MAT,21,9,TRANSLATION,normal
MAT,21,16,TRANSLATION,normal
MAT,21,24,TRANSLATION,normal
MAT,21,28,TRANSLATION,normal
MAT,21,29,TRANSLATION,normal
MAT,21,31,TRANSLATION,normal
MAT,21,42,TRANSLATION,normal
MAT,21,43,TRANSLATION,normal
MAT,22,2,TRANSLATION,normal
MAT,22,6,TRANSLATION,normal
MAT,22,12,TRANSLATION,normal
MAT,22,14,TRANSLATION,normal
MAT,22,15,TRANSLATION,normal
MAT,22,19,TRANSLATION,normal
MAT,22,28,TRANSLATION,normal
MAT,22,38,TRANSLATION,normal
MAT,22,43,TRANSLATION,normal
MAT,23,2,TRANSLATION,normal
MAT,23,3,TRANSLATION,normal
MAT,23,6,TRANSLATION,normal
MAT,23,7,TRANSLATION,normal
MAT,23,15,TRANSLATION,normal
MAT,23,22,TRANSLATION,normal
MAT,23,23,TRANSLATION,normal
MAT,23,26,TRANSLATION,normal
MAT,23,32,TRANSLATION,normal
MAT,23,35,TRANSLATION,normal
MAT,23,39,TRANSLATION,normal
MAT,24,7,TRANSLATION,normal
MAT,24,8,TRANSLATION,normal
MAT,24,15,TRANSLATION,normal
MAT,24,16,TRANSLATION,normal
MAT,24,17,TRANSLATION,normal
MAT,24,18,TRANSLATION,normal
MAT,24,23,TRANSLATION,normal
MAT,24,31,TRANSLATION,normal
MAT,24,38,TRANSLATION,normal
MAT,24,40,TRANSLATION,normal
MAT,24,41,TRANSLATION,normal
MAT,24,43,TRANSLATION,normal
MAT,24,45,TRANSLATION,normal
MAT,24,46,TRANSLATION,normal
MAT,24,47,TRANSLATION,normal
MAT,24,48,TRANSLATION,normal
MAT,24,49,TRANSLATION,normal
MAT,25,1,TRANSLATION,normal
MAT,25,9,TRANSLATION,normal
MAT,25,10,TRANSLATION,normal
MAT,25,16,TRANSLATION,normal
MAT,25,17,TRANSLATION,normal
MAT,25,29,TRANSLATION,normal
MAT,25,33,TRANSLATION,normal
MAT,25,37,TRANSLATION,normal
MAT,25,38,TRANSLATION,normal
MAT,25,39,TRANSLATION,normal
MAT,26,6,TRANSLATION,normal
MAT,26,7,TRANSLATION,normal
MAT,26,9,TRANSLATION,normal
MAT,26,11,TRANSLATION,normal
MAT,26,13,TRANSLATION,normal
MAT,26,15,TRANSLATION,normal
MAT,26,16,TRANSLATION,normal
MAT,26,17,TRANSLATION,normal
MAT,26,18,TRANSLATION,normal
MAT,26,20,TRANSLATION,normal
MAT,26,22,TRANSLATION,normal
MAT,26,27,TRANSLATION,normal
MAT,26,29,TRANSLATION,normal
MAT,26,36,TRANSLATION,normal
MAT,26,44,TRANSLATION,normal
MAT,26,45,TRANSLATION,normal
MAT,26,50,TRANSLATION,normal
MAT,26,51,TRANSLATION,normal
MAT,26,53,TRANSLATION,normal
MAT,26,55,TRANSLATION,normal
MAT,26,66,TRANSLATION,normal
MAT,26,67,TRANSLATION,normal
MAT,27,4,TRANSLATION,normal
MAT,27,6,TRANSLATION,normal
MAT,27,7,TRANSLATION,normal
MAT,27,11,TRANSLATION,normal
MAT,27,19,TRANSLATION,normal
MAT,27,20,TRANSLATION,normal
MAT,27,25,TRANSLATION,normal
MAT,27,26,TRANSLATION,normal
MAT,27,29,TRANSLATION,normal
MAT,27,30,TRANSLATION,normal
MAT,27,41,TRANSLATION,normal
MAT,27,43,TRANSLATION,normal
MAT,27,47,TRANSLATION,normal
MAT,27,48,TRANSLATION,normal
MAT,27,50,TRANSLATION,normal
MAT,27,59,TRANSLATION,normal
MAT,27,63,TRANSLATION,normal
MAT,28,3,TRANSLATION,normal
MAT,28,12,TRANSLATION,normal
MAT,28,13,TRANSLATION,normal
MAT,28,15,TRANSLATION,normal
MAT,28,16,TRANSLATION,normal
MAT,28,19,TRANSLATION,normal
MAT,28,20,TRANSLATION,normal
MRK,1,3,TRANSLATION,normal
MRK,1,5,TRANSLATION,normal
MRK,1,9,TRANSLATION,normal
MRK,1,11,TRANSLATION,normal
MRK,1,13,TRANSLATION,normal
MRK,1,23,TRANSLATION,normal
MRK,1,25,TRANSLATION,normal
MRK,1,26,TRANSLATION,normal
MRK,1,35,TRANSLATION,normal
MRK,1,38,TRANSLATION,normal
MRK,1,42,TRANSLATION,normal
MRK,1,43,TRANSLATION,normal
MRK,2,12,TRANSLATION,normal
MRK,2,19,TRANSLATION,normal
MRK,2,21,TRANSLATION,normal
MRK,2,25,TRANSLATION,normal
MRK,2,28,TRANSLATION,normal
MRK,3,3,TRANSLATION,normal
MRK,3,10,TRANSLATION,normal
MRK,3,11,TRANSLATION,normal
MRK,3,12,TRANSLATION,normal
MRK,3,22,TRANSLATION,normal
MRK,3,23,TRANSLATION,normal
MRK,3,27,TRANSLATION,normal
MRK,3,30,TRANSLATION,normal
MRK,3,33,TRANSLATION,normal
MRK,4,5,TRANSLATION,normal
MRK,4,6,TRANSLATION,normal
MRK,4,7,TRANSLATION,normal
MRK,4,8,TRANSLATION,normal
MRK,4,12,TRANSLATION,normal
MRK,4,14,TRANSLATION,normal
MRK,4,15,TRANSLATION,normal
MRK,4,18,TRANSLATION,normal
MRK,4,20,TRANSLATION,normal
MRK,4,21,TRANSLATION,normal
MRK,4,24,TRANSLATION,normal
MRK,4,25,TRANSLATION,normal
MRK,4,26,TRANSLATION,normal
MRK,4,34,TRANSLATION,normal
MRK,5,1,TRANSLATION,normal
MRK,5,4,TRANSLATION,normal
MRK,5,6,TRANSLATION,normal
MRK,5,7,TRANSLATION,normal
MRK,5,9,TRANSLATION,normal
MRK,5,15,TRANSLATION,normal
MRK,5,18,TRANSLATION,normal
MRK,5,21,TRANSLATION,normal
MRK,5,24,TRANSLATION,normal
MRK,5,28,TRANSLATION,normal
MRK,5,34,TRANSLATION,normal
MRK,5,35,TRANSLATION,normal
MRK,5,40,TRANSLATION,normal
MRK,5,43,TRANSLATION,normal
MRK,6,4,TRANSLATION,normal
MRK,6,8,TRANSLATION,normal
MRK,6,19,TRANSLATION,normal
MRK,6,23,TRANSLATION,normal
MRK,6,24,TRANSLATION,normal
MRK,6,29,TRANSLATION,normal
MRK,6,33,TRANSLATION,normal
MRK,6,36,TRANSLATION,normal
MRK,6,37,TRANSLATION,normal
MRK,6,38,TRANSLATION,normal
MRK,6,39,TRANSLATION,normal
MRK,6,44,TRANSLATION,normal
MRK,6,45,TRANSLATION,normal
MRK,6,48,TRANSLATION,normal
MRK,6,49,TRANSLATION,normal
MRK,6,52,TRANSLATION,normal
MRK,6,55,TRANSLATION,normal
MRK,7,3,TRANSLATION,normal
MRK,7,4,TRANSLATION,normal
MRK,7,7,TRANSLATION,normal
MRK,7,8,TRANSLATION,normal
MRK,7,10,TRANSLATION,normal
MRK,7,11,TRANSLATION,normal
MRK,7,15,TRANSLATION,normal
MRK,7,18,TRANSLATION,normal
MRK,7,19,TRANSLATION,normal
MRK,7,23,TRANSLATION,normal
MRK,7,36,TRANSLATION,normal
MRK,8,1,TRANSLATION,normal
MRK,8,2,TRANSLATION,normal
MRK,8,9,TRANSLATION,normal
MRK,8,12,TRANSLATION,normal
MRK,8,15,TRANSLATION,normal
MRK,8,17,TRANSLATION,normal
MRK,8,18,TRANSLATION,normal
MRK,8,20,TRANSLATION,normal
MRK,8,21,TRANSLATION,normal
MRK,8,24,TRANSLATION,normal
MRK,8,28,TRANSLATION,normal
MRK,8,32,TRANSLATION,normal
MRK,8,35,TRANSLATION,normal
MRK,9,11,TRANSLATION,normal
MRK,9,15,TRANSLATION,normal
MRK,9,28,TRANSLATION,normal
MRK,9,31,TRANSLATION,normal
MRK,9,39,TRANSLATION,normal
MRK,9,40,TRANSLATION,normal
MRK,9,44,TRANSLATION,normal
MRK,9,46,TRANSLATION,normal
MRK,9,48,TRANSLATION,normal
MRK,9,49,TRANSLATION,normal
MRK,10,3,TRANSLATION,normal
MRK,10,4,TRANSLATION,normal
MRK,10,9,TRANSLATION,normal
MRK,10,10,TRANSLATION,normal
MRK,10,23,TRANSLATION,normal
MRK,10,24,TRANSLATION,normal
MRK,10,25,TRANSLATION,normal
MRK,10,32,TRANSLATION,normal
MRK,10,34,TRANSLATION,normal
MRK,10,35,TRANSLATION,normal
MRK,10,37,TRANSLATION,normal
MRK,10,38,TRANSLATION,normal
MRK,10,39,TRANSLATION,normal
MRK,10,49,TRANSLATION,normal
MRK,10,52,TRANSLATION,normal
MRK,11,2,TRANSLATION,normal
MRK,11,3,TRANSLATION,normal
MRK,11,6,TRANSLATION,normal
MRK,11,10,TRANSLATION,normal
MRK,11,15,TRANSLATION,normal
MRK,11,16,TRANSLATION,normal
MRK,11,21,TRANSLATION,normal
MRK,11,23,TRANSLATION,normal
MRK,11,25,TRANSLATION,normal
MRK,11,29,TRANSLATION,normal
MRK,11,32,TRANSLATION,normal
MRK,12,5,TRANSLATION,normal
MRK,12,6,TRANSLATION,normal
MRK,12,9,TRANSLATION,normal
MRK,12,15,TRANSLATION,normal
MRK,12,19,TRANSLATION,normal
MRK,12,22,TRANSLATION,normal
MRK,12,23,TRANSLATION,normal
MRK,12,24,TRANSLATION,normal
MRK,12,29,TRANSLATION,normal
MRK,12,33,TRANSLATION,normal
MRK,12,35,TRANSLATION,normal
MRK,12,37,TRANSLATION,normal
MRK,12,42,TRANSLATION,normal
MRK,13,1,TRANSLATION,normal
MRK,13,2,TRANSLATION,normal
MRK,13,9,TRANSLATION,normal
MRK,13,12,TRANSLATION,normal
MRK,13,14,TRANSLATION,normal
MRK,13,16,TRANSLATION,normal
MRK,13,30,TRANSLATION,normal
MRK,13,34,TRANSLATION,normal
MRK,13,35,TRANSLATION,normal
MRK,13,36,TRANSLATION,normal
MRK,14,1,TRANSLATION,normal
MRK,14,2,TRANSLATION,normal
MRK,14,3,TRANSLATION,normal
MRK,14,4,TRANSLATION,normal
MRK,14,5,TRANSLATION,normal
MRK,14,7,TRANSLATION,normal
MRK,14,8,TRANSLATION,normal
MRK,14,10,TRANSLATION,normal
MRK,14,11,TRANSLATION,normal
MRK,14,12,TRANSLATION,normal
MRK,14,15,TRANSLATION,normal
MRK,14,20,TRANSLATION,normal
MRK,14,25,TRANSLATION,normal
MRK,14,30,TRANSLATION,normal
MRK,14,35,TRANSLATION,normal
MRK,14,36,TRANSLATION,normal
MRK,14,47,TRANSLATION,normal
MRK,14,48,TRANSLATION,normal
MRK,14,53,TRANSLATION,normal
MRK,14,63,TRANSLATION,normal
MRK,14,64,TRANSLATION,normal
MRK,14,66,TRANSLATION,normal
MRK,14,69,TRANSLATION,normal
MRK,14,72,TRANSLATION,normal
MRK,15,2,TRANSLATION,normal
MRK,15,3,TRANSLATION,normal
MRK,15,6,TRANSLATION,normal
MRK,15,8,TRANSLATION,normal
MRK,15,9,TRANSLATION,normal
MRK,15,11,TRANSLATION,normal
MRK,15,18,TRANSLATION,normal
MRK,15,19,TRANSLATION,normal
MRK,15,20,TRANSLATION,normal
MRK,15,21,TRANSLATION,normal
MRK,15,26,TRANSLATION,normal
MRK,15,31,TRANSLATION,normal
MRK,15,32,TRANSLATION,normal
MRK,15,35,TRANSLATION,normal
MRK,15,36,TRANSLATION,normal
MRK,15,37,TRANSLATION,normal
MRK,15,41,TRANSLATION,normal
MRK,15,42,TRANSLATION,normal
MRK,15,45,TRANSLATION,normal
MRK,15,47,TRANSLATION,normal
MRK,16,2,TRANSLATION,normal
MRK,16,3,TRANSLATION,normal
MRK,16,5,TRANSLATION,normal
MRK,16,6,TRANSLATION,normal
MRK,16,11,TRANSLATION,normal
MRK,16,12,TRANSLATION,normal
MRK,16,13,TRANSLATION,normal
MRK,16,14,TRANSLATION,normal
MRK,16,17,TRANSLATION,normal
MRK,16,18,TRANSLATION,normal
MRK,16,20,TRANSLATION,normal
LUK,1,1,TRANSLATION,normal
LUK,1,2,TRANSLATION,normal
LUK,1,3,TRANSLATION,normal
LUK,1,9,TRANSLATION,normal
LUK,1,17,TRANSLATION,normal
LUK,1,20,TRANSLATION,normal
LUK,1,24,TRANSLATION,normal
LUK,1,29,TRANSLATION,normal
LUK,1,34,TRANSLATION,normal
LUK,1,44,TRANSLATION,normal
LUK,1,47,TRANSLATION,normal
LUK,1,48,TRANSLATION,normal
LUK,1,54,TRANSLATION,normal
LUK,1,61,TRANSLATION,normal
LUK,1,62,TRANSLATION,normal
LUK,1,63,TRANSLATION,normal
LUK,1,64,TRANSLATION,normal
LUK,1,66,TRANSLATION,normal
LUK,1,69,TRANSLATION,normal
LUK,1,72,TRANSLATION,normal
LUK,1,77,TRANSLATION,normal
LUK,1,78,TRANSLATION,normal
LUK,2,5,TRANSLATION,normal
LUK,2,10,TRANSLATION,normal
LUK,2,21,TRANSLATION,normal
LUK,2,22,TRANSLATION,normal
LUK,2,23,TRANSLATION,normal
LUK,2,24,TRANSLATION,normal
LUK,2,26,TRANSLATION,normal
LUK,2,27,TRANSLATION,normal
LUK,2,32,TRANSLATION,normal
LUK,2,35,TRANSLATION,normal
LUK,2,36,TRANSLATION,normal
LUK,2,38,TRANSLATION,normal
LUK,2,40,TRANSLATION,normal
LUK,2,47,TRANSLATION,normal
LUK,2,49,TRANSLATION,normal
LUK,3,2,TRANSLATION,normal
LUK,3,7,TRANSLATION,normal
LUK,3,10,TRANSLATION,normal
LUK,3,14,TRANSLATION,normal
LUK,3,17,TRANSLATION,normal
LUK,3,18,TRANSLATION,normal
LUK,3,22,TRANSLATION,normal
LUK,3,31,TRANSLATION,normal
LUK,3,33,TRANSLATION,normal
LUK,4,3,TRANSLATION,normal
LUK,4,6,TRANSLATION,normal
LUK,4,7,TRANSLATION,normal
LUK,4,13,TRANSLATION,normal
LUK,4,15,TRANSLATION,normal
LUK,4,19,TRANSLATION,normal
LUK,4,20,TRANSLATION,normal
LUK,4,21,TRANSLATION,normal
LUK,4,23,TRANSLATION,normal
LUK,4,25,TRANSLATION,normal
LUK,4,30,TRANSLATION,normal
LUK,4,32,TRANSLATION,normal
LUK,4,35,TRANSLATION,normal
LUK,4,36,TRANSLATION,normal
LUK,4,39,TRANSLATION,normal
LUK,4,40,TRANSLATION,normal
LUK,4,44,TRANSLATION,normal
LUK,5,1,TRANSLATION,normal
LUK,5,2,TRANSLATION,normal
LUK,5,3,TRANSLATION,normal
LUK,5,4,TRANSLATION,normal
LUK,5,5,TRANSLATION,normal
LUK,5,7,TRANSLATION,normal
LUK,5,10,TRANSLATION,normal
LUK,5,15,TRANSLATION,normal
LUK,5,17,TRANSLATION,normal
LUK,5,19,TRANSLATION,normal
LUK,5,29,TRANSLATION,normal
LUK,5,33,TRANSLATION,normal
LUK,5,34,TRANSLATION,normal
LUK,5,37,TRANSLATION,normal
LUK,5,38,TRANSLATION,normal
LUK,5,39,TRANSLATION,normal
LUK,6,1,TRANSLATION,normal
LUK,6,4,TRANSLATION,normal
LUK,6,5,TRANSLATION,normal
LUK,6,8,TRANSLATION,normal
LUK,6,11,TRANSLATION,normal
LUK,6,15,TRANSLATION,normal
LUK,6,20,TRANSLATION,normal
LUK,6,22,TRANSLATION,normal
LUK,6,23,TRANSLATION,normal
LUK,6,24,TRANSLATION,normal
LUK,6,29,TRANSLATION,normal
LUK,6,30,TRANSLATION,normal
LUK,6,36,TRANSLATION,normal
LUK,6,41,TRANSLATION,normal
LUK,6,48,TRANSLATION,normal
LUK,7,2,TRANSLATION,normal
LUK,7,4,TRANSLATION,normal
LUK,7,5,TRANSLATION,normal
LUK,7,7,TRANSLATION,normal
LUK,7,9,TRANSLATION,normal
LUK,7,10,TRANSLATION,normal
LUK,7,11,TRANSLATION,normal
LUK,7,15,TRANSLATION,normal
LUK,7,18,TRANSLATION,normal
LUK,7,19,TRANSLATION,normal
LUK,7,24,TRANSLATION,normal
LUK,7,28,TRANSLATION,normal
LUK,7,35,TRANSLATION,normal
LUK,7,36,TRANSLATION,normal
LUK,7,37,TRANSLATION,normal
LUK,7,41,TRANSLATION,normal
LUK,7,44,TRANSLATION,normal
LUK,7,45,TRANSLATION,normal
LUK,8,2,TRANSLATION,normal
LUK,8,3,TRANSLATION,normal
LUK,8,7,TRANSLATION,normal
LUK,8,9,TRANSLATION,normal
LUK,8,12,TRANSLATION,normal
LUK,8,18,TRANSLATION,normal
LUK,8,28,TRANSLATION,normal
LUK,8,29,TRANSLATION,normal
LUK,8,30,TRANSLATION,normal
LUK,8,32,TRANSLATION,normal
LUK,8,36,TRANSLATION,normal
LUK,8,38,TRANSLATION,normal
LUK,8,42,TRANSLATION,normal
LUK,8,45,TRANSLATION,normal
LUK,8,46,TRANSLATION,normal
LUK,8,47,TRANSLATION,normal
LUK,8,52,TRANSLATION,normal
LUK,8,53,TRANSLATION,normal
LUK,8,55,TRANSLATION,normal
LUK,9,1,TRANSLATION,normal
LUK,9,5,TRANSLATION,normal
LUK,9,7,TRANSLATION,normal
LUK,9,11,TRANSLATION,normal
LUK,9,15,TRANSLATION,normal
LUK,9,27,TRANSLATION,normal
LUK,9,31,TRANSLATION,normal
LUK,9,34,TRANSLATION,normal
LUK,9,36,TRANSLATION,normal
LUK,9,40,TRANSLATION,normal
LUK,9,41,TRANSLATION,normal
LUK,9,42,TRANSLATION,normal
LUK,9,50,TRANSLATION,normal
LUK,9,51,TRANSLATION,normal
LUK,9,56,TRANSLATION,normal
LUK,9,60,TRANSLATION,normal
LUK,10,1,TRANSLATION,normal
LUK,10,4,TRANSLATION,normal
LUK,10,6,TRANSLATION,normal
LUK,10,11,TRANSLATION,normal
LUK,10,12,TRANSLATION,normal
LUK,10,13,TRANSLATION,normal
LUK,10,14,TRANSLATION,normal
LUK,10,19,TRANSLATION,normal
LUK,10,20,TRANSLATION,normal
LUK,10,21,TRANSLATION,normal
LUK,10,22,TRANSLATION,normal
LUK,10,23,TRANSLATION,normal
LUK,10,25,TRANSLATION,normal
LUK,10,26,TRANSLATION,normal
LUK,10,29,TRANSLATION,normal
LUK,10,32,TRANSLATION,normal
LUK,10,34,TRANSLATION,normal
LUK,10,40,TRANSLATION,normal
LUK,11,1,TRANSLATION,normal
LUK,11,3,TRANSLATION,normal
LUK,11,4,TRANSLATION,normal
LUK,11,5,TRANSLATION,normal
LUK,11,6,TRANSLATION,normal
LUK,11,8,TRANSLATION,normal
LUK,11,11,TRANSLATION,normal
LUK,11,12,TRANSLATION,normal
LUK,11,17,TRANSLATION,normal
LUK,11,18,TRANSLATION,normal
LUK,11,19,TRANSLATION,normal
LUK,11,21,TRANSLATION,normal
LUK,11,22,TRANSLATION,normal
LUK,11,32,TRANSLATION,normal
LUK,11,35,TRANSLATION,normal
LUK,11,37,TRANSLATION,normal
LUK,11,38,TRANSLATION,normal
LUK,11,45,TRANSLATION,normal
LUK,11,48,TRANSLATION,normal
LUK,11,49,TRANSLATION,normal
LUK,12,8,TRANSLATION,normal
LUK,12,9,TRANSLATION,normal
LUK,12,14,TRANSLATION,normal
LUK,12,15,TRANSLATION,normal
LUK,12,21,TRANSLATION,normal
LUK,12,27,TRANSLATION,normal
LUK,12,28,TRANSLATION,normal
LUK,12,29,TRANSLATION,normal
LUK,12,33,TRANSLATION,normal
LUK,12,37,TRANSLATION,normal
LUK,12,42,TRANSLATION,normal
LUK,12,43,TRANSLATION,normal
LUK,12,44,TRANSLATION,normal
LUK,12,47,TRANSLATION,normal
LUK,12,49,TRANSLATION,normal
LUK,12,51,TRANSLATION,normal
LUK,12,52,TRANSLATION,normal
LUK,12,56,TRANSLATION,normal
LUK,13,1,TRANSLATION,normal
LUK,13,10,TRANSLATION,normal
LUK,13,11,TRANSLATION,normal
LUK,13,12,TRANSLATION,normal
LUK,13,15,TRANSLATION,normal
LUK,13,16,TRANSLATION,normal
LUK,13,20,TRANSLATION,normal
LUK,13,29,TRANSLATION,normal
LUK,13,32,TRANSLATION,normal
LUK,13,33,TRANSLATION,normal
LUK,13,35,TRANSLATION,normal
LUK,14,4,TRANSLATION,normal
LUK,14,7,TRANSLATION,normal
LUK,14,8,TRANSLATION,normal
LUK,14,9,TRANSLATION,normal
LUK,14,15,TRANSLATION,normal
LUK,14,20,TRANSLATION,normal
LUK,14,25,TRANSLATION,normal
LUK,14,29,TRANSLATION,normal
LUK,15,4,TRANSLATION,normal
LUK,15,10,TRANSLATION,normal
LUK,15,12,TRANSLATION,normal
LUK,15,15,TRANSLATION,normal
LUK,15,16,TRANSLATION,normal
LUK,15,17,TRANSLATION,normal
LUK,15,22,TRANSLATION,normal
LUK,15,23,TRANSLATION,normal
LUK,15,27,TRANSLATION,normal
LUK,15,30,TRANSLATION,normal
LUK,15,31,TRANSLATION,normal
LUK,16,1,TRANSLATION,normal
LUK,16,2,TRANSLATION,normal
LUK,16,6,TRANSLATION,normal
LUK,16,9,TRANSLATION,normal
LUK,16,11,TRANSLATION,normal
LUK,16,16,TRANSLATION,normal
LUK,16,17,TRANSLATION,normal
LUK,16,19,TRANSLATION,normal
LUK,16,21,TRANSLATION,normal
LUK,16,25,TRANSLATION,normal
LUK,16,27,TRANSLATION,normal
LUK,16,28,TRANSLATION,normal
LUK,16,30,TRANSLATION,normal
LUK,17,4,TRANSLATION,normal
LUK,17,7,TRANSLATION,normal
LUK,17,13,TRANSLATION,normal
LUK,17,15,TRANSLATION,normal
LUK,17,22,TRANSLATION,normal
LUK,17,25,TRANSLATION,normal
LUK,17,31,TRANSLATION,normal
LUK,17,35,TRANSLATION,normal
LUK,17,37,TRANSLATION,normal
LUK,18,2,TRANSLATION,normal
LUK,18,4,TRANSLATION,normal
LUK,18,5,TRANSLATION,normal
LUK,18,6,TRANSLATION,normal
LUK,18,7,TRANSLATION,normal
LUK,18,8,TRANSLATION,normal
LUK,18,12,TRANSLATION,normal
LUK,18,14,TRANSLATION,normal
LUK,18,25,TRANSLATION,normal
LUK,18,30,TRANSLATION,normal
LUK,18,31,TRANSLATION,normal
LUK,18,36,TRANSLATION,normal
LUK,18,41,TRANSLATION,normal
LUK,18,43,TRANSLATION,normal
LUK,19,8,TRANSLATION,normal
LUK,19,12,TRANSLATION,normal
LUK,19,15,TRANSLATION,normal
LUK,19,16,TRANSLATION,normal
LUK,19,19,TRANSLATION,normal
LUK,19,22,TRANSLATION,normal
LUK,19,23,TRANSLATION,normal
LUK,19,24,TRANSLATION,normal
LUK,19,25,TRANSLATION,normal
LUK,19,26,TRANSLATION,normal
LUK,19,27,TRANSLATION,normal
LUK,19,29,TRANSLATION,normal
LUK,19,34,TRANSLATION,normal
LUK,19,42,TRANSLATION,normal
LUK,19,44,TRANSLATION,normal
LUK,19,47,TRANSLATION,normal
LUK,19,48,TRANSLATION,normal
LUK,20,2,TRANSLATION,normal
LUK,20,3,TRANSLATION,normal
LUK,20,12,TRANSLATION,normal
LUK,20,14,TRANSLATION,normal
LUK,20,20,TRANSLATION,normal
LUK,20,24,TRANSLATION,normal
LUK,20,30,TRANSLATION,normal
LUK,20,33,TRANSLATION,normal
LUK,20,35,TRANSLATION,normal
LUK,20,37,TRANSLATION,normal
LUK,20,41,TRANSLATION,normal
LUK,20,42,TRANSLATION,normal
LUK,20,44,TRANSLATION,normal
LUK,21,2,TRANSLATION,normal
LUK,21,6,TRANSLATION,normal
LUK,21,10,TRANSLATION,normal
LUK,21,11,TRANSLATION,normal
LUK,21,14,TRANSLATION,normal
LUK,21,16,TRANSLATION,normal
LUK,21,21,TRANSLATION,normal
LUK,21,26,TRANSLATION,normal
LUK,21,34,TRANSLATION,normal
LUK,21,35,TRANSLATION,normal
LUK,21,36,TRANSLATION,normal
LUK,22,1,TRANSLATION,normal
LUK,22,4,TRANSLATION,normal
LUK,22,5,TRANSLATION,normal
LUK,22,6,TRANSLATION,normal
LUK,22,7,TRANSLATION,normal
LUK,22,9,TRANSLATION,normal
LUK,22,10,TRANSLATION,normal
LUK,22,11,TRANSLATION,normal
LUK,22,12,TRANSLATION,normal
LUK,22,16,TRANSLATION,normal
LUK,22,17,TRANSLATION,normal
LUK,22,18,TRANSLATION,normal
LUK,22,21,TRANSLATION,normal
LUK,22,22,TRANSLATION,normal
LUK,22,27,TRANSLATION,normal
LUK,22,28,TRANSLATION,normal
LUK,22,34,TRANSLATION,normal
LUK,22,35,TRANSLATION,normal
LUK,22,36,TRANSLATION,normal
LUK,22,37,TRANSLATION,normal
LUK,22,47,TRANSLATION,normal
LUK,22,48,TRANSLATION,normal
LUK,22,50,TRANSLATION,normal
LUK,22,52,TRANSLATION,normal
LUK,22,56,TRANSLATION,normal
LUK,22,59,TRANSLATION,normal
LUK,22,64,TRANSLATION,normal
LUK,22,67,TRANSLATION,normal
LUK,22,68,TRANSLATION,normal
LUK,22,69,TRANSLATION,normal
LUK,22,70,TRANSLATION,normal
LUK,23,7,TRANSLATION,normal
LUK,23,11,TRANSLATION,normal
LUK,23,17,TRANSLATION,normal
LUK,23,24,TRANSLATION,normal
LUK,23,25,TRANSLATION,normal
LUK,23,27,TRANSLATION,normal
LUK,23,29,TRANSLATION,normal
LUK,23,30,TRANSLATION,normal
LUK,23,32,TRANSLATION,normal
LUK,23,38,TRANSLATION,normal
LUK,23,41,TRANSLATION,normal
LUK,23,43,TRANSLATION,normal
LUK,23,53,TRANSLATION,normal
LUK,24,2,TRANSLATION,normal
LUK,24,3,TRANSLATION,normal
LUK,24,6,TRANSLATION,normal
LUK,24,7,TRANSLATION,normal
LUK,24,11,TRANSLATION,normal
LUK,24,12,TRANSLATION,normal
LUK,24,17,TRANSLATION,normal
LUK,24,19,TRANSLATION,normal
LUK,24,23,TRANSLATION,normal
LUK,24,24,TRANSLATION,normal
LUK,24,28,TRANSLATION,normal
LUK,24,32,TRANSLATION,normal
LUK,24,33,TRANSLATION,normal
LUK,24,35,TRANSLATION,normal
LUK,24,39,TRANSLATION,normal
LUK,24,41,TRANSLATION,normal
LUK,24,42,TRANSLATION,normal
LUK,24,46,TRANSLATION,normal
LUK,24,49,TRANSLATION,normal
LUK,24,51,TRANSLATION,normal
JHN,1,2,TRANSLATION,normal
JHN,1,9,TRANSLATION,normal
JHN,1,14,TRANSLATION,normal
JHN,1,15,TRANSLATION,normal
JHN,1,16,TRANSLATION,normal
JHN,1,18,TRANSLATION,normal
JHN,1,27,TRANSLATION,normal
JHN,1,31,TRANSLATION,normal
JHN,1,34,TRANSLATION,normal
JHN,1,38,TRANSLATION,normal
JHN,1,39,TRANSLATION,normal
JHN,1,41,TRANSLATION,normal
JHN,1,45,TRANSLATION,normal
JHN,1,46,TRANSLATION,normal
JHN,1,48,TRANSLATION,normal
JHN,1,49,TRANSLATION,normal
JHN,1,50,TRANSLATION,normal
JHN,1,51,TRANSLATION,normal
JHN,2,6,TRANSLATION,normal
JHN,2,8,TRANSLATION,normal
JHN,2,9,TRANSLATION,normal
JHN,2,15,TRANSLATION,normal
JHN,2,19,TRANSLATION,normal
JHN,2,20,TRANSLATION,normal
JHN,2,21,TRANSLATION,normal
JHN,2,23,TRANSLATION,normal
JHN,2,24,TRANSLATION,normal
JHN,3,3,TRANSLATION,normal
JHN,3,5,TRANSLATION,normal
JHN,3,17,TRANSLATION,normal
JHN,3,21,TRANSLATION,normal
JHN,3,22,TRANSLATION,normal
JHN,3,26,TRANSLATION,normal
JHN,3,35,TRANSLATION,normal
JHN,3,36,TRANSLATION,normal
JHN,4,1,TRANSLATION,normal
JHN,4,4,TRANSLATION,normal
JHN,4,7,TRANSLATION,normal
JHN,4,10,TRANSLATION,normal
JHN,4,12,TRANSLATION,normal
JHN,4,13,TRANSLATION,normal
JHN,4,14,TRANSLATION,normal
JHN,4,18,TRANSLATION,normal
JHN,4,24,TRANSLATION,normal
JHN,4,25,TRANSLATION,normal
JHN,4,26,TRANSLATION,normal
JHN,4,33,TRANSLATION,normal
JHN,4,39,TRANSLATION,normal
JHN,4,46,TRANSLATION,normal
JHN,4,48,TRANSLATION,normal
JHN,4,49,TRANSLATION,normal
JHN,5,1,TRANSLATION,normal
JHN,5,7,TRANSLATION,normal
JHN,5,10,TRANSLATION,normal
JHN,5,11,TRANSLATION,normal
JHN,5,15,TRANSLATION,normal
JHN,5,21,TRANSLATION,normal
JHN,5,26,TRANSLATION,normal
JHN,5,27,TRANSLATION,normal
JHN,5,29,TRANSLATION,normal
JHN,5,35,TRANSLATION,normal
JHN,6,7,TRANSLATION,normal
JHN,6,8,TRANSLATION,normal
JHN,6,9,TRANSLATION,normal
JHN,6,10,TRANSLATION,normal
JHN,6,21,TRANSLATION,normal
JHN,6,25,TRANSLATION,normal
JHN,6,27,TRANSLATION,normal
JHN,6,44,TRANSLATION,normal
JHN,6,45,TRANSLATION,normal
JHN,6,50,TRANSLATION,normal
JHN,6,52,TRANSLATION,normal
JHN,6,60,TRANSLATION,normal
JHN,6,61,TRANSLATION,normal
JHN,6,62,TRANSLATION,normal
JHN,6,63,TRANSLATION,normal
JHN,6,68,TRANSLATION,normal
JHN,6,71,TRANSLATION,normal
JHN,7,3,TRANSLATION,normal
JHN,7,11,TRANSLATION,normal
JHN,7,20,TRANSLATION,normal
JHN,7,21,TRANSLATION,normal
JHN,7,22,TRANSLATION,normal
JHN,7,24,TRANSLATION,normal
JHN,7,25,TRANSLATION,normal
JHN,7,26,TRANSLATION,normal
JHN,7,30,TRANSLATION,normal
JHN,7,31,TRANSLATION,normal
JHN,7,32,TRANSLATION,normal
JHN,7,35,TRANSLATION,normal
JHN,7,41,TRANSLATION,normal
JHN,7,46,TRANSLATION,normal
JHN,7,47,TRANSLATION,normal
JHN,7,49,TRANSLATION,normal
JHN,8,10,TRANSLATION,normal
JHN,8,11,TRANSLATION,normal
JHN,8,12,TRANSLATION,normal
JHN,8,18,TRANSLATION,normal
JHN,8,20,TRANSLATION,normal
JHN,8,24,TRANSLATION,normal
JHN,8,25,TRANSLATION,normal
JHN,8,27,TRANSLATION,normal
JHN,8,33,TRANSLATION,normal
JHN,8,35,TRANSLATION,normal
JHN,8,39,TRANSLATION,normal
JHN,8,41,TRANSLATION,normal
JHN,8,42,TRANSLATION,normal
JHN,8,44,TRANSLATION,normal
JHN,8,46,TRANSLATION,normal
JHN,8,48,TRANSLATION,normal
JHN,8,52,TRANSLATION,normal
JHN,8,58,TRANSLATION,normal
JHN,9,5,TRANSLATION,normal
JHN,9,10,TRANSLATION,normal
JHN,9,12,TRANSLATION,normal
JHN,9,13,TRANSLATION,normal
JHN,9,15,TRANSLATION,normal
JHN,9,22,TRANSLATION,normal
JHN,9,23,TRANSLATION,normal
JHN,9,24,TRANSLATION,normal
JHN,9,26,TRANSLATION,normal
JHN,9,30,TRANSLATION,normal
JHN,9,35,TRANSLATION,normal
JHN,9,36,TRANSLATION,normal
JHN,9,37,TRANSLATION,normal
JHN,10,3,TRANSLATION,normal
JHN,10,5,TRANSLATION,normal
JHN,10,6,TRANSLATION,normal
JHN,10,16,TRANSLATION,normal
JHN,10,30,TRANSLATION,normal
JHN,10,33,TRANSLATION,normal
JHN,10,35,TRANSLATION,normal
JHN,10,36,TRANSLATION,normal
JHN,10,38,TRANSLATION,normal
JHN,10,41,TRANSLATION,normal
JHN,11,1,TRANSLATION,normal
JHN,11,2,TRANSLATION,normal
JHN,11,3,TRANSLATION,normal
JHN,11,6,TRANSLATION,normal
JHN,11,8,TRANSLATION,normal
JHN,11,9,TRANSLATION,normal
JHN,11,13,TRANSLATION,normal
JHN,11,15,TRANSLATION,normal
JHN,11,19,TRANSLATION,normal
JHN,11,21,TRANSLATION,normal
JHN,11,28,TRANSLATION,normal
JHN,11,30,TRANSLATION,normal
JHN,11,34,TRANSLATION,normal
JHN,11,36,TRANSLATION,normal
JHN,11,39,TRANSLATION,normal
JHN,11,41,TRANSLATION,normal
JHN,11,50,TRANSLATION,normal
JHN,11,51,TRANSLATION,normal
JHN,12,4,TRANSLATION,normal
JHN,12,5,TRANSLATION,normal
JHN,12,8,TRANSLATION,normal
JHN,12,16,TRANSLATION,normal
JHN,12,18,TRANSLATION,normal
JHN,12,19,TRANSLATION,normal
JHN,12,21,TRANSLATION,normal
JHN,12,23,TRANSLATION,normal
JHN,12,33,TRANSLATION,normal
JHN,12,39,TRANSLATION,normal
JHN,12,43,TRANSLATION,normal
JHN,13,2,TRANSLATION,normal
JHN,13,3,TRANSLATION,normal
JHN,13,4,TRANSLATION,normal
JHN,13,6,TRANSLATION,normal
JHN,13,7,TRANSLATION,normal
JHN,13,8,TRANSLATION,normal
JHN,13,10,TRANSLATION,normal
JHN,13,15,TRANSLATION,normal
JHN,13,17,TRANSLATION,normal
JHN,13,18,TRANSLATION,normal
JHN,13,19,TRANSLATION,normal
JHN,13,22,TRANSLATION,normal
JHN,13,24,TRANSLATION,normal
JHN,13,26,TRANSLATION,normal
JHN,13,28,TRANSLATION,normal
JHN,13,29,TRANSLATION,normal
JHN,13,30,TRANSLATION,normal
JHN,13,32,TRANSLATION,normal
JHN,13,33,TRANSLATION,normal
JHN,14,2,TRANSLATION,normal
JHN,14,8,TRANSLATION,normal
JHN,14,11,TRANSLATION,normal
JHN,14,18,TRANSLATION,normal
JHN,14,22,TRANSLATION,normal
JHN,14,23,TRANSLATION,normal
JHN,15,13,TRANSLATION,normal
JHN,15,16,TRANSLATION,normal
JHN,15,18,TRANSLATION,normal
JHN,16,8,TRANSLATION,normal
JHN,16,14,TRANSLATION,normal
JHN,16,15,TRANSLATION,normal
JHN,16,16,TRANSLATION,normal
JHN,16,17,TRANSLATION,normal
JHN,16,18,TRANSLATION,normal
JHN,16,19,TRANSLATION,normal
JHN,16,31,TRANSLATION,normal
JHN,16,33,TRANSLATION,normal
JHN,17,3,TRANSLATION,normal
JHN,17,5,TRANSLATION,normal
JHN,17,7,TRANSLATION,normal
JHN,17,9,TRANSLATION,normal
JHN,17,11,TRANSLATION,normal
JHN,17,13,TRANSLATION,normal
JHN,17,26,TRANSLATION,normal
JHN,18,3,TRANSLATION,normal
JHN,18,4,TRANSLATION,normal
JHN,18,5,TRANSLATION,normal
JHN,18,6,TRANSLATION,normal
JHN,18,8,TRANSLATION,normal
JHN,18,9,TRANSLATION,normal
JHN,18,13,TRANSLATION,normal
JHN,18,17,TRANSLATION,normal
JHN,18,20,TRANSLATION,normal
JHN,18,22,TRANSLATION,normal
JHN,18,25,TRANSLATION,normal
JHN,18,30,TRANSLATION,normal
JHN,18,35,TRANSLATION,normal
JHN,19,5,TRANSLATION,normal
JHN,19,6,TRANSLATION,normal
JHN,19,8,TRANSLATION,normal
JHN,19,13,TRANSLATION,normal
JHN,19,15,TRANSLATION,normal
JHN,19,20,TRANSLATION,normal
JHN,19,24,TRANSLATION,normal
JHN,19,25,TRANSLATION,normal
JHN,19,29,TRANSLATION,normal
JHN,19,30,TRANSLATION,normal
JHN,19,42,TRANSLATION,normal
JHN,20,1,TRANSLATION,normal
JHN,20,3,TRANSLATION,normal
JHN,20,5,TRANSLATION,normal
JHN,20,16,TRANSLATION,normal
JHN,20,18,TRANSLATION,normal
JHN,20,19,TRANSLATION,normal
JHN,20,28,TRANSLATION,normal
JHN,20,29,TRANSLATION,normal
JHN,21,2,TRANSLATION,normal
JHN,21,3,TRANSLATION,normal
JHN,21,5,TRANSLATION,normal
JHN,21,6,TRANSLATION,normal
JHN,21,23,TRANSLATION,normal
ACT,1,1,TRANSLATION,normal
ACT,1,2,TRANSLATION,normal
ACT,1,3,TRANSLATION,normal
ACT,1,7,TRANSLATION,normal
ACT,1,13,TRANSLATION,normal
ACT,1,16,TRANSLATION,normal
ACT,1,18,TRANSLATION,normal
ACT,1,21,TRANSLATION,normal
ACT,1,23,TRANSLATION,normal
ACT,1,24,TRANSLATION,normal
ACT,1,25,TRANSLATION,normal
ACT,2,7,TRANSLATION,normal
ACT,2,10,TRANSLATION,normal
ACT,2,12,TRANSLATION,normal
ACT,2,13,TRANSLATION,normal
ACT,2,17,TRANSLATION,normal
ACT,2,19,TRANSLATION,normal
ACT,2,27,TRANSLATION,normal
ACT,2,28,TRANSLATION,normal
ACT,2,29,TRANSLATION,normal
ACT,2,32,TRANSLATION,normal
ACT,2,36,TRANSLATION,normal
ACT,2,38,TRANSLATION,normal
ACT,2,43,TRANSLATION,normal
ACT,3,4,TRANSLATION,normal
ACT,3,7,TRANSLATION,normal
ACT,3,9,TRANSLATION,normal
ACT,3,15,TRANSLATION,normal
ACT,3,16,TRANSLATION,normal
ACT,3,24,TRANSLATION,normal
ACT,3,26,TRANSLATION,normal
ACT,4,2,TRANSLATION,normal
ACT,4,4,TRANSLATION,normal
ACT,4,9,TRANSLATION,normal
ACT,4,19,TRANSLATION,normal
ACT,4,20,TRANSLATION,normal
ACT,4,22,TRANSLATION,normal
ACT,4,23,TRANSLATION,normal
ACT,4,30,TRANSLATION,normal
ACT,5,1,TRANSLATION,normal
ACT,5,2,TRANSLATION,normal
ACT,5,3,TRANSLATION,normal
ACT,5,4,TRANSLATION,normal
ACT,5,8,TRANSLATION,normal
ACT,5,9,TRANSLATION,normal
ACT,5,15,TRANSLATION,normal
ACT,5,17,TRANSLATION,normal
ACT,5,20,TRANSLATION,normal
ACT,5,21,TRANSLATION,normal
ACT,5,22,TRANSLATION,normal
ACT,5,27,TRANSLATION,normal
ACT,5,28,TRANSLATION,normal
ACT,5,32,TRANSLATION,normal
ACT,5,33,TRANSLATION,normal
ACT,5,36,TRANSLATION,normal
ACT,5,37,TRANSLATION,normal
ACT,5,39,TRANSLATION,normal
ACT,5,40,TRANSLATION,normal
ACT,6,2,TRANSLATION,normal
ACT,6,5,TRANSLATION,normal
ACT,6,7,TRANSLATION,normal
ACT,6,8,TRANSLATION,normal
ACT,6,9,TRANSLATION,normal
ACT,6,10,TRANSLATION,normal
ACT,6,12,TRANSLATION,normal
ACT,6,14,TRANSLATION,normal
ACT,7,1,TRANSLATION,normal
ACT,7,4,TRANSLATION,normal
ACT,7,7,TRANSLATION,normal
ACT,7,14,TRANSLATION,normal
ACT,7,22,TRANSLATION,normal
ACT,7,24,TRANSLATION,normal
ACT,7,25,TRANSLATION,normal
ACT,7,30,TRANSLATION,normal
ACT,7,32,TRANSLATION,normal
ACT,7,36,TRANSLATION,normal
ACT,7,41,TRANSLATION,normal
ACT,7,42,TRANSLATION,normal
ACT,7,43,TRANSLATION,normal
ACT,7,44,TRANSLATION,normal
ACT,7,45,TRANSLATION,normal
ACT,7,46,TRANSLATION,normal
ACT,7,51,TRANSLATION,normal
ACT,7,52,TRANSLATION,normal
ACT,7,58,TRANSLATION,normal
ACT,7,59,TRANSLATION,normal
ACT,8,1,TRANSLATION,normal
ACT,8,2,TRANSLATION,normal
ACT,8,3,TRANSLATION,normal
ACT,8,4,TRANSLATION,normal
ACT,8,6,TRANSLATION,normal
ACT,8,9,TRANSLATION,normal
ACT,8,10,TRANSLATION,normal
ACT,8,11,TRANSLATION,normal
ACT,8,15,TRANSLATION,normal
ACT,8,17,TRANSLATION,normal
ACT,8,19,TRANSLATION,normal
ACT,8,25,TRANSLATION,normal
ACT,8,27,TRANSLATION,normal
ACT,8,29,TRANSLATION,normal
ACT,8,31,TRANSLATION,normal
ACT,8,32,TRANSLATION,normal
ACT,8,33,TRANSLATION,normal
ACT,8,37,TRANSLATION,normal
ACT,8,38,TRANSLATION,normal
ACT,9,1,TRANSLATION,normal
ACT,9,2,TRANSLATION,normal
ACT,9,3,TRANSLATION,normal
ACT,9,7,TRANSLATION,normal
ACT,9,8,TRANSLATION,normal
ACT,9,9,TRANSLATION,normal
ACT,9,14,TRANSLATION,normal
ACT,9,16,TRANSLATION,normal
ACT,9,17,TRANSLATION,normal
ACT,9,19,TRANSLATION,normal
ACT,9,20,TRANSLATION,normal
ACT,9,21,TRANSLATION,normal
ACT,9,22,TRANSLATION,normal
ACT,9,25,TRANSLATION,normal
ACT,9,27,TRANSLATION,normal
ACT,9,28,TRANSLATION,normal
ACT,9,29,TRANSLATION,normal
ACT,9,30,TRANSLATION,normal
ACT,9,32,TRANSLATION,normal
ACT,9,33,TRANSLATION,normal
ACT,9,39,TRANSLATION,normal
ACT,9,43,TRANSLATION,normal
ACT,10,1,TRANSLATION,normal
ACT,10,5,TRANSLATION,normal
ACT,10,7,TRANSLATION,normal
ACT,10,11,TRANSLATION,normal
ACT,10,16,TRANSLATION,normal
ACT,10,18,TRANSLATION,normal
ACT,10,22,TRANSLATION,normal
ACT,10,23,TRANSLATION,normal
ACT,10,30,TRANSLATION,normal
ACT,10,33,TRANSLATION,normal
ACT,10,37,TRANSLATION,normal
ACT,10,39,TRANSLATION,normal
ACT,10,42,TRANSLATION,normal
ACT,10,48,TRANSLATION,normal
ACT,11,3,TRANSLATION,normal
ACT,11,7,TRANSLATION,normal
ACT,11,9,TRANSLATION,normal
ACT,11,10,TRANSLATION,normal
ACT,11,12,TRANSLATION,normal
ACT,11,19,TRANSLATION,normal
ACT,11,21,TRANSLATION,normal
ACT,11,23,TRANSLATION,normal
ACT,11,24,TRANSLATION,normal
ACT,11,26,TRANSLATION,normal
ACT,11,29,TRANSLATION,normal
ACT,11,30,TRANSLATION,normal
ACT,12,2,TRANSLATION,normal
ACT,12,10,TRANSLATION,normal
ACT,12,12,TRANSLATION,normal
ACT,12,13,TRANSLATION,normal
ACT,12,14,TRANSLATION,normal
ACT,12,18,TRANSLATION,normal
ACT,12,19,TRANSLATION,normal
ACT,12,20,TRANSLATION,normal
ACT,12,21,TRANSLATION,normal
ACT,12,25,TRANSLATION,normal
ACT,13,3,TRANSLATION,normal
ACT,13,6,TRANSLATION,normal
ACT,13,7,TRANSLATION,normal
ACT,13,8,TRANSLATION,normal
ACT,13,9,TRANSLATION,normal
ACT,13,11,TRANSLATION,normal
ACT,13,15,TRANSLATION,normal
ACT,13,18,TRANSLATION,normal
ACT,13,20,TRANSLATION,normal
ACT,13,21,TRANSLATION,normal
ACT,13,24,TRANSLATION,normal
ACT,13,27,TRANSLATION,normal
ACT,13,28,TRANSLATION,normal
ACT,13,30,TRANSLATION,normal
ACT,13,33,TRANSLATION,normal
ACT,13,34,TRANSLATION,normal
ACT,13,35,TRANSLATION,normal
ACT,13,36,TRANSLATION,normal
ACT,13,38,TRANSLATION,normal
ACT,13,39,TRANSLATION,normal
ACT,13,41,TRANSLATION,normal
ACT,13,42,TRANSLATION,normal
ACT,13,45,TRANSLATION,normal
ACT,14,1,TRANSLATION,normal
ACT,14,3,TRANSLATION,normal
ACT,14,4,TRANSLATION,normal
ACT,14,5,TRANSLATION,normal
ACT,14,10,TRANSLATION,normal
ACT,14,12,TRANSLATION,normal
ACT,14,13,TRANSLATION,normal
ACT,14,17,TRANSLATION,normal
ACT,14,18,TRANSLATION,normal
ACT,14,19,TRANSLATION,normal
ACT,14,20,TRANSLATION,normal
ACT,14,27,TRANSLATION,normal
ACT,15,8,TRANSLATION,normal
ACT,15,14,TRANSLATION,normal
ACT,15,17,TRANSLATION,normal
ACT,15,21,TRANSLATION,normal
ACT,15,23,TRANSLATION,normal
ACT,15,25,TRANSLATION,normal
ACT,15,27,TRANSLATION,normal
ACT,15,28,TRANSLATION,normal
ACT,15,29,TRANSLATION,normal
ACT,15,32,TRANSLATION,normal
ACT,15,33,TRANSLATION,normal
ACT,15,36,TRANSLATION,normal
ACT,15,37,TRANSLATION,normal
ACT,15,38,TRANSLATION,normal
ACT,15,40,TRANSLATION,normal
ACT,16,2,TRANSLATION,normal
ACT,16,6,TRANSLATION,normal
ACT,16,14,TRANSLATION,normal
ACT,16,15,TRANSLATION,normal
ACT,16,17,TRANSLATION,normal
ACT,16,18,TRANSLATION,normal
ACT,16,20,TRANSLATION,normal
ACT,16,21,TRANSLATION,normal
ACT,16,23,TRANSLATION,normal
ACT,16,24,TRANSLATION,normal
ACT,16,25,TRANSLATION,normal
ACT,16,28,TRANSLATION,normal
ACT,16,33,TRANSLATION,normal
ACT,16,35,TRANSLATION,normal
ACT,16,38,TRANSLATION,normal
ACT,17,10,TRANSLATION,normal
ACT,17,14,TRANSLATION,normal
ACT,17,18,TRANSLATION,normal
ACT,17,20,TRANSLATION,normal
ACT,17,25,TRANSLATION,normal
ACT,17,26,TRANSLATION,normal
ACT,17,27,TRANSLATION,normal
ACT,17,29,TRANSLATION,normal
ACT,17,30,TRANSLATION,normal
ACT,17,31,TRANSLATION,normal
ACT,18,4,TRANSLATION,normal
ACT,18,5,TRANSLATION,normal
ACT,18,7,TRANSLATION,normal
ACT,18,12,TRANSLATION,normal
ACT,18,14,TRANSLATION,normal
ACT,18,15,TRANSLATION,normal
ACT,18,17,TRANSLATION,normal
ACT,18,21,TRANSLATION,normal
ACT,18,26,TRANSLATION,normal
ACT,18,27,TRANSLATION,normal
ACT,18,28,TRANSLATION,normal
ACT,19,1,TRANSLATION,normal
ACT,19,2,TRANSLATION,normal
ACT,19,4,TRANSLATION,normal
ACT,19,5,TRANSLATION,normal
ACT,19,7,TRANSLATION,normal
ACT,19,10,TRANSLATION,normal
ACT,19,11,TRANSLATION,normal
ACT,19,14,TRANSLATION,normal
ACT,19,16,TRANSLATION,normal
ACT,19,18,TRANSLATION,normal
ACT,19,19,TRANSLATION,normal
ACT,19,24,TRANSLATION,normal
ACT,19,27,TRANSLATION,normal
ACT,19,31,TRANSLATION,normal
ACT,19,33,TRANSLATION,normal
ACT,19,35,TRANSLATION,normal
ACT,19,37,TRANSLATION,normal
ACT,19,38,TRANSLATION,normal
ACT,19,40,TRANSLATION,normal
ACT,20,2,TRANSLATION,normal
ACT,20,3,TRANSLATION,normal
ACT,20,4,TRANSLATION,normal
ACT,20,6,TRANSLATION,normal
ACT,20,7,TRANSLATION,normal
ACT,20,8,TRANSLATION,normal
ACT,20,9,TRANSLATION,normal
ACT,20,10,TRANSLATION,normal
ACT,20,12,TRANSLATION,normal
ACT,20,13,TRANSLATION,normal
ACT,20,14,TRANSLATION,normal
ACT,20,17,TRANSLATION,normal
ACT,20,18,TRANSLATION,normal
ACT,20,19,TRANSLATION,normal
ACT,20,23,TRANSLATION,normal
ACT,20,27,TRANSLATION,normal
ACT,20,34,TRANSLATION,normal
ACT,20,36,TRANSLATION,normal
ACT,21,1,TRANSLATION,normal
ACT,21,2,TRANSLATION,normal
ACT,21,4,TRANSLATION,normal
ACT,21,9,TRANSLATION,normal
ACT,21,10,TRANSLATION,normal
ACT,21,11,TRANSLATION,normal
ACT,21,13,TRANSLATION,normal
ACT,21,16,TRANSLATION,normal
ACT,21,20,TRANSLATION,normal
ACT,21,21,TRANSLATION,normal
ACT,21,22,TRANSLATION,normal
ACT,21,23,TRANSLATION,normal
ACT,21,25,TRANSLATION,normal
ACT,21,26,TRANSLATION,normal
ACT,21,29,TRANSLATION,normal
ACT,21,34,TRANSLATION,normal
ACT,21,35,TRANSLATION,normal
ACT,21,38,TRANSLATION,normal
ACT,21,39,TRANSLATION,normal
ACT,22,2,TRANSLATION,normal
ACT,22,5,TRANSLATION,normal
ACT,22,7,TRANSLATION,normal
ACT,22,8,TRANSLATION,normal
ACT,22,11,TRANSLATION,normal
ACT,22,12,TRANSLATION,normal
ACT,22,14,TRANSLATION,normal
ACT,22,16,TRANSLATION,normal
ACT,22,19,TRANSLATION,normal
ACT,22,22,TRANSLATION,normal
ACT,22,24,TRANSLATION,normal
ACT,22,26,TRANSLATION,normal
ACT,22,27,TRANSLATION,normal
ACT,22,28,TRANSLATION,normal
ACT,22,29,TRANSLATION,normal
ACT,23,2,TRANSLATION,normal
ACT,23,4,TRANSLATION,normal
ACT,23,5,TRANSLATION,normal
ACT,23,10,TRANSLATION,normal
ACT,23,13,TRANSLATION,normal
ACT,23,17,TRANSLATION,normal
ACT,23,19,TRANSLATION,normal
ACT,23,20,TRANSLATION,normal
ACT,23,21,TRANSLATION,normal
ACT,23,23,TRANSLATION,normal
ACT,23,25,TRANSLATION,normal
ACT,23,28,TRANSLATION,normal
ACT,23,30,TRANSLATION,normal
ACT,23,32,TRANSLATION,normal
ACT,23,34,TRANSLATION,normal
ACT,24,3,TRANSLATION,normal
ACT,24,4,TRANSLATION,normal
ACT,24,5,TRANSLATION,normal
ACT,24,7,TRANSLATION,normal
ACT,24,10,TRANSLATION,normal
ACT,24,14,TRANSLATION,normal
ACT,24,15,TRANSLATION,normal
ACT,24,16,TRANSLATION,normal
ACT,24,17,TRANSLATION,normal
ACT,24,18,TRANSLATION,normal
ACT,24,21,TRANSLATION,normal
ACT,24,22,TRANSLATION,normal
ACT,24,23,TRANSLATION,normal
ACT,24,25,TRANSLATION,normal
ACT,24,26,TRANSLATION,normal
ACT,25,2,TRANSLATION,normal
ACT,25,3,TRANSLATION,normal
ACT,25,4,TRANSLATION,normal
ACT,25,5,TRANSLATION,normal
ACT,25,11,TRANSLATION,normal
ACT,25,12,TRANSLATION,normal
ACT,25,14,TRANSLATION,normal
ACT,25,15,TRANSLATION,normal
ACT,25,17,TRANSLATION,normal
ACT,25,18,TRANSLATION,normal
ACT,25,20,TRANSLATION,normal
ACT,25,21,TRANSLATION,normal
ACT,25,22,TRANSLATION,normal
ACT,25,25,TRANSLATION,normal
ACT,25,26,TRANSLATION,normal
ACT,26,1,TRANSLATION,normal
ACT,26,3,TRANSLATION,normal
ACT,26,4,TRANSLATION,normal
ACT,26,5,TRANSLATION,normal
ACT,26,6,TRANSLATION,normal
ACT,26,7,TRANSLATION,normal
ACT,26,9,TRANSLATION,normal
ACT,26,10,TRANSLATION,normal
ACT,26,11,TRANSLATION,normal
ACT,26,14,TRANSLATION,normal
ACT,26,15,TRANSLATION,normal
ACT,26,21,TRANSLATION,normal
ACT,26,23,TRANSLATION,normal
ACT,26,25,TRANSLATION,normal
ACT,26,26,TRANSLATION,normal
ACT,26,28,TRANSLATION,normal
ACT,26,32,TRANSLATION,normal
ACT,27,1,TRANSLATION,normal
ACT,27,3,TRANSLATION,normal
ACT,27,6,TRANSLATION,normal
ACT,27,7,TRANSLATION,normal
ACT,27,8,TRANSLATION,normal
ACT,27,10,TRANSLATION,normal
ACT,27,11,TRANSLATION,normal
ACT,27,12,TRANSLATION,normal
ACT,27,16,TRANSLATION,normal
ACT,27,17,TRANSLATION,normal
ACT,27,18,TRANSLATION,normal
ACT,27,19,TRANSLATION,normal
ACT,27,20,TRANSLATION,normal
ACT,27,21,TRANSLATION,normal
ACT,27,23,TRANSLATION,normal
ACT,27,24,TRANSLATION,normal
ACT,27,25,TRANSLATION,normal
ACT,27,26,TRANSLATION,normal
ACT,27,27,TRANSLATION,normal
ACT,27,28,TRANSLATION,normal
ACT,27,32,TRANSLATION,normal
ACT,27,33,TRANSLATION,normal
ACT,27,36,TRANSLATION,normal
ACT,27,39,TRANSLATION,normal
ACT,27,41,TRANSLATION,normal
ACT,27,43,TRANSLATION,normal
ACT,28,2,TRANSLATION,normal
ACT,28,3,TRANSLATION,normal
ACT,28,4,TRANSLATION,normal
ACT,28,7,TRANSLATION,normal
ACT,28,10,TRANSLATION,normal
ACT,28,11,TRANSLATION,normal
ACT,28,19,TRANSLATION,normal
ACT,28,20,TRANSLATION,normal
ACT,28,21,TRANSLATION,normal
ACT,28,23,TRANSLATION,normal
ACT,28,24,TRANSLATION,normal
ACT,28,26,TRANSLATION,normal
ACT,28,27,TRANSLATION,normal
ACT,28,31,TRANSLATION,normal
ROM,1,4,TRANSLATION,normal
ROM,1,7,TRANSLATION,normal
ROM,1,8,TRANSLATION,normal
ROM,1,10,TRANSLATION,normal
ROM,1,17,TRANSLATION,normal
ROM,1,20,TRANSLATION,normal
ROM,1,24,TRANSLATION,normal
ROM,1,28,TRANSLATION,normal
ROM,1,29,TRANSLATION,normal
ROM,1,31,TRANSLATION,normal
ROM,2,1,TRANSLATION,normal
ROM,2,4,TRANSLATION,normal
ROM,2,7,TRANSLATION,normal
ROM,2,8,TRANSLATION,normal
ROM,2,11,TRANSLATION,normal
ROM,2,12,TRANSLATION,normal
ROM,2,13,TRANSLATION,normal
ROM,2,15,TRANSLATION,normal
ROM,2,16,TRANSLATION,normal
ROM,2,18,TRANSLATION,normal
ROM,2,22,TRANSLATION,normal
ROM,2,27,TRANSLATION,normal
ROM,2,29,TRANSLATION,normal
ROM,3,2,TRANSLATION,normal
ROM,3,4,TRANSLATION,normal
ROM,3,6,TRANSLATION,normal
ROM,3,8,TRANSLATION,normal
ROM,3,10,TRANSLATION,normal
ROM,3,15,TRANSLATION,normal
ROM,3,21,TRANSLATION,normal
ROM,3,24,TRANSLATION,normal
ROM,3,28,TRANSLATION,normal
ROM,3,29,TRANSLATION,normal
ROM,4,1,TRANSLATION,normal
ROM,4,3,TRANSLATION,normal
ROM,4,6,TRANSLATION,normal
ROM,4,8,TRANSLATION,normal
ROM,4,9,TRANSLATION,normal
ROM,4,13,TRANSLATION,normal
ROM,4,14,TRANSLATION,normal
ROM,4,17,TRANSLATION,normal
ROM,4,20,TRANSLATION,normal
ROM,4,22,TRANSLATION,normal
ROM,4,24,TRANSLATION,normal
ROM,5,2,TRANSLATION,normal
ROM,5,7,TRANSLATION,normal
ROM,5,8,TRANSLATION,normal
ROM,5,9,TRANSLATION,normal
ROM,5,10,TRANSLATION,normal
ROM,5,14,TRANSLATION,normal
ROM,5,16,TRANSLATION,normal
ROM,5,18,TRANSLATION,normal
ROM,6,2,TRANSLATION,normal
ROM,6,6,TRANSLATION,normal
ROM,6,8,TRANSLATION,normal
ROM,6,12,TRANSLATION,normal
ROM,6,15,TRANSLATION,normal
ROM,6,17,TRANSLATION,normal
ROM,6,19,TRANSLATION,normal
ROM,6,20,TRANSLATION,normal
ROM,6,22,TRANSLATION,normal
ROM,7,1,TRANSLATION,normal
ROM,7,4,TRANSLATION,normal
ROM,7,9,TRANSLATION,normal
ROM,7,13,TRANSLATION,normal
ROM,7,14,TRANSLATION,normal
ROM,7,16,TRANSLATION,normal
ROM,7,19,TRANSLATION,normal
ROM,7,21,TRANSLATION,normal
ROM,8,1,TRANSLATION,normal
ROM,8,3,TRANSLATION,normal
ROM,8,10,TRANSLATION,normal
ROM,8,12,TRANSLATION,normal
ROM,8,13,TRANSLATION,normal
ROM,8,16,TRANSLATION,normal
ROM,8,19,TRANSLATION,normal
ROM,8,20,TRANSLATION,normal
ROM,8,22,TRANSLATION,normal
ROM,8,23,TRANSLATION,normal
ROM,8,27,TRANSLATION,normal
ROM,8,28,TRANSLATION,normal
ROM,8,29,TRANSLATION,normal
ROM,8,30,TRANSLATION,normal
ROM,8,33,TRANSLATION,normal
ROM,8,34,TRANSLATION,normal
ROM,8,37,TRANSLATION,normal
ROM,9,8,TRANSLATION,normal
ROM,9,9,TRANSLATION,normal
ROM,9,10,TRANSLATION,normal
ROM,9,14,TRANSLATION,normal
ROM,9,15,TRANSLATION,normal
ROM,9,16,TRANSLATION,normal
ROM,9,19,TRANSLATION,normal
ROM,9,26,TRANSLATION,normal
ROM,9,28,TRANSLATION,normal
ROM,9,30,TRANSLATION,normal
ROM,9,32,TRANSLATION,normal
ROM,10,3,TRANSLATION,normal
ROM,10,6,TRANSLATION,normal
ROM,10,8,TRANSLATION,normal
ROM,10,10,TRANSLATION,normal
ROM,10,12,TRANSLATION,normal
ROM,11,1,TRANSLATION,normal
ROM,11,2,TRANSLATION,normal
ROM,11,6,TRANSLATION,normal
ROM,11,11,TRANSLATION,normal
ROM,11,13,TRANSLATION,normal
ROM,11,14,TRANSLATION,normal
ROM,11,18,TRANSLATION,normal
ROM,11,19,TRANSLATION,normal
ROM,11,23,TRANSLATION,normal
ROM,11,30,TRANSLATION,normal
ROM,11,31,TRANSLATION,normal
ROM,11,32,TRANSLATION,normal
ROM,12,3,TRANSLATION,normal
ROM,12,4,TRANSLATION,normal
ROM,12,5,TRANSLATION,normal
ROM,12,6,TRANSLATION,normal
ROM,12,7,TRANSLATION,normal
ROM,12,10,TRANSLATION,normal
ROM,12,11,TRANSLATION,normal
ROM,12,13,TRANSLATION,normal
ROM,12,16,TRANSLATION,normal
ROM,13,3,TRANSLATION,normal
ROM,13,7,TRANSLATION,normal
ROM,13,10,TRANSLATION,normal
ROM,13,13,TRANSLATION,normal
ROM,14,3,TRANSLATION,normal
ROM,14,6,TRANSLATION,normal
ROM,14,9,TRANSLATION,normal
ROM,14,11,TRANSLATION,normal
ROM,14,15,TRANSLATION,normal
ROM,14,16,TRANSLATION,normal
ROM,14,22,TRANSLATION,normal
ROM,15,6,TRANSLATION,normal
ROM,15,7,TRANSLATION,normal
ROM,15,8,TRANSLATION,normal
ROM,15,17,TRANSLATION,normal
ROM,15,19,TRANSLATION,normal
ROM,15,20,TRANSLATION,normal
ROM,15,23,TRANSLATION,normal
ROM,15,24,TRANSLATION,normal
ROM,15,26,TRANSLATION,normal
ROM,15,27,TRANSLATION,normal
ROM,15,28,TRANSLATION,normal
ROM,16,5,TRANSLATION,normal
ROM,16,6,TRANSLATION,normal
ROM,16,8,TRANSLATION,normal
ROM,16,11,TRANSLATION,normal
ROM,16,12,TRANSLATION,normal
ROM,16,13,TRANSLATION,normal
ROM,16,14,TRANSLATION,normal
ROM,16,15,TRANSLATION,normal
ROM,16,18,TRANSLATION,normal
ROM,16,19,TRANSLATION,normal
ROM,16,22,TRANSLATION,normal
ROM,16,23,TRANSLATION,normal
ROM,16,25,TRANSLATION,normal
ROM,16,26,TRANSLATION,normal
ROM,16,27,TRANSLATION,normal
1CO,1,1,TRANSLATION,normal
1CO,1,11,TRANSLATION,normal
1CO,1,12,TRANSLATION,normal
1CO,1,14,TRANSLATION,normal
1CO,1,15,TRANSLATION,normal
1CO,1,21,TRANSLATION,normal
1CO,1,25,TRANSLATION,normal
1CO,1,27,TRANSLATION,normal
1CO,1,31,TRANSLATION,normal
1CO,2,2,TRANSLATION,normal
1CO,2,3,TRANSLATION,normal
1CO,2,4,TRANSLATION,normal
1CO,2,6,TRANSLATION,normal
1CO,2,12,TRANSLATION,normal
1CO,2,14,TRANSLATION,normal
1CO,2,16,TRANSLATION,normal
1CO,3,1,TRANSLATION,normal
1CO,3,2,TRANSLATION,normal
1CO,3,5,TRANSLATION,normal
1CO,3,8,TRANSLATION,normal
1CO,3,9,TRANSLATION,normal
1CO,3,10,TRANSLATION,normal
1CO,3,13,TRANSLATION,normal
1CO,3,14,TRANSLATION,normal
1CO,3,15,TRANSLATION,normal
1CO,4,7,TRANSLATION,normal
1CO,4,11,TRANSLATION,normal
1CO,4,13,TRANSLATION,normal
1CO,5,2,TRANSLATION,normal
1CO,5,4,TRANSLATION,normal
1CO,5,12,TRANSLATION,normal
1CO,6,1,TRANSLATION,normal
1CO,6,2,TRANSLATION,normal
1CO,6,4,TRANSLATION,normal
1CO,6,5,TRANSLATION,normal
1CO,6,7,TRANSLATION,normal
1CO,6,9,TRANSLATION,normal
1CO,6,13,TRANSLATION,normal
1CO,6,14,TRANSLATION,normal
1CO,6,17,TRANSLATION,normal
1CO,6,20,TRANSLATION,normal
1CO,7,1,TRANSLATION,normal
1CO,7,6,TRANSLATION,normal
1CO,7,12,TRANSLATION,normal
1CO,7,13,TRANSLATION,normal
1CO,7,14,TRANSLATION,normal
1CO,7,16,TRANSLATION,normal
1CO,7,18,TRANSLATION,normal
1CO,7,19,TRANSLATION,normal
1CO,7,24,TRANSLATION,normal
1CO,7,25,TRANSLATION,normal
1CO,7,26,TRANSLATION,normal
1CO,7,31,TRANSLATION,normal
1CO,7,32,TRANSLATION,normal
1CO,7,33,TRANSLATION,normal
1CO,7,36,TRANSLATION,normal
1CO,7,37,TRANSLATION,normal
1CO,7,38,TRANSLATION,normal
1CO,7,39,TRANSLATION,normal
1CO,7,40,TRANSLATION,normal
1CO,8,1,TRANSLATION,normal
1CO,8,6,TRANSLATION,normal
1CO,8,10,TRANSLATION,normal
1CO,8,11,TRANSLATION,normal
1CO,9,1,TRANSLATION,normal
1CO,9,6,TRANSLATION,normal
1CO,9,10,TRANSLATION,normal
1CO,9,11,TRANSLATION,normal
1CO,9,15,TRANSLATION,normal
1CO,9,17,TRANSLATION,normal
1CO,9,19,TRANSLATION,normal
1CO,9,21,TRANSLATION,normal
1CO,9,22,TRANSLATION,normal
1CO,9,25,TRANSLATION,normal
1CO,10,2,TRANSLATION,normal
1CO,10,3,TRANSLATION,normal
1CO,10,4,TRANSLATION,normal
1CO,10,5,TRANSLATION,normal
1CO,10,8,TRANSLATION,normal
1CO,10,11,TRANSLATION,normal
1CO,10,17,TRANSLATION,normal
1CO,10,18,TRANSLATION,normal
1CO,10,20,TRANSLATION,normal
1CO,10,21,TRANSLATION,normal
1CO,10,22,TRANSLATION,normal
1CO,10,27,TRANSLATION,normal
1CO,10,28,TRANSLATION,normal
1CO,10,32,TRANSLATION,normal
1CO,11,5,TRANSLATION,normal
1CO,11,7,TRANSLATION,normal
1CO,11,8,TRANSLATION,normal
1CO,11,11,TRANSLATION,normal
1CO,11,17,TRANSLATION,normal
1CO,11,18,TRANSLATION,normal
1CO,11,20,TRANSLATION,normal
1CO,11,21,TRANSLATION,normal
1CO,11,23,TRANSLATION,normal
1CO,11,28,TRANSLATION,normal
1CO,11,29,TRANSLATION,normal
1CO,11,30,TRANSLATION,normal
1CO,12,1,TRANSLATION,normal
1CO,12,2,TRANSLATION,normal
1CO,12,6,TRANSLATION,normal
1CO,12,7,TRANSLATION,normal
1CO,12,10,TRANSLATION,normal
1CO,12,19,TRANSLATION,normal
1CO,12,23,TRANSLATION,normal
1CO,12,28,TRANSLATION,normal
1CO,12,30,TRANSLATION,normal
1CO,12,31,TRANSLATION,normal
1CO,13,4,TRANSLATION,normal
1CO,13,7,TRANSLATION,normal
1CO,13,8,TRANSLATION,normal
1CO,13,10,TRANSLATION,normal
1CO,14,1,TRANSLATION,normal
1CO,14,2,TRANSLATION,normal
1CO,14,4,TRANSLATION,normal
1CO,14,10,TRANSLATION,normal
1CO,14,12,TRANSLATION,normal
1CO,14,16,TRANSLATION,normal
1CO,14,17,TRANSLATION,normal
1CO,14,18,TRANSLATION,normal
1CO,14,20,TRANSLATION,normal
1CO,14,21,TRANSLATION,normal
1CO,14,23,TRANSLATION,normal
1CO,14,25,TRANSLATION,normal
1CO,14,26,TRANSLATION,normal
1CO,14,27,TRANSLATION,normal
1CO,14,28,TRANSLATION,normal
1CO,14,29,TRANSLATION,normal
1CO,14,30,TRANSLATION,normal
1CO,14,31,TRANSLATION,normal
1CO,14,32,TRANSLATION,normal
1CO,14,33,TRANSLATION,normal
1CO,14,35,TRANSLATION,normal
1CO,14,36,TRANSLATION,normal
1CO,14,39,TRANSLATION,normal
1CO,15,5,TRANSLATION,normal
1CO,15,8,TRANSLATION,normal
1CO,15,10,TRANSLATION,normal
1CO,15,11,TRANSLATION,normal
1CO,15,24,TRANSLATION,normal
1CO,15,25,TRANSLATION,normal
1CO,15,27,TRANSLATION,normal
1CO,15,30,TRANSLATION,normal
1CO,15,31,TRANSLATION,normal
1CO,15,33,TRANSLATION,normal
1CO,15,34,TRANSLATION,normal
1CO,15,36,TRANSLATION,normal
1CO,15,39,TRANSLATION,normal
1CO,15,45,TRANSLATION,normal
1CO,15,47,TRANSLATION,normal
1CO,15,49,TRANSLATION,normal
1CO,15,50,TRANSLATION,normal
1CO,15,52,TRANSLATION,normal
1CO,15,55,TRANSLATION,normal
1CO,15,56,TRANSLATION,normal
1CO,15,57,TRANSLATION,normal
1CO,16,2,TRANSLATION,normal
1CO,16,3,TRANSLATION,normal
1CO,16,4,TRANSLATION,normal
1CO,16,6,TRANSLATION,normal
1CO,16,8,TRANSLATION,normal
1CO,16,9,TRANSLATION,normal
1CO,16,10,TRANSLATION,normal
1CO,16,11,TRANSLATION,normal
1CO,16,13,TRANSLATION,normal
1CO,16,14,TRANSLATION,normal
1CO,16,15,TRANSLATION,normal
1CO,16,16,TRANSLATION,normal
1CO,16,17,TRANSLATION,normal
1CO,16,18,TRANSLATION,normal
1CO,16,21,TRANSLATION,normal
1CO,16,22,TRANSLATION,normal
1CO,16,24,TRANSLATION,normal
2CO,1,8,TRANSLATION,normal
2CO,1,12,TRANSLATION,normal
2CO,1,14,TRANSLATION,normal
2CO,1,17,TRANSLATION,normal
2CO,1,18,TRANSLATION,normal
2CO,1,19,TRANSLATION,normal
2CO,1,20,TRANSLATION,normal
2CO,2,6,TRANSLATION,normal
2CO,2,7,TRANSLATION,normal
2CO,2,11,TRANSLATION,normal
2CO,2,12,TRANSLATION,normal
2CO,2,14,TRANSLATION,normal
2CO,3,1,TRANSLATION,normal
2CO,3,2,TRANSLATION,normal
2CO,3,3,TRANSLATION,normal
2CO,3,10,TRANSLATION,normal
2CO,3,12,TRANSLATION,normal
2CO,3,13,TRANSLATION,normal
2CO,3,18,TRANSLATION,normal
2CO,4,4,TRANSLATION,normal
2CO,4,11,TRANSLATION,normal
2CO,4,12,TRANSLATION,normal
2CO,4,14,TRANSLATION,normal
2CO,4,17,TRANSLATION,normal
2CO,5,3,TRANSLATION,normal
2CO,5,4,TRANSLATION,normal
2CO,5,6,TRANSLATION,normal
2CO,5,9,TRANSLATION,normal
2CO,5,11,TRANSLATION,normal
2CO,5,12,TRANSLATION,normal
2CO,5,14,TRANSLATION,normal
2CO,5,16,TRANSLATION,normal
2CO,6,5,TRANSLATION,normal
2CO,6,8,TRANSLATION,normal
2CO,6,10,TRANSLATION,normal
2CO,6,12,TRANSLATION,normal
2CO,6,15,TRANSLATION,normal
2CO,7,2,TRANSLATION,normal
2CO,7,11,TRANSLATION,normal
2CO,7,12,TRANSLATION,normal
2CO,7,13,TRANSLATION,normal
2CO,8,3,TRANSLATION,normal
2CO,8,4,TRANSLATION,normal
2CO,8,6,TRANSLATION,normal
2CO,8,7,TRANSLATION,normal
2CO,8,10,TRANSLATION,normal
2CO,8,11,TRANSLATION,normal
2CO,8,17,TRANSLATION,normal
2CO,8,18,TRANSLATION,normal
2CO,8,19,TRANSLATION,normal
2CO,8,23,TRANSLATION,normal
2CO,9,1,TRANSLATION,normal
2CO,9,3,TRANSLATION,normal
2CO,9,4,TRANSLATION,normal
2CO,9,5,TRANSLATION,normal
2CO,9,7,TRANSLATION,normal
2CO,9,10,TRANSLATION,normal
2CO,10,1,TRANSLATION,normal
2CO,10,2,TRANSLATION,normal
2CO,10,7,TRANSLATION,normal
2CO,10,10,TRANSLATION,normal
2CO,10,13,TRANSLATION,normal
2CO,10,14,TRANSLATION,normal
2CO,10,15,TRANSLATION,normal
2CO,10,18,TRANSLATION,normal
2CO,11,4,TRANSLATION,normal
2CO,11,5,TRANSLATION,normal
2CO,11,6,TRANSLATION,normal
2CO,11,7,TRANSLATION,normal
2CO,11,10,TRANSLATION,normal
2CO,11,15,TRANSLATION,normal
2CO,11,18,TRANSLATION,normal
2CO,11,20,TRANSLATION,normal
2CO,11,22,TRANSLATION,normal
2CO,11,23,TRANSLATION,normal
2CO,11,24,TRANSLATION,normal
2CO,11,28,TRANSLATION,normal
2CO,11,32,TRANSLATION,normal
2CO,12,9,TRANSLATION,normal
2CO,12,13,TRANSLATION,normal
2CO,12,18,TRANSLATION,normal
2CO,12,19,TRANSLATION,normal
2CO,12,20,TRANSLATION,normal
2CO,12,21,TRANSLATION,normal
2CO,13,1,TRANSLATION,normal
2CO,13,3,TRANSLATION,normal
2CO,13,5,TRANSLATION,normal
2CO,13,9,TRANSLATION,normal
2CO,13,11,TRANSLATION,normal
2CO,13,13,TRANSLATION,normal
2CO,13,14,TRANSLATION,normal
GAL,1,3,TRANSLATION,normal
GAL,1,11,TRANSLATION,normal
GAL,1,13,TRANSLATION,normal
GAL,1,15,TRANSLATION,normal
GAL,1,16,TRANSLATION,normal
GAL,1,24,TRANSLATION,normal
GAL,2,5,TRANSLATION,normal
GAL,2,8,TRANSLATION,normal
GAL,2,9,TRANSLATION,normal
GAL,2,11,TRANSLATION,normal
GAL,2,15,TRANSLATION,normal
GAL,2,17,TRANSLATION,normal
GAL,2,20,TRANSLATION,normal
GAL,2,21,TRANSLATION,normal
GAL,3,1,TRANSLATION,normal
GAL,3,2,TRANSLATION,normal
GAL,3,4,TRANSLATION,normal
GAL,3,6,TRANSLATION,normal
GAL,3,7,TRANSLATION,normal
GAL,3,9,TRANSLATION,normal
GAL,3,15,TRANSLATION,normal
GAL,3,17,TRANSLATION,normal
GAL,3,19,TRANSLATION,normal
GAL,3,20,TRANSLATION,normal
GAL,4,2,TRANSLATION,normal
GAL,4,6,TRANSLATION,normal
GAL,4,7,TRANSLATION,normal
GAL,4,9,TRANSLATION,normal
GAL,4,10,TRANSLATION,normal
GAL,4,12,TRANSLATION,normal
GAL,4,14,TRANSLATION,normal
GAL,4,20,TRANSLATION,normal
GAL,4,24,TRANSLATION,normal
GAL,4,25,TRANSLATION,normal
GAL,4,28,TRANSLATION,normal
GAL,5,2,TRANSLATION,normal
GAL,5,5,TRANSLATION,normal
GAL,5,7,TRANSLATION,normal
GAL,5,17,TRANSLATION,normal
GAL,5,20,TRANSLATION,normal
GAL,5,22,TRANSLATION,normal
GAL,5,23,TRANSLATION,normal
GAL,5,24,TRANSLATION,normal
GAL,5,26,TRANSLATION,normal
GAL,6,5,TRANSLATION,normal
GAL,6,6,TRANSLATION,normal
GAL,6,9,TRANSLATION,normal
GAL,6,14,TRANSLATION,normal
GAL,6,16,TRANSLATION,normal
GAL,6,18,TRANSLATION,normal
EPH,1,4,TRANSLATION,normal
EPH,1,6,TRANSLATION,normal
EPH,1,8,TRANSLATION,normal
EPH,1,11,TRANSLATION,normal
EPH,1,12,TRANSLATION,normal
EPH,1,21,TRANSLATION,normal
EPH,1,22,TRANSLATION,normal
EPH,2,2,TRANSLATION,normal
EPH,2,8,TRANSLATION,normal
EPH,2,11,TRANSLATION,normal
EPH,2,12,TRANSLATION,normal
EPH,2,14,TRANSLATION,normal
EPH,2,16,TRANSLATION,normal
EPH,3,1,TRANSLATION,normal
EPH,3,2,TRANSLATION,normal
EPH,3,9,TRANSLATION,normal
EPH,3,21,TRANSLATION,normal
EPH,4,4,TRANSLATION,normal
EPH,4,5,TRANSLATION,normal
EPH,4,6,TRANSLATION,normal
EPH,4,8,TRANSLATION,normal
EPH,4,19,TRANSLATION,normal
EPH,4,20,TRANSLATION,normal
EPH,4,30,TRANSLATION,normal
EPH,4,31,TRANSLATION,normal
EPH,5,5,TRANSLATION,normal
EPH,5,9,TRANSLATION,normal
EPH,5,13,TRANSLATION,normal
EPH,5,15,TRANSLATION,normal
EPH,5,19,TRANSLATION,normal
EPH,5,20,TRANSLATION,normal
EPH,5,26,TRANSLATION,normal
EPH,5,27,TRANSLATION,normal
EPH,5,32,TRANSLATION,normal
EPH,6,3,TRANSLATION,normal
EPH,6,5,TRANSLATION,normal
EPH,6,7,TRANSLATION,normal
EPH,6,8,TRANSLATION,normal
EPH,6,13,TRANSLATION,normal
EPH,6,15,TRANSLATION,normal
EPH,6,21,TRANSLATION,normal
EPH,6,22,TRANSLATION,normal
EPH,6,23,TRANSLATION,normal
PHP,1,3,TRANSLATION,normal
PHP,1,8,TRANSLATION,normal
PHP,1,9,TRANSLATION,normal
PHP,1,10,TRANSLATION,normal
PHP,1,11,TRANSLATION,normal
PHP,1,12,TRANSLATION,normal
PHP,1,14,TRANSLATION,normal
PHP,1,21,TRANSLATION,normal
PHP,1,22,TRANSLATION,normal
PHP,1,23,TRANSLATION,normal
PHP,1,24,TRANSLATION,normal
PHP,1,27,TRANSLATION,normal
PHP,2,1,TRANSLATION,normal
PHP,2,2,TRANSLATION,normal
PHP,2,3,TRANSLATION,normal
PHP,2,6,TRANSLATION,normal
PHP,2,11,TRANSLATION,normal
PHP,2,13,TRANSLATION,normal
PHP,2,30,TRANSLATION,normal
PHP,3,1,TRANSLATION,normal
PHP,3,2,TRANSLATION,normal
PHP,3,3,TRANSLATION,normal
PHP,3,8,TRANSLATION,normal
PHP,3,10,TRANSLATION,normal
PHP,3,11,TRANSLATION,normal
PHP,3,15,TRANSLATION,normal
PHP,3,16,TRANSLATION,normal
PHP,3,18,TRANSLATION,normal
PHP,3,21,TRANSLATION,normal
PHP,4,1,TRANSLATION,normal
PHP,4,2,TRANSLATION,normal
PHP,4,3,TRANSLATION,normal
PHP,4,7,TRANSLATION,normal
PHP,4,10,TRANSLATION,normal
PHP,4,11,TRANSLATION,normal
PHP,4,13,TRANSLATION,normal
PHP,4,16,TRANSLATION,normal
PHP,4,18,TRANSLATION,normal
PHP,4,23,TRANSLATION,normal
COL,1,1,TRANSLATION,normal
COL,1,3,TRANSLATION,normal
COL,1,6,TRANSLATION,normal
COL,1,10,TRANSLATION,normal
COL,1,11,TRANSLATION,normal
COL,1,13,TRANSLATION,normal
COL,1,17,TRANSLATION,normal
COL,1,18,TRANSLATION,normal
COL,1,19,TRANSLATION,normal
COL,1,22,TRANSLATION,normal
COL,1,23,TRANSLATION,normal
COL,1,26,TRANSLATION,normal
COL,1,28,TRANSLATION,normal
COL,2,4,TRANSLATION,normal
COL,2,8,TRANSLATION,normal
COL,2,9,TRANSLATION,normal
COL,2,15,TRANSLATION,normal
COL,2,18,TRANSLATION,normal
COL,2,19,TRANSLATION,normal
COL,2,20,TRANSLATION,normal
COL,2,21,TRANSLATION,normal
COL,2,22,TRANSLATION,normal
COL,2,23,TRANSLATION,normal
COL,3,8,TRANSLATION,normal
COL,3,14,TRANSLATION,normal
COL,3,15,TRANSLATION,normal
COL,3,16,TRANSLATION,normal
COL,3,17,TRANSLATION,normal
COL,3,24,TRANSLATION,normal
COL,4,3,TRANSLATION,normal
COL,4,4,TRANSLATION,normal
COL,4,5,TRANSLATION,normal
COL,4,6,TRANSLATION,normal
COL,4,8,TRANSLATION,normal
COL,4,9,TRANSLATION,normal
COL,4,10,TRANSLATION,normal
COL,4,11,TRANSLATION,normal
COL,4,12,TRANSLATION,normal
COL,4,14,TRANSLATION,normal
COL,4,15,TRANSLATION,normal
COL,4,17,TRANSLATION,normal
COL,4,18,TRANSLATION,normal
1TH,1,4,TRANSLATION,normal
1TH,1,6,TRANSLATION,normal
1TH,1,9,TRANSLATION,normal
1TH,1,10,TRANSLATION,normal
1TH,2,2,TRANSLATION,normal
1TH,2,4,TRANSLATION,normal
1TH,2,10,TRANSLATION,normal
1TH,2,12,TRANSLATION,normal
1TH,2,14,TRANSLATION,normal
1TH,2,15,TRANSLATION,normal
1TH,2,16,TRANSLATION,normal
1TH,2,17,TRANSLATION,normal
1TH,2,19,TRANSLATION,normal
1TH,3,5,TRANSLATION,normal
1TH,4,1,TRANSLATION,normal
1TH,4,4,TRANSLATION,normal
1TH,4,8,TRANSLATION,normal
1TH,4,10,TRANSLATION,normal
1TH,4,11,TRANSLATION,normal
1TH,4,12,TRANSLATION,normal
1TH,4,14,TRANSLATION,normal
1TH,5,8,TRANSLATION,normal
1TH,5,9,TRANSLATION,normal
1TH,5,13,TRANSLATION,normal
1TH,5,20,TRANSLATION,normal
1TH,5,21,TRANSLATION,normal
1TH,5,23,TRANSLATION,normal
1TH,5,24,TRANSLATION,normal
1TH,5,28,TRANSLATION,normal
2TH,1,1,TRANSLATION,normal
2TH,1,4,TRANSLATION,normal
2TH,1,6,TRANSLATION,normal
2TH,1,7,TRANSLATION,normal
2TH,1,8,TRANSLATION,normal
2TH,1,9,TRANSLATION,normal
2TH,2,1,TRANSLATION,normal
2TH,2,4,TRANSLATION,normal
2TH,2,6,TRANSLATION,normal
2TH,2,8,TRANSLATION,normal
2TH,2,9,TRANSLATION,normal
2TH,2,14,TRANSLATION,normal
2TH,2,15,TRANSLATION,normal
2TH,2,16,TRANSLATION,normal
2TH,3,1,TRANSLATION,normal
2TH,3,4,TRANSLATION,normal
2TH,3,6,TRANSLATION,normal
2TH,3,12,TRANSLATION,normal
2TH,3,16,TRANSLATION,normal
2TH,3,17,TRANSLATION,normal
2TH,3,18,TRANSLATION,normal
1TI,1,2,TRANSLATION,normal
1TI,1,6,TRANSLATION,normal
1TI,1,7,TRANSLATION,normal
1TI,1,10,TRANSLATION,normal
1TI,1,11,TRANSLATION,normal
1TI,1,13,TRANSLATION,normal
1TI,1,14,TRANSLATION,normal
1TI,1,15,TRANSLATION,normal
1TI,1,17,TRANSLATION,normal
1TI,1,19,TRANSLATION,normal
1TI,2,8,TRANSLATION,normal
1TI,2,15,TRANSLATION,normal
1TI,3,1,TRANSLATION,normal
1TI,3,6,TRANSLATION,normal
1TI,3,8,TRANSLATION,normal
1TI,3,10,TRANSLATION,normal
1TI,3,11,TRANSLATION,normal
1TI,3,12,TRANSLATION,normal
1TI,3,13,TRANSLATION,normal
1TI,3,15,TRANSLATION,normal
1TI,4,3,TRANSLATION,normal
1TI,4,5,TRANSLATION,normal
1TI,4,6,TRANSLATION,normal
1TI,4,7,TRANSLATION,normal
1TI,5,9,TRANSLATION,normal
1TI,5,15,TRANSLATION,normal
1TI,5,21,TRANSLATION,normal
1TI,5,23,TRANSLATION,normal
1TI,5,25,TRANSLATION,normal
1TI,6,1,TRANSLATION,normal
1TI,6,2,TRANSLATION,normal
1TI,6,4,TRANSLATION,normal
1TI,6,5,TRANSLATION,normal
1TI,6,6,TRANSLATION,normal
1TI,6,13,TRANSLATION,normal
1TI,6,16,TRANSLATION,normal
1TI,6,21,TRANSLATION,normal
2TI,1,3,TRANSLATION,normal
2TI,1,4,TRANSLATION,normal
2TI,1,5,TRANSLATION,normal
2TI,1,16,TRANSLATION,normal
2TI,2,1,TRANSLATION,normal
2TI,2,11,TRANSLATION,normal
2TI,2,14,TRANSLATION,normal
2TI,2,17,TRANSLATION,normal
2TI,2,19,TRANSLATION,normal
2TI,2,22,TRANSLATION,normal
2TI,3,4,TRANSLATION,normal
2TI,3,6,TRANSLATION,normal
2TI,3,7,TRANSLATION,normal
2TI,3,10,TRANSLATION,normal
2TI,3,14,TRANSLATION,normal
2TI,3,15,TRANSLATION,normal
2TI,3,16,TRANSLATION,normal
2TI,4,2,TRANSLATION,normal
2TI,4,8,TRANSLATION,normal
2TI,4,12,TRANSLATION,normal
2TI,4,16,TRANSLATION,normal
2TI,4,18,TRANSLATION,normal
2TI,4,19,TRANSLATION,normal
2TI,4,20,TRANSLATION,normal
2TI,4,21,TRANSLATION,normal
2TI,4,22,TRANSLATION,normal
TIT,1,1,TRANSLATION,normal
TIT,1,4,TRANSLATION,normal
TIT,1,9,TRANSLATION,normal
TIT,2,2,TRANSLATION,normal
TIT,2,3,TRANSLATION,normal
TIT,2,7,TRANSLATION,normal
TIT,2,10,TRANSLATION,normal
TIT,2,13,TRANSLATION,normal
TIT,2,15,TRANSLATION,normal
TIT,3,1,TRANSLATION,normal
TIT,3,2,TRANSLATION,normal
TIT,3,3,TRANSLATION,normal
TIT,3,4,TRANSLATION,normal
TIT,3,6,TRANSLATION,normal
TIT,3,10,TRANSLATION,normal
TIT,3,12,TRANSLATION,normal
TIT,3,13,TRANSLATION,normal
TIT,3,14,TRANSLATION,normal
TIT,3,15,TRANSLATION,normal
PHM,1,1,TRANSLATION,normal
PHM,1,2,TRANSLATION,normal
PHM,1,4,TRANSLATION,normal
PHM,1,5,TRANSLATION,normal
PHM,1,6,TRANSLATION,normal
PHM,1,8,TRANSLATION,normal
PHM,1,9,TRANSLATION,normal
PHM,1,11,TRANSLATION,normal
PHM,1,12,TRANSLATION,normal
PHM,1,13,TRANSLATION,normal
PHM,1,14,TRANSLATION,normal
PHM,1,15,TRANSLATION,normal
PHM,1,19,TRANSLATION,normal
PHM,1,20,TRANSLATION,normal
PHM,1,22,TRANSLATION,normal
PHM,1,25,TRANSLATION,normal
HEB,1,2,TRANSLATION,normal
HEB,1,3,TRANSLATION,normal
HEB,1,5,TRANSLATION,normal
HEB,1,6,TRANSLATION,normal
HEB,1,7,TRANSLATION,normal
HEB,1,8,TRANSLATION,normal
HEB,1,9,TRANSLATION,normal
HEB,1,12,TRANSLATION,normal
HEB,1,14,TRANSLATION,normal
HEB,2,2,TRANSLATION,normal
HEB,2,3,TRANSLATION,normal
HEB,2,5,TRANSLATION,normal
HEB,2,8,TRANSLATION,normal
HEB,2,9,TRANSLATION,normal
HEB,2,10,TRANSLATION,normal
HEB,2,12,TRANSLATION,normal
HEB,2,13,TRANSLATION,normal
HEB,2,15,TRANSLATION,normal
HEB,2,16,TRANSLATION,normal
HEB,2,17,TRANSLATION,normal
HEB,3,3,TRANSLATION,normal
HEB,3,6,TRANSLATION,normal
HEB,3,8,TRANSLATION,normal
HEB,3,11,TRANSLATION,normal
HEB,3,14,TRANSLATION,normal
HEB,3,16,TRANSLATION,normal
HEB,3,17,TRANSLATION,normal
HEB,3,18,TRANSLATION,normal
HEB,4,1,TRANSLATION,normal
HEB,4,3,TRANSLATION,normal
HEB,4,4,TRANSLATION,normal
HEB,4,5,TRANSLATION,normal
HEB,4,7,TRANSLATION,normal
HEB,4,8,TRANSLATION,normal
HEB,4,11,TRANSLATION,normal
HEB,4,13,TRANSLATION,normal
HEB,4,15,TRANSLATION,normal
HEB,5,5,TRANSLATION,normal
HEB,5,12,TRANSLATION,normal
HEB,5,14,TRANSLATION,normal
HEB,6,1,TRANSLATION,normal
HEB,6,2,TRANSLATION,normal
HEB,6,4,TRANSLATION,normal
HEB,6,5,TRANSLATION,normal
HEB,6,6,TRANSLATION,normal
HEB,6,7,TRANSLATION,normal
HEB,6,9,TRANSLATION,normal
HEB,6,10,TRANSLATION,normal
HEB,6,11,TRANSLATION,normal
HEB,6,12,TRANSLATION,normal
HEB,6,13,TRANSLATION,normal
HEB,6,15,TRANSLATION,normal
HEB,6,16,TRANSLATION,normal
HEB,6,18,TRANSLATION,normal
HEB,6,20,TRANSLATION,normal
HEB,7,1,TRANSLATION,normal
HEB,7,2,TRANSLATION,normal
HEB,7,4,TRANSLATION,normal
HEB,7,9,TRANSLATION,normal
HEB,7,10,TRANSLATION,normal
HEB,7,12,TRANSLATION,normal
HEB,7,13,TRANSLATION,normal
HEB,7,14,TRANSLATION,normal
HEB,7,19,TRANSLATION,normal
HEB,7,20,TRANSLATION,normal
HEB,7,21,TRANSLATION,normal
HEB,7,23,TRANSLATION,normal
HEB,7,28,TRANSLATION,normal
HEB,8,1,TRANSLATION,normal
HEB,8,3,TRANSLATION,normal
HEB,8,4,TRANSLATION,normal
HEB,8,11,TRANSLATION,normal
HEB,9,1,TRANSLATION,normal
HEB,9,2,TRANSLATION,normal
HEB,9,3,TRANSLATION,normal
HEB,9,6,TRANSLATION,normal
HEB,9,8,TRANSLATION,normal
HEB,9,10,TRANSLATION,normal
HEB,9,13,TRANSLATION,normal
HEB,9,16,TRANSLATION,normal
HEB,9,19,TRANSLATION,normal
HEB,9,24,TRANSLATION,normal
HEB,10,1,TRANSLATION,normal
HEB,10,2,TRANSLATION,normal
HEB,10,5,TRANSLATION,normal
HEB,10,6,TRANSLATION,normal
HEB,10,7,TRANSLATION,normal
HEB,10,8,TRANSLATION,normal
HEB,10,9,TRANSLATION,normal
HEB,10,12,TRANSLATION,normal
HEB,10,14,TRANSLATION,normal
HEB,10,15,TRANSLATION,normal
HEB,10,22,TRANSLATION,normal
HEB,10,24,TRANSLATION,normal
HEB,10,27,TRANSLATION,normal
HEB,10,28,TRANSLATION,normal
HEB,10,34,TRANSLATION,normal
HEB,10,35,TRANSLATION,normal
HEB,10,38,TRANSLATION,normal
HEB,11,2,TRANSLATION,normal
HEB,11,3,TRANSLATION,normal
HEB,11,10,TRANSLATION,normal
HEB,11,13,TRANSLATION,normal
HEB,11,17,TRANSLATION,normal
HEB,11,19,TRANSLATION,normal
HEB,11,23,TRANSLATION,normal
HEB,11,25,TRANSLATION,normal
HEB,11,26,TRANSLATION,normal
HEB,11,28,TRANSLATION,normal
HEB,11,33,TRANSLATION,normal
HEB,11,35,TRANSLATION,normal
HEB,11,36,TRANSLATION,normal
HEB,11,38,TRANSLATION,normal
HEB,11,39,TRANSLATION,normal
HEB,11,40,TRANSLATION,normal
HEB,12,1,TRANSLATION,normal
HEB,12,2,TRANSLATION,normal
HEB,12,4,TRANSLATION,normal
HEB,12,5,TRANSLATION,normal
HEB,12,6,TRANSLATION,normal
HEB,12,8,TRANSLATION,normal
HEB,12,10,TRANSLATION,normal
HEB,12,12,TRANSLATION,normal
HEB,12,13,TRANSLATION,normal
HEB,12,15,TRANSLATION,normal
HEB,12,17,TRANSLATION,normal
HEB,12,18,TRANSLATION,normal
HEB,12,19,TRANSLATION,normal
HEB,12,20,TRANSLATION,normal
HEB,12,22,TRANSLATION,normal
HEB,12,23,TRANSLATION,normal
HEB,12,24,TRANSLATION,normal
HEB,12,25,TRANSLATION,normal
HEB,12,27,TRANSLATION,normal
HEB,12,28,TRANSLATION,normal
HEB,13,2,TRANSLATION,normal
HEB,13,4,TRANSLATION,normal
HEB,13,7,TRANSLATION,normal
HEB,13,8,TRANSLATION,normal
HEB,13,9,TRANSLATION,normal
HEB,13,13,TRANSLATION,normal
HEB,13,20,TRANSLATION,normal
HEB,13,21,TRANSLATION,normal
HEB,13,25,TRANSLATION,normal
JAS,1,2,TRANSLATION,normal
JAS,1,4,TRANSLATION,normal
JAS,1,9,TRANSLATION,normal
JAS,1,10,TRANSLATION,normal
JAS,1,11,TRANSLATION,normal
JAS,1,18,TRANSLATION,normal
JAS,1,20,TRANSLATION,normal
JAS,1,22,TRANSLATION,normal
JAS,1,24,TRANSLATION,normal
JAS,2,1,TRANSLATION,normal
JAS,2,3,TRANSLATION,normal
JAS,2,5,TRANSLATION,normal
JAS,2,8,TRANSLATION,normal
JAS,2,9,TRANSLATION,normal
JAS,2,11,TRANSLATION,normal
JAS,2,19,TRANSLATION,normal
JAS,2,20,TRANSLATION,normal
JAS,2,24,TRANSLATION,normal
JAS,3,2,TRANSLATION,normal
JAS,3,6,TRANSLATION,normal
JAS,3,10,TRANSLATION,normal
JAS,3,13,TRANSLATION,normal
JAS,4,5,TRANSLATION,normal
JAS,4,8,TRANSLATION,normal
JAS,4,9,TRANSLATION,normal
JAS,4,13,TRANSLATION,normal
JAS,4,14,TRANSLATION,normal
JAS,4,15,TRANSLATION,normal
JAS,5,1,TRANSLATION,normal
JAS,5,4,TRANSLATION,normal
JAS,5,19,TRANSLATION,normal
JAS,5,20,TRANSLATION,normal
1PE,1,5,TRANSLATION,normal
1PE,1,6,TRANSLATION,normal
1PE,1,9,TRANSLATION,normal
1PE,1,11,TRANSLATION,normal
1PE,1,12,TRANSLATION,normal
1PE,1,17,TRANSLATION,normal
1PE,1,19,TRANSLATION,normal
1PE,1,21,TRANSLATION,normal
1PE,1,22,TRANSLATION,normal
1PE,1,23,TRANSLATION,normal
1PE,1,24,TRANSLATION,normal
1PE,2,2,TRANSLATION,normal
1PE,2,8,TRANSLATION,normal
1PE,2,9,TRANSLATION,normal
1PE,2,12,TRANSLATION,normal
1PE,2,13,TRANSLATION,normal
1PE,2,15,TRANSLATION,normal
1PE,2,17,TRANSLATION,normal
1PE,3,2,TRANSLATION,normal
1PE,3,3,TRANSLATION,normal
1PE,3,4,TRANSLATION,normal
1PE,3,5,TRANSLATION,normal
1PE,3,6,TRANSLATION,normal
1PE,3,16,TRANSLATION,normal
1PE,3,18,TRANSLATION,normal
1PE,3,20,TRANSLATION,normal
1PE,3,21,TRANSLATION,normal
1PE,3,22,TRANSLATION,normal
1PE,4,4,TRANSLATION,normal
1PE,4,6,TRANSLATION,normal
1PE,4,11,TRANSLATION,normal
1PE,4,12,TRANSLATION,normal
1PE,4,13,TRANSLATION,normal
1PE,4,16,TRANSLATION,normal
1PE,4,18,TRANSLATION,normal
1PE,4,19,TRANSLATION,normal
1PE,5,3,TRANSLATION,normal
1PE,5,5,TRANSLATION,normal
1PE,5,6,TRANSLATION,normal
1PE,5,12,TRANSLATION,normal
1PE,5,13,TRANSLATION,normal
2PE,1,1,TRANSLATION,normal
2PE,1,2,TRANSLATION,normal
2PE,1,3,TRANSLATION,normal
2PE,1,4,TRANSLATION,normal
2PE,1,5,TRANSLATION,normal
2PE,1,7,TRANSLATION,normal
2PE,1,9,TRANSLATION,normal
2PE,1,11,TRANSLATION,normal
2PE,1,16,TRANSLATION,normal
2PE,1,17,TRANSLATION,normal
2PE,2,4,TRANSLATION,normal
2PE,2,8,TRANSLATION,normal
2PE,2,11,TRANSLATION,normal
2PE,2,13,TRANSLATION,normal
2PE,2,16,TRANSLATION,normal
2PE,2,18,TRANSLATION,normal
2PE,2,19,TRANSLATION,normal
2PE,3,1,TRANSLATION,normal
2PE,3,2,TRANSLATION,normal
2PE,3,7,TRANSLATION,normal
2PE,3,11,TRANSLATION,normal
2PE,3,12,TRANSLATION,normal
2PE,3,14,TRANSLATION,normal
1JN,1,4,TRANSLATION,normal
1JN,1,5,TRANSLATION,normal
1JN,2,1,TRANSLATION,normal
1JN,2,6,TRANSLATION,normal
1JN,2,8,TRANSLATION,normal
1JN,2,12,TRANSLATION,normal
1JN,2,24,TRANSLATION,normal
1JN,3,8,TRANSLATION,normal
1JN,3,14,TRANSLATION,normal
1JN,3,19,TRANSLATION,normal
1JN,4,1,TRANSLATION,normal
1JN,4,4,TRANSLATION,normal
1JN,4,18,TRANSLATION,normal
1JN,5,3,TRANSLATION,normal
1JN,5,7,TRANSLATION,normal
1JN,5,8,TRANSLATION,normal
1JN,5,18,TRANSLATION,normal
2JN,1,2,TRANSLATION,normal
2JN,1,8,TRANSLATION,normal
2JN,1,11,TRANSLATION,normal
2JN,1,13,TRANSLATION,normal
3JN,1,5,TRANSLATION,normal
3JN,1,6,TRANSLATION,normal
3JN,1,10,TRANSLATION,normal
3JN,1,13,TRANSLATION,normal
3JN,1,14,TRANSLATION,normal
JUD,1,1,TRANSLATION,normal
JUD,1,3,TRANSLATION,normal
JUD,1,6,TRANSLATION,normal
JUD,1,8,TRANSLATION,normal
JUD,1,12,TRANSLATION,normal
JUD,1,13,TRANSLATION,normal
JUD,1,20,TRANSLATION,normal
JUD,1,22,TRANSLATION,normal
JUD,1,23,TRANSLATION,normal
JUD,1,25,TRANSLATION,normal
REV,1,6,TRANSLATION,normal
REV,1,7,TRANSLATION,normal
REV,1,8,TRANSLATION,normal
REV,1,11,TRANSLATION,normal
REV,1,12,TRANSLATION,normal
REV,1,16,TRANSLATION,normal
REV,1,18,TRANSLATION,normal
REV,1,19,TRANSLATION,normal
REV,2,1,TRANSLATION,normal
REV,2,9,TRANSLATION,normal
REV,2,10,TRANSLATION,normal
REV,2,15,TRANSLATION,normal
REV,2,19,TRANSLATION,normal
REV,2,23,TRANSLATION,normal
REV,2,25,TRANSLATION,normal
REV,2,26,TRANSLATION,normal
REV,3,1,TRANSLATION,normal
REV,3,2,TRANSLATION,normal
REV,3,4,TRANSLATION,normal
REV,3,5,TRANSLATION,normal
REV,3,8,TRANSLATION,normal
REV,3,14,TRANSLATION,normal
REV,3,15,TRANSLATION,normal
REV,4,3,TRANSLATION,normal
REV,4,9,TRANSLATION,normal
REV,5,4,TRANSLATION,normal
REV,5,5,TRANSLATION,normal
REV,5,7,TRANSLATION,normal
REV,5,10,TRANSLATION,normal
REV,5,11,TRANSLATION,normal
REV,5,14,TRANSLATION,normal
REV,6,5,TRANSLATION,normal
REV,6,10,TRANSLATION,normal
REV,6,16,TRANSLATION,normal
REV,7,9,TRANSLATION,normal
REV,7,10,TRANSLATION,normal
REV,7,11,TRANSLATION,normal
REV,7,13,TRANSLATION,normal
REV,7,14,TRANSLATION,normal
REV,7,15,TRANSLATION,normal
REV,9,2,TRANSLATION,normal
REV,9,9,TRANSLATION,normal
REV,9,10,TRANSLATION,normal
REV,9,11,TRANSLATION,normal
REV,10,2,TRANSLATION,normal
REV,10,4,TRANSLATION,normal
REV,11,1,TRANSLATION,normal
REV,11,2,TRANSLATION,normal
REV,11,3,TRANSLATION,normal
REV,11,4,TRANSLATION,normal
REV,11,6,TRANSLATION,normal
REV,11,15,TRANSLATION,normal
REV,11,17,TRANSLATION,normal
REV,12,1,TRANSLATION,normal
REV,12,11,TRANSLATION,normal
REV,12,12,TRANSLATION,normal
REV,12,13,TRANSLATION,normal
REV,13,6,TRANSLATION,normal
REV,13,7,TRANSLATION,normal
REV,13,12,TRANSLATION,normal
REV,13,15,TRANSLATION,normal
REV,14,5,TRANSLATION,normal
REV,14,9,TRANSLATION,normal
REV,14,12,TRANSLATION,normal
REV,15,5,TRANSLATION,normal
REV,15,6,TRANSLATION,normal
REV,15,7,TRANSLATION,normal
REV,16,6,TRANSLATION,normal
REV,16,7,TRANSLATION,normal
REV,16,8,TRANSLATION,normal
REV,16,10,TRANSLATION,normal
REV,16,12,TRANSLATION,normal
REV,16,15,TRANSLATION,normal
REV,17,6,TRANSLATION,normal
REV,17,8,TRANSLATION,normal
REV,17,9,TRANSLATION,normal
REV,17,13,TRANSLATION,normal
REV,17,15,TRANSLATION,normal
REV,17,16,TRANSLATION,normal
REV,17,18,TRANSLATION,normal
REV,18,1,TRANSLATION,normal
REV,18,3,TRANSLATION,normal
REV,18,6,TRANSLATION,normal
REV,18,8,TRANSLATION,normal
REV,18,9,TRANSLATION,normal
REV,18,13,TRANSLATION,normal
REV,18,15,TRANSLATION,normal
REV,18,18,TRANSLATION,normal
REV,18,20,TRANSLATION,normal
REV,19,3,TRANSLATION,normal
REV,19,6,TRANSLATION,normal
REV,19,10,TRANSLATION,normal
REV,19,17,TRANSLATION,normal
REV,20,7,TRANSLATION,normal
REV,20,13,TRANSLATION,normal
REV,21,6,TRANSLATION,normal
REV,21,10,TRANSLATION,normal
REV,21,14,TRANSLATION,normal
REV,21,17,TRANSLATION,normal
REV,21,18,TRANSLATION,normal
REV,21,19,TRANSLATION,normal
REV,21,20,TRANSLATION,normal
REV,21,22,TRANSLATION,normal
REV,21,27,TRANSLATION,normal
REV,22,1,TRANSLATION,normal
REV,22,7,TRANSLATION,normal
REV,22,9,TRANSLATION,normal
REV,22,12,TRANSLATION,normal
REV,22,15,TRANSLATION,normal
REV,22,20,TRANSLATION,normal
REV,22,21,TRANSLATION,normal
