GEN 1:11	erba	Dio disse: "La terra produca erba, erba che faccia seme, albero da frutto che faccia frutto secondo la sua specie, il cui seme sia in esso, sulla terra." E così fu.
GEN 1:12	erba	La terra produsse erba, erba che fa seme secondo la sua specie, e albero che fa frutto, la cui semenza è in esso, secondo la sua specie. E Dio vide che era buono.
GEN 33:20	dio	E vi eresse un altare, e lo chiamò: Dio, il Dio d'Israele.
GEN 40:20	capo	E il terzo giorno, giorno della nascita del Faraone, egli fece un banchetto per tutti i suoi servi, e sollevò il capo del capo dei coppieri e il capo del capo dei panettieri in mezzo ai suoi servi.
GEN 46:3	dio	E disse: "Io sono Dio, il Dio di tuo padre; non temere di scendere in Egitto, perché là ti farò diventare una grande nazione."
EXO 20:5	dio	Non ti prostrare davanti a loro e non servirli, perché io sono l'Eterno, il tuo Dio, un Dio geloso, che punisce l'iniquità dei padri sui figli, sulla terza e sulla quarta generazione di quelli che mi odiano.
EXO 22:1	pecora	Se un uomo ruba un bue o una pecora e lo sgozza o lo vende, pagherà cinque buoi per il bue e quattro pecore per la pecora.
EXO 25:29	coppa	Farai i suoi piatti, le sue coppe, le sue coppe per libazione e i suoi coperchi con cui si verserà la libazione; di oro puro li farai.
EXO 26:18	mezzogiorno	Farai le tavole per il tabernacolo: venti tavole per il lato del mezzogiorno, verso il mezzogiorno.
EXO 27:9	mezzogiorno	E farai il cortile del tabernacolo: sul lato del mezzogiorno, verso il mezzogiorno, cortine per il cortile di lino fino ritorto, di cento cubiti di lunghezza per quel lato.
EXO 27:13	oriente	La larghezza del cortile, sul lato verso oriente, a oriente, sarà di cinquanta cubiti.
EXO 28:2	gloria	Farai vestiti santi per Aronne, tuo fratello, per gloria e per gloria.
EXO 36:23	mezzogiorno	Fabbricò le tavole per il tabernacolo: venti tavole per il lato del mezzogiorno, verso il mezzogiorno.
EXO 38:9	mezzogiorno	Fece il cortile: sul lato del mezzogiorno, verso mezzogiorno, le cortine del cortile erano di lino ritorto, di cento cubiti.
EXO 39:38	tenda	e l'altare d'oro, e l'olio dell'unzione, e l'incenso degli aromi, e la tenda dell'ingresso della tenda.
LEV 7:14	offerta	E offrirà da esso uno di ogni offerta, come offerta elevata all'Eterno; apparterrà al sacerdote che spruzza il sangue del sacrificio di pace.
LEV 8:26	focaccia	Dal cesto degli azzimi che era davanti al volto dell'Eterno prese una focaccia azzima, una focaccia di pane con olio e una focaccia sottile, e le pose sul grasso e sulla coscia destra.
LEV 13:42	calvizie	E se nella calvizie o nella calvizie anteriore vi è una piaga bianca rossastra, è lebbra che germoglia nella sua calvizie o nella sua calvizie anteriore.
LEV 21:20	scabbia	o gobbo, o nano, o con un difetto nell'occhio, o con scabbia, o con scabbia, o con testicolo schiacciato.
LEV 22:22	scabbia	Cecità o storpio o ferita o ulcera o scabbia o scabbia, non offrirete questi all'Eterno, e un'offerta consumata dal fuoco non darete da essi sull'altare dell'Eterno.
NUM 3:25	tenda	La custodia dei figli di Gherson nella tenda di convegno era il tabernacolo e la tenda, la sua copertura, e la tenda dell'ingresso della tenda di convegno.
NUM 4:7	coppa	Sulla tavola del volto stenderanno un vestito azzurro, e porranno su di essa i piatti, le coppe, le coppe per libazione e i coperchi della libazione; e il pane continuo sarà su di essa.
NUM 4:25	tenda	Essi porteranno i teli del tabernacolo e la tenda di convegno, la sua copertura e la copertura di pelli di tasso che è sopra di essa, e la tenda dell'ingresso della tenda di convegno.
NUM 16:22	dio	Caddero sul loro volto e dissero: "Dio, Dio degli spiriti di ogni carne, un solo uomo peccherà, e su tutta la congregazione ti adirerai?"
NUM 21:15	torrente	E il torrente dei torrenti che si stende verso la dimora di Ar, e si appoggia al confine di Moab.
NUM 34:15	oriente	Le due tribù e la metà della tribù presero la loro eredità oltre il Giordano di Gerico, verso oriente, a oriente.
DEU 4:31	dio	Poiché l'Eterno, il tuo Dio, è un Dio misericordioso; non ti abbandonerà e non ti distruggerà, e non dimenticherà il patto dei tuoi padri, che ha giurato loro.
DEU 5:9	dio	Non ti prostrare davanti a loro e non li servire, perché io sono l'Eterno, il tuo Dio, un Dio geloso, che punisce l'iniquità dei padri sui figli e sulla terza e sulla quarta generazione di quelli che mi odiano.
DEU 6:15	dio	Poiché l'Eterno, il tuo Dio, è un Dio geloso in mezzo a te; affinché l'ira dell'Eterno, il tuo Dio, non si accenda contro di te e ti distrugga dalla faccia della terra.
DEU 7:9	dio	Sappi che l'Eterno, il tuo Dio, egli è Dio, il Dio fedele, che mantiene il patto e la benignità verso quelli che lo amano e verso quelli che osservano i suoi comandamenti, fino a mille generazioni.
DEU 10:17	dio	Perché l'Eterno, il vostro Dio, è il Dio degli dèi e il Signore dei signori, il Dio grande, il potente e il terribile, che non alza il volto e non prende tangente.
DEU 10:17	signore	Perché l'Eterno, il vostro Dio, è il Dio degli dèi e il Signore dei signori, il Dio grande, il potente e il terribile, che non alza il volto e non prende tangente.
DEU 17:8	giudizio	Se una questione ti sarà troppo difficile per il giudizio, tra sangue e sangue, tra giudizio e giudizio, e tra piaga e piaga, in parole di lite nelle tue porte, allora ti alzerai e salirai al luogo che l'Eterno, il tuo Dio, avrà scelto.
DEU 19:15	peccato	Non si alzerà un solo testimone contro un uomo per qualsiasi iniquità e per qualsiasi peccato, in ogni peccato che egli commetta; per la parola di due testimoni o per la parola di tre testimoni si stabilirà la questione.
DEU 28:24	polvere	L'Eterno darà la pioggia della tua terra come polvere e polvere; dal cielo scenderà su di te finché tu sia distrutto.
DEU 28:37	proverbio	E sarai una desolazione, un proverbio e un proverbio, in mezzo a tutti i popoli dove l'Eterno ti condurrà.
DEU 32:10	deserto	Lo trovò in terra di deserto, e nel deserto ululante di solitudine; lo circondò, lo curò, lo custodì come la pupilla del suo occhio.
JOS 11:16	pianura	Giosuè prese tutta questa terra: il monte, e tutto il mezzogiorno, e tutta la terra di Gosen, e la pianura, e la pianura dell'Arabà, e il monte d'Israele con la sua pianura.
JOS 15:1	mezzogiorno	La sorte toccò alla tribù dei figli di Giuda, secondo le loro famiglie, fino al confine di Edom, al deserto di Tsin, verso mezzogiorno, all'estremità del mezzogiorno.
JOS 22:22	dio	Dio, Dio l'Eterno, Dio, Dio l'Eterno, egli conosce, e Israele, egli saprà; se in ribellione o se in infedeltà contro l'Eterno, non salvarci in questo giorno.
JOS 23:13	laccio	Sappiate con certezza che l'Eterno, il vostro Dio, non continuerà a scacciare queste nazioni davanti al vostro volto; ed esse saranno per voi un laccio e un laccio, un flagello ai vostri lati e spine ai vostri occhi, finché perirete da questa buona terra che l'Eterno, il vostro Dio, vi ha dato.
JDG 16:3	porta	Sansone giacque fino alla metà della notte, poi si alzò nella metà della notte, afferrò le porte della porta della città e i due stipiti, li sradicò insieme alla sbarra, li pose sulle sue spalle, e li portò su al capo del monte che è di fronte al volto di Ebron.
1SA 2:14	caldaia	E colpiva la conca, o la caldaia, o la caldaia, o la pentola: tutto ciò che la forchetta faceva salire, il sacerdote lo prendeva con essa; così facevano a tutto Israele che veniva là a Silo.
1SA 17:45	lancia	Davide disse al Filisteo: "Tu vieni a me con spada, con lancia e con lancia, ma io vengo a te nel nome dell'Eterno degli eserciti, il Dio degli schieramenti d'Israele, che tu hai insultato."
1SA 21:13	porta	E cambiò il suo comportamento davanti ai loro occhi, e si comportò da pazzo nelle loro mani, e tracciò segni sulle porte della porta, e lasciò cadere la sua saliva sulla sua barba.
1SA 25:41	serva	Ella si alzò, si prostrò con il volto a terra, e disse: "Ecco la tua serva, come serva per lavare i piedi dei servi del mio signore."
2SA 22:12	nuvola	Egli pose le tenebre intorno a sé come capanne, acque oscure, nuvole dense di nuvole.
1KI 7:4	finestra	E finestre in tre ordini, e finestra contro finestra, tre volte.
1KI 7:5	finestra	E tutti gli ingressi e gli stipiti erano quadrati con le finestre, e finestra di fronte a finestra per tre volte.
1CH 1:27	abramo	Abramo, egli è Abramo.
1CH 4:14	artigiano	Meonotai generò Ofra, e Seraia generò Ioab, padre della valle degli artigiani, perché erano artigiani.
1CH 15:28	tromba	E tutto Israele faceva salire l'arca del patto dell'Eterno con giubilo e con voce di tromba, e con trombe e con cembali, facendo risuonare saltèri e cetre.
1CH 16:5	ieiel	Asaf il capo e il suo secondo Zaccaria, Ieiel, Semiramot, Ieiel, Mattitia, Eliab, Benaia, Obed-Edom e Ieiel, con strumenti di saltèri e di cetre, e Asaf con i cembali che risuonava.
1CH 22:3	porta	E ferro in moltitudine per i chiodi delle porte dei portoni e per le commettiture preparò Davide, e rame in moltitudine senza peso.
1CH 22:12	intelligenza	Solo l'Eterno ti dia intelligenza e intelligenza, e ti comandi su Israele, e per custodire la legge dell'Eterno, il tuo Dio.
1CH 23:29	misura	e per il pane della fila, e per il fior di farina per l'offerta, e per le focacce degli azzimi, e per la padella, e per la mescolanza, e per ogni misura e misura.
1CH 28:17	coppa	E le forchette e le coppe e i coperchi di oro puro; e per le coppe d'oro, secondo il peso, coppa per coppa; e per le coppe d'argento, secondo il peso, coppa per coppa.
1CH 29:17	rettitudine	E io so, Dio mio, che tu provi il cuore e ti compiaci della rettitudine; io, con rettitudine del mio cuore, ho offerto volontariamente tutto questo; e ora ho visto con gioia il tuo popolo, che si trova qui, offrire volontariamente a te.
2CH 7:20	proverbio	Li sradicherò dalla mia terra che ho dato loro, e questa casa che ho consacrato al mio nome la getterò via dal mio volto, e la farò diventare un proverbio e un proverbio tra tutti i popoli.
2CH 15:14	tromba	Giurarono all'Eterno con gran voce e con giubilo, con trombe e con trombe.
2CH 21:15	malattia	E tu avrai molte malattie, nella malattia del tuo ventre, finché il tuo ventre esca fuori a causa della malattia, giorno dopo giorno.
2CH 23:9	scudo	Il sacerdote Ioiadà diede ai capi delle centinaia le lance, gli scudi e gli scudi che erano del re Davide, che erano nella casa di Dio.
2CH 26:10	pianura	Edificò torri nel deserto e scavò molte cisterne, perché aveva molto bestiame, e nella pianura e nella pianura contadini e vignaiuoli, sui monti e sul Carmelo, perché amava la terra.
NEH 6:1	porta	Or avvenne che, quando Sanballat e Tobia e Ghesem l'Arabo e il resto dei nostri nemici seppero che io avevo costruito il muro e che in esso non era rimasta alcuna breccia, sebbene fino a quel tempo non avessi ancora messo le porte nei portoni,
NEH 9:32	dio	E ora, nostro Dio, il Dio grande, il potente e il terribile, che custodisci il patto e la benignità, non sia poco davanti al tuo volto tutta la fatica che ci ha colpiti, per i nostri re, per i nostri capi, per i nostri sacerdoti, per i nostri profeti, per i nostri padri e per tutto il tuo popolo, dai giorni dei re d'Assiria fino a questo giorno.
JOB 5:8	dio	Ma io mi rivolgerò a Dio, e a Dio affiderò la mia causa.
JOB 26:8	nuvola	Egli trattiene le acque nelle sue nuvole, e la nuvola non si squarcia sotto di esse.
JOB 37:6	pioggia	Poiché alla neve dice: "Sii sulla terra", e pioggia dirotta, e pioggia di forti acquazzoni della sua forza.
JOB 37:11	nuvola	Anche con l'umidità carica la nuvola; disperde la nuvola della sua luce.
JOB 39:23	lancia	Su di esso risuona la faretra, la lama della lancia e della lancia.
PSA 42:2	dio	L'anima mia ha sete di Dio, del Dio vivente; quando verrò e comparirò davanti al volto di Dio?
PSA 43:4	dio	E andrò all'altare di Dio, al Dio, gioia della mia gioia, e ti renderò grazie con la cetra, o Dio, Dio mio.
PSA 43:4	gioia	E andrò all'altare di Dio, al Dio, gioia della mia gioia, e ti renderò grazie con la cetra, o Dio, Dio mio.
PSA 44:13	scherno	Ci hai fatti oggetto di vituperio per i nostri vicini, di scherno e di scherno per quelli che ci stanno intorno.
PSA 48:14	eternità	Perché questo è Dio, il nostro Dio, in eternità e in eternità; egli ci guiderà fino alla morte.
PSA 51:8	gioia	Fammi udire gioia e letizia; gioiscano le ossa che hai spezzato.
PSA 57:2	dio	Io grido a Dio l'Altissimo, al Dio che compie per me.
PSA 62:3	muro	Fino a quando attaccherete un uomo? Voi tutti lo ucciderete, come un muro inclinato, un muro spinto giù.
PSA 71:4	mano	Dio mio, liberami dalla mano dell'empio, dalla mano del violento e del crudele.
PSA 71:6	ventre	Su di te mi sono appoggiato fin dal ventre; dal ventre di mia madre tu sei il mio sostegno; in te è la mia lode in continuo.
PSA 77:13	dio	O Dio, nel santo è la tua via; chi è un Dio grande come Dio?
PSA 78:19	dio	Parlarono contro Dio, dicendo: "Può Dio preparare una tavola nel deserto?"
PSA 79:4	scherno	Siamo diventati un vituperio per i nostri vicini, uno scherno e uno scherno per quelli che ci stanno intorno.
PSA 92:4	opera	Poiché mi hai rallegrato, o Eterno, con la tua opera; nelle opere delle tue mani esulterò.
PSA 102:26	vestito	Essi periranno, ma tu rimarrai; e tutti loro si logoreranno come un vestito; come un vestito li cambierai, ed essi passeranno.
PSA 104:5	eternità	Egli ha fondato la terra sui suoi luoghi; non sarà smossa in eternità e in eternità.
PSA 105:19	parola	Fino al tempo in cui venne la sua parola, la parola dell'Eterno lo raffinò.
PSA 119:142	giustizia	La tua giustizia è giustizia per l'eternità, e la tua legge è verità.
PSA 140:12	giudizio	Io so che l'Eterno farà il giudizio dell'afflitto, il giudizio dei poveri.
PSA 143:5	opera	Ho ricordato i giorni antichi; ho meditato su tutte le tue opere; sulle opere delle tue mani ho riflettuto.
PRO 5:19	cerva	Cerva d'amore e cerva di favore, il suo seno ti sazi in ogni tempo; nel suo amore ti diletti sempre con continuo diletto.
PRO 6:12	uomo	Un uomo scellerato, un uomo d'iniquità, cammina con perversità di bocca.
PRO 16:11	bilancia	La bilancia e le bilance del giudizio appartengono all'Eterno; opera sua sono tutte le pietre della borsa.
PRO 22:8	iniquità	Chi semina iniquità raccoglierà iniquità, e la verga della sua ira sarà distrutta.
PRO 26:21	carbone	Il carbone per i carboni, e gli alberi per il fuoco, e un uomo di contese per attizzare la lite.
PRO 28:8	usura	Chi accresce la sua ricchezza con usura e con usura, la raduna per chi è misericordioso verso i poveri.
ECC 1:14	vanità	Ho visto tutte le opere che si fanno sotto il sole, ed ecco, tutto è vanità e vanità di spirito.
ECC 2:11	vanità	Io mi volsi a tutte le opere che le mie mani avevano fatto e alla fatica che avevo faticato per compiere; ed ecco, tutto era vanità e vanità di spirito, e non c'era alcun profitto sotto il sole.
ECC 2:17	vanità	E ho odiato la vita, perché l'opera che si fa sotto il sole è per me un male, poiché tutto è vanità e vanità di spirito.
ECC 2:26	vanità	Poiché all'uomo che è buono davanti al suo volto, Dio dà sapienza, conoscenza e gioia; ma al peccatore dà l'occupazione di raccogliere e accumulare, per dare a chi è buono davanti al volto di Dio. Anche questo è vanità e vanità di spirito.
ECC 4:4	vanità	E io ho visto tutto la fatica e tutto il successo dell'opera, che essa è gelosia dell'uomo verso il suo prossimo; anche questo è vanità e vanità di spirito.
ECC 4:16	vanità	Non c'è fine a tutto il popolo, a tutti quelli che sono stati davanti al loro volto; anche gli ultimi non si rallegreranno in lui, perché anche questo è vanità e vanità di spirito.
ECC 6:9	vanità	Meglio è l'aspetto degli occhi che il vagare dell'anima; anche questo è vanità e vanità di spirito.
ECC 7:25	follia	Mi sono volto, io e il mio cuore, per conoscere e per investigare e per cercare sapienza e ragione, e per conoscere l'empietà del fianco e la follia della follia.
SNG 8:6	fiamma	Mettimi come un sigillo sul tuo cuore, come un sigillo sul tuo braccio; perché forte come la morte è l'amore, dura come il soggiorno dei morti è la gelosia; le sue fiamme sono fiamme di fuoco, una fiamma ardente dell'Eterno.
ISA 1:26	città	E ristabilirò i tuoi giudici come all'inizio, e i tuoi consiglieri come al principio; dopo di ciò sarai chiamata città della giustizia, città fedele.
ISA 3:22	mantello	Gli abiti di gala, e i mantelli, e i mantelli, e i borsellini.
ISA 4:6	rifugio	E vi sarà una capanna per ombra di giorno dall'arsura, e per rifugio e per rifugio dalla piena e dalla pioggia.
ISA 8:14	laccio	Sarà un santuario, e una pietra d'inciampo e una roccia d'inciampo per le due case d'Israele, un laccio e un laccio per l'abitante di Gerusalemme.
ISA 8:22	oscurità	Guarderà verso la terra, ed ecco angoscia e oscurità, oscurità di angoscia, e oscurità di esilio.
ISA 10:25	poco	Poiché ancora un poco, molto poco, e l'indignazione sarà finita, e la mia ira sarà sulla loro distruzione.
ISA 21:3	dolore	Perciò i miei fianchi sono pieni di dolore, dolori mi hanno afferrato, come i dolori di una partoriente; sono piegato dall'udire, sono sbigottito dal vedere.
ISA 22:2	città	Piena di fragore, città tumultuosa, città gioiosa; i tuoi uccisi non sono uccisi di spada, né morti di guerra.
ISA 30:6	angoscia	Oracolo sul bestiame del mezzogiorno: attraverso una terra di angoscia e di angoscia, da cui vengono il leone e il leone, la vipera e il serafino volante, portano sulle spalle dei puledri le loro ricchezze, e sulle gobbe dei cammelli i loro tesori, a un popolo che non gioverà.
ISA 30:6	leone	Oracolo sul bestiame del mezzogiorno: attraverso una terra di angoscia e di angoscia, da cui vengono il leone e il leone, la vipera e il serafino volante, portano sulle spalle dei puledri le loro ricchezze, e sulle gobbe dei cammelli i loro tesori, a un popolo che non gioverà.
ISA 33:11	stoppia	Concepite stoppia, partorite stoppia; il vostro respiro è un fuoco che vi consumerà.
ISA 35:10	gioia	I riscattati dell'Eterno ritorneranno e verranno a Sion con canti di gioia, e gioia eterna sarà sul loro capo; otterranno gioia e letizia, e fuggiranno dolore e gemito.
ISA 40:29	forza	Egli dà forza allo stanco, e a chi non ha forza accresce la forza.
ISA 42:7	prigione	per aprire gli occhi ciechi, per far uscire il prigioniero dalla prigione, dalla casa di prigione quelli che abitano nelle tenebre.
ISA 43:19	deserto	Ecco, io faccio una cosa nuova; ora germoglia, non la riconoscerete? Sì, porrò una via nel deserto, fiumi nel deserto.
ISA 45:1	porta	Così dice l'Eterno al suo unto, a Ciro, che io ho sostenuto per la sua destra, per soggiogare nazioni davanti al suo volto e per sciogliere i fianchi dei re; per aprire davanti al suo volto le porte, e le porte non saranno chiuse.
ISA 49:1	ventre	Ascoltatemi, o isole, e prestate attenzione, o popoli da lontano: l'Eterno mi ha chiamato dal ventre, dal ventre di mia madre ha menzionato il mio nome.
ISA 51:11	gioia	I riscattati dell'Eterno ritorneranno e verranno a Sion con grido, e gioia di eternità sul loro capo; otterranno gioia e gioia, fuggiranno dolore e gemito.
ISA 57:20	fango	E i malvagi sono come il mare agitato, poiché non può quietarsi, e le sue acque gettano fango e fango.
ISA 59:6	opera	Le loro ragnatele non diventeranno un vestito, né si copriranno con le loro opere; le loro opere sono opere di iniquità, e l'opera di violenza è nelle loro mani.
JER 4:23	vuoto	Ho visto la terra, ed ecco, era vuoto e vuoto, e i cieli, e la loro luce non c'era.
JER 10:11	terra	Così direte loro: "Gli dèi che non hanno fatto il cielo e la terra periranno dalla terra e da sotto questi cieli."
JER 24:9	proverbio	E li darò in tremore, in male, a tutti i regni della terra, in vituperio e in proverbio, in proverbio e in maledizione, in tutti i luoghi dove li scaccerò.
JER 30:5	terrore	Poiché così dice l'Eterno: "Una voce di terrore abbiamo udito, terrore e nessuna pace."
JER 45:3	dolore	Ho detto: "Guai a me, ora, perché l'Eterno ha aggiunto dolore al mio dolore; mi sono stancato nel mio gemito, e riposo non ho trovato."
JER 51:23	governatore	E ti farò a pezzi, pastore e suo gregge, e ti farò a pezzi, contadino e suo paio, e ti farò a pezzi, governatori e governatori.
JER 52:19	coppa	E i bacini, e i turiboli, e le coppe per libazione, e le pentole, e i candelabri, e le coppe, e le coppe, quelle d'oro in oro, e quelle d'argento in argento, il capo delle guardie prese.
LAM 3:39	uomo	Perché si lamenta un uomo vivente, un uomo per il suo peccato?
EZK 6:14	desolazione	Stenderò la mia mano contro di loro, e farò della terra una desolazione e una desolazione dal deserto di Dibla in tutte le loro dimore; e sapranno che io sono l'Eterno.
EZK 16:12	orecchino	E ti misi un orecchino sul tuo naso, e orecchini sui tuoi orecchi, e una corona di bellezza sul tuo capo.
EZK 19:2	leone	E dirai: "Che cosa era tua madre? Una leonessa tra i leoni si accovacciò; in mezzo a giovani leoni allevò i suoi leoncelli."
EZK 20:42	terra	Voi conoscerete che io sono l'Eterno, quando vi avrò condotti nella terra d'Israele, nella terra per la quale ho alzato la mia mano per darla ai vostri padri.
EZK 23:6	governatore	Vestiti di azzurro, governatori e governatori, tutti giovani desiderabili, cavalieri che cavalcano cavalli.
EZK 23:24	carro	Verranno contro di te con carri, carri e ruote, e con un'assemblea di popoli; brocchieri, scudi ed elmi porranno intorno a te, e darò davanti a loro il giudizio, e ti giudicheranno con i loro giudizi.
EZK 23:33	desolazione	Sarai piena di ebbrezza e di dolore, della coppa di desolazione e di desolazione, della coppa della tua sorella Samaria.
EZK 28:6	cuore	Perciò, così dice il Signore, l'Eterno: Poiché hai fatto il tuo cuore come il cuore di Dio,
EZK 33:28	desolazione	E renderò la terra una desolazione e una desolazione, e cesserà l'orgoglio della sua forza, e i monti d'Israele saranno desolati, senza che alcuno passi.
EZK 33:29	desolazione	E sapranno che io sono l'Eterno, quando avrò fatto della terra una desolazione e una desolazione, a causa di tutte le loro abominazioni che hanno commesso.
EZK 34:17	pecora	E voi, mie pecore, così dice il Signore, l'Eterno: "Ecco, io giudico tra pecora e pecora, tra i montoni e i capri."
EZK 34:22	pecora	Salverò le mie pecore, e non saranno più per bottino; e giudicherò tra pecora e pecora.
EZK 35:3	desolazione	E dirai a lui: "Così dice il Signore, l'Eterno: Ecco, io sono contro di te, monte Seir, e stenderò la mia mano contro di te, e ti ridurrò a desolazione e a desolazione."
EZK 38:4	scudo	Ti farò tornare, metterò uncini nelle tue guance, e ti condurrò fuori con tutto il tuo esercito, cavalli e cavalieri, tutti vestiti con piena armatura, una grande assemblea, con scudi e scudi, tutti impugnando spade.
EZK 39:9	scudo	Gli abitanti delle città d'Israele usciranno e bruceranno e accenderanno con armi, scudi e scudi, con archi e frecce, con bastoni da mano e giavellotti; e li bruceranno con fuoco per sette anni.
EZK 47:19	mezzogiorno	E il lato del mezzogiorno, verso il mezzogiorno, da Tamar fino alle acque della contesa di Kades, il torrente fino al mare grande; e il lato del mezzogiorno, verso il mezzogiorno.
EZK 48:28	mezzogiorno	E sul confine di Gad, verso il lato del mezzogiorno, a mezzogiorno, il confine sarà da Tamar alle acque della contesa di Kades, il torrente fino al mare grande.
DAN 3:3	governatore	Allora si radunarono i satrapi, i governatori, i governatori, i consiglieri, i tesorieri, i consiglieri, i prefetti, e tutti i governatori delle province per la dedicazione della statua che il re Nabucodònosor aveva eretto, e si presentarono davanti alla statua che Nabucodònosor aveva eretto.
DAN 6:15	decreto	Allora quegli uomini si precipitarono davanti al re e dissero al re: "Sappi, o re, che la legge dei Medi e dei Persiani è che ogni decreto e ogni decreto che il re stabilisce non può essere cambiato."
DAN 7:25	tempo	Pronuncerà parole contro l'Altissimo, e consumerà i santi dell'Altissimo; e penserà di cambiare i tempi e la legge; e saranno dati nella sua mano fino a un tempo, e tempi, e la metà di un tempo.
DAN 11:5	dominio	Il re del mezzogiorno si rafforzerà, e uno dei suoi capi; egli si rafforzerà su di lui e dominerà con grande dominio, e il suo dominio sarà un grande dominio.
DAN 11:24	bottino	Verrà nella prosperità e nel grasso della provincia, e farà ciò che non fecero i suoi padri né i padri dei suoi padri: bottino, bottino e beni spargerà per loro; e contro le fortezze mediterà i suoi pensieri, fino al tempo.
DAN 11:39	fortezza	E farà alle fortezze delle fortezze con un dio straniero, che riconoscerà; accrescerà la gloria, e li farà dominare su molti, e distribuirà la terra per un prezzo.
HOS 4:11	vino	La prostituzione e il vino e il vino dolce tolgono il cuore.
HOS 4:13	quercia	Sui capi dei monti sacrificano, e sulle colline bruciano incenso, sotto quercia, pioppo e quercia, perché buona è la sua ombra; perciò le vostre figlie si prostituiranno, e le vostre spose commetteranno adulterio.
JOL 2:23	pioggia	Figli di Sion, esultate e gioite nell'Eterno, vostro Dio, perché vi ha dato la pioggia per la giustizia, e ha fatto scendere su di voi pioggia, pioggia precoce e pioggia tardiva, come al principio.
JOL 2:25	bruco	Vi restituirò gli anni che hanno divorato la locusta, il bruco, il bruco e il bruco divoratore, il mio grande esercito che ho mandato contro di voi.
AMO 3:12	letto	Così dice l'Eterno: come il pastore salva dalla bocca del leone due gambe o un pezzo d'orecchio, così saranno salvati i figli d'Israele che abitano in Samaria, all'angolo del letto e sul letto di Damasco.
JON 2:8	vanità	Coloro che osservano le vanità della vanità abbandonano la loro benignità.
NAM 2:11	leone	Dov'è la dimora dei leoni e il pascolo che è per i giovani leoni, dove il leone, il leone e il leoncello del leone camminavano, e nessuno che spaventasse?
ZEP 2:13	deserto	Stenderà la sua mano contro il settentrione, e distruggerà l'Assiria, e farà di Ninive una desolazione, un deserto come il deserto.
ZEC 10:2	vanità	Poiché i terafim hanno parlato iniquità, e gli indovini hanno visto falsità; e sogni di vanità proferiscono, con vanità consolano; perciò sono andati via come pecore, sono afflitti perché non c'è pastore.