kind,reference
MISSING_IN_GOI,001_GEN_031_055
MISSING_IN_GOI,002_EXO_008_029
MISSING_IN_GOI,002_EXO_008_030
MISSING_IN_GOI,002_EXO_008_031
MISSING_IN_GOI,002_EXO_008_032
MISSING_IN_GOI,002_EXO_022_031
MISSING_IN_GOI,003_LEV_006_024
MISSING_IN_GOI,003_LEV_006_025
MISSING_IN_GOI,003_LEV_006_026
MISSING_IN_GOI,003_LEV_006_027
MISSING_IN_GOI,003_LEV_006_028
MISSING_IN_GOI,003_LEV_006_029
MISSING_IN_GOI,003_LEV_006_030
MISSING_IN_GOI,004_NUM_016_036
MISSING_IN_GOI,004_NUM_016_037
MISSING_IN_GOI,004_NUM_016_038
MISSING_IN_GOI,004_NUM_016_039
MISSING_IN_GOI,004_NUM_016_040
MISSING_IN_GOI,004_NUM_016_041
MISSING_IN_GOI,004_NUM_016_042
MISSING_IN_GOI,004_NUM_016_043
MISSING_IN_GOI,004_NUM_016_044
MISSING_IN_GOI,004_NUM_016_045
MISSING_IN_GOI,004_NUM_016_046
MISSING_IN_GOI,004_NUM_016_047
MISSING_IN_GOI,004_NUM_016_048
MISSING_IN_GOI,004_NUM_016_049
MISSING_IN_GOI,004_NUM_016_050
MISSING_IN_GOI,004_NUM_029_040
MISSING_IN_GOI,005_DEU_012_032
MISSING_IN_GOI,005_DEU_022_030
MISSING_IN_GOI,005_DEU_029_029
MISSING_IN_GOI,009_1SA_023_029
MISSING_IN_GOI,010_2SA_018_033
MISSING_IN_GOI,011_1KI_004_021
MISSING_IN_GOI,011_1KI_004_022
MISSING_IN_GOI,011_1KI_004_023
MISSING_IN_GOI,011_1KI_004_024
MISSING_IN_GOI,011_1KI_004_025
MISSING_IN_GOI,011_1KI_004_026
MISSING_IN_GOI,011_1KI_004_027
MISSING_IN_GOI,011_1KI_004_028
MISSING_IN_GOI,011_1KI_004_029
MISSING_IN_GOI,011_1KI_004_030
MISSING_IN_GOI,011_1KI_004_031
MISSING_IN_GOI,011_1KI_004_032
MISSING_IN_GOI,011_1KI_004_033
MISSING_IN_GOI,011_1KI_004_034
MISSING_IN_GOI,012_2KI_011_021
MISSING_IN_GOI,013_1CH_006_067
MISSING_IN_GOI,013_1CH_006_068
MISSING_IN_GOI,013_1CH_006_069
MISSING_IN_GOI,013_1CH_006_070
MISSING_IN_GOI,013_1CH_006_071
MISSING_IN_GOI,013_1CH_006_072
MISSING_IN_GOI,013_1CH_006_073
MISSING_IN_GOI,013_1CH_006_074
MISSING_IN_GOI,013_1CH_006_075
MISSING_IN_GOI,013_1CH_006_076
MISSING_IN_GOI,013_1CH_006_077
MISSING_IN_GOI,013_1CH_006_078
MISSING_IN_GOI,013_1CH_006_079
MISSING_IN_GOI,013_1CH_006_080
MISSING_IN_GOI,013_1CH_006_081
MISSING_IN_GOI,014_2CH_002_018
MISSING_IN_GOI,014_2CH_014_015
MISSING_IN_GOI,016_NEH_004_018
MISSING_IN_GOI,016_NEH_004_019
MISSING_IN_GOI,016_NEH_004_020
MISSING_IN_GOI,016_NEH_004_021
MISSING_IN_GOI,016_NEH_004_022
MISSING_IN_GOI,016_NEH_004_023
MISSING_IN_GOI,016_NEH_007_073
MISSING_IN_GOI,016_NEH_009_038
MISSING_IN_GOI,018_JOB_041_027
MISSING_IN_GOI,018_JOB_041_028
MISSING_IN_GOI,018_JOB_041_029
MISSING_IN_GOI,018_JOB_041_030
MISSING_IN_GOI,018_JOB_041_031
MISSING_IN_GOI,018_JOB_041_032
MISSING_IN_GOI,018_JOB_041_033
MISSING_IN_GOI,018_JOB_041_034
MISSING_IN_GOI,021_ECC_005_020
MISSING_IN_GOI,022_SNG_006_013
MISSING_IN_GOI,023_ISA_009_021
MISSING_IN_GOI,023_ISA_064_012
MISSING_IN_GOI,024_JER_009_026
MISSING_IN_GOI,026_EZK_020_045
MISSING_IN_GOI,026_EZK_020_046
MISSING_IN_GOI,026_EZK_020_047
MISSING_IN_GOI,026_EZK_020_048
MISSING_IN_GOI,026_EZK_020_049
MISSING_IN_GOI,027_DAN_004_035
MISSING_IN_GOI,027_DAN_004_036
MISSING_IN_GOI,027_DAN_004_037
MISSING_IN_GOI,027_DAN_005_031
MISSING_IN_GOI,028_HOS_001_010
MISSING_IN_GOI,028_HOS_001_011
MISSING_IN_GOI,028_HOS_011_012
MISSING_IN_GOI,028_HOS_013_016
MISSING_IN_GOI,029_JOL_002_028
MISSING_IN_GOI,029_JOL_002_029
MISSING_IN_GOI,029_JOL_002_030
MISSING_IN_GOI,029_JOL_002_031
MISSING_IN_GOI,029_JOL_002_032
MISSING_IN_GOI,032_JON_001_017
MISSING_IN_GOI,033_MIC_005_015
MISSING_IN_GOI,034_NAM_001_015
MISSING_IN_GOI,038_ZEC_001_018
MISSING_IN_GOI,038_ZEC_001_019
MISSING_IN_GOI,038_ZEC_001_020
MISSING_IN_GOI,038_ZEC_001_021
EXTRA_IN_GOI,001_GEN_032_033
EXTRA_IN_GOI,002_EXO_007_026
EXTRA_IN_GOI,002_EXO_007_027
EXTRA_IN_GOI,002_EXO_007_028
EXTRA_IN_GOI,002_EXO_007_029
EXTRA_IN_GOI,002_EXO_021_037
EXTRA_IN_GOI,003_LEV_005_020
EXTRA_IN_GOI,003_LEV_005_021
EXTRA_IN_GOI,003_LEV_005_022
EXTRA_IN_GOI,003_LEV_005_023
EXTRA_IN_GOI,003_LEV_005_024
EXTRA_IN_GOI,003_LEV_005_025
EXTRA_IN_GOI,003_LEV_005_026
EXTRA_IN_GOI,004_NUM_017_014
EXTRA_IN_GOI,004_NUM_017_015
EXTRA_IN_GOI,004_NUM_017_016
EXTRA_IN_GOI,004_NUM_017_017
EXTRA_IN_GOI,004_NUM_017_018
EXTRA_IN_GOI,004_NUM_017_019
EXTRA_IN_GOI,004_NUM_017_020
EXTRA_IN_GOI,004_NUM_017_021
EXTRA_IN_GOI,004_NUM_017_022
EXTRA_IN_GOI,004_NUM_017_023
EXTRA_IN_GOI,004_NUM_017_024
EXTRA_IN_GOI,004_NUM_017_025
EXTRA_IN_GOI,004_NUM_017_026
EXTRA_IN_GOI,004_NUM_017_027
EXTRA_IN_GOI,004_NUM_017_028
EXTRA_IN_GOI,004_NUM_025_019
EXTRA_IN_GOI,004_NUM_030_017
EXTRA_IN_GOI,005_DEU_013_019
EXTRA_IN_GOI,005_DEU_023_026
EXTRA_IN_GOI,005_DEU_028_069
EXTRA_IN_GOI,009_1SA_021_016
EXTRA_IN_GOI,009_1SA_024_023
EXTRA_IN_GOI,010_2SA_019_044
EXTRA_IN_GOI,011_1KI_005_019
EXTRA_IN_GOI,011_1KI_005_020
EXTRA_IN_GOI,011_1KI_005_021
EXTRA_IN_GOI,011_1KI_005_022
EXTRA_IN_GOI,011_1KI_005_023
EXTRA_IN_GOI,011_1KI_005_024
EXTRA_IN_GOI,011_1KI_005_025
EXTRA_IN_GOI,011_1KI_005_026
EXTRA_IN_GOI,011_1KI_005_027
EXTRA_IN_GOI,011_1KI_005_028
EXTRA_IN_GOI,011_1KI_005_029
EXTRA_IN_GOI,011_1KI_005_030
EXTRA_IN_GOI,011_1KI_005_031
EXTRA_IN_GOI,011_1KI_005_032
EXTRA_IN_GOI,011_1KI_023_001
EXTRA_IN_GOI,012_2KI_012_022
EXTRA_IN_GOI,013_1CH_005_027
EXTRA_IN_GOI,013_1CH_005_028
EXTRA_IN_GOI,013_1CH_005_029
EXTRA_IN_GOI,013_1CH_005_030
EXTRA_IN_GOI,013_1CH_005_031
EXTRA_IN_GOI,013_1CH_005_032
EXTRA_IN_GOI,013_1CH_005_033
EXTRA_IN_GOI,013_1CH_005_034
EXTRA_IN_GOI,013_1CH_005_035
EXTRA_IN_GOI,013_1CH_005_036
EXTRA_IN_GOI,013_1CH_005_037
EXTRA_IN_GOI,013_1CH_005_038
EXTRA_IN_GOI,013_1CH_005_039
EXTRA_IN_GOI,013_1CH_005_040
EXTRA_IN_GOI,013_1CH_005_041
EXTRA_IN_GOI,013_1CH_012_041
EXTRA_IN_GOI,014_2CH_001_018
EXTRA_IN_GOI,014_2CH_013_023
EXTRA_IN_GOI,016_NEH_003_033
EXTRA_IN_GOI,016_NEH_003_034
EXTRA_IN_GOI,016_NEH_003_035
EXTRA_IN_GOI,016_NEH_003_036
EXTRA_IN_GOI,016_NEH_003_037
EXTRA_IN_GOI,016_NEH_003_038
EXTRA_IN_GOI,016_NEH_010_040
EXTRA_IN_GOI,018_JOB_040_025
EXTRA_IN_GOI,018_JOB_040_026
EXTRA_IN_GOI,018_JOB_040_027
EXTRA_IN_GOI,018_JOB_040_028
EXTRA_IN_GOI,018_JOB_040_029
EXTRA_IN_GOI,018_JOB_040_030
EXTRA_IN_GOI,018_JOB_040_031
EXTRA_IN_GOI,018_JOB_040_032
EXTRA_IN_GOI,019_PSA_003_009
EXTRA_IN_GOI,019_PSA_004_009
EXTRA_IN_GOI,019_PSA_005_013
EXTRA_IN_GOI,019_PSA_006_011
EXTRA_IN_GOI,019_PSA_007_018
EXTRA_IN_GOI,019_PSA_008_010
EXTRA_IN_GOI,019_PSA_009_021
EXTRA_IN_GOI,019_PSA_012_009
EXTRA_IN_GOI,019_PSA_018_051
EXTRA_IN_GOI,019_PSA_019_015
EXTRA_IN_GOI,019_PSA_020_010
EXTRA_IN_GOI,019_PSA_021_014
EXTRA_IN_GOI,019_PSA_022_032
EXTRA_IN_GOI,019_PSA_030_013
EXTRA_IN_GOI,019_PSA_031_025
EXTRA_IN_GOI,019_PSA_034_023
EXTRA_IN_GOI,019_PSA_036_013
EXTRA_IN_GOI,019_PSA_038_023
EXTRA_IN_GOI,019_PSA_039_014
EXTRA_IN_GOI,019_PSA_040_018
EXTRA_IN_GOI,019_PSA_041_014
EXTRA_IN_GOI,019_PSA_042_012
EXTRA_IN_GOI,019_PSA_044_027
EXTRA_IN_GOI,019_PSA_045_018
EXTRA_IN_GOI,019_PSA_046_012
EXTRA_IN_GOI,019_PSA_047_010
EXTRA_IN_GOI,019_PSA_048_015
EXTRA_IN_GOI,019_PSA_049_021
EXTRA_IN_GOI,019_PSA_051_020
EXTRA_IN_GOI,019_PSA_051_021
EXTRA_IN_GOI,019_PSA_052_010
EXTRA_IN_GOI,019_PSA_052_011
EXTRA_IN_GOI,019_PSA_053_007
EXTRA_IN_GOI,019_PSA_054_008
EXTRA_IN_GOI,019_PSA_054_009
EXTRA_IN_GOI,019_PSA_055_024
EXTRA_IN_GOI,019_PSA_056_014
EXTRA_IN_GOI,019_PSA_057_012
EXTRA_IN_GOI,019_PSA_058_012
EXTRA_IN_GOI,019_PSA_059_018
EXTRA_IN_GOI,019_PSA_060_013
EXTRA_IN_GOI,019_PSA_060_014
EXTRA_IN_GOI,019_PSA_061_009
EXTRA_IN_GOI,019_PSA_062_013
EXTRA_IN_GOI,019_PSA_063_012
EXTRA_IN_GOI,019_PSA_064_011
EXTRA_IN_GOI,019_PSA_065_014
EXTRA_IN_GOI,019_PSA_067_008
EXTRA_IN_GOI,019_PSA_068_036
EXTRA_IN_GOI,019_PSA_069_037
EXTRA_IN_GOI,019_PSA_070_006
EXTRA_IN_GOI,019_PSA_075_011
EXTRA_IN_GOI,019_PSA_076_013
EXTRA_IN_GOI,019_PSA_077_021
EXTRA_IN_GOI,019_PSA_080_020
EXTRA_IN_GOI,019_PSA_081_017
EXTRA_IN_GOI,019_PSA_083_019
EXTRA_IN_GOI,019_PSA_084_013
EXTRA_IN_GOI,019_PSA_085_014
EXTRA_IN_GOI,019_PSA_088_019
EXTRA_IN_GOI,019_PSA_089_053
EXTRA_IN_GOI,019_PSA_092_016
EXTRA_IN_GOI,019_PSA_102_029
EXTRA_IN_GOI,019_PSA_108_014
EXTRA_IN_GOI,019_PSA_140_014
EXTRA_IN_GOI,019_PSA_142_008
EXTRA_IN_GOI,021_ECC_004_017
EXTRA_IN_GOI,022_SNG_007_014
EXTRA_IN_GOI,023_ISA_008_023
EXTRA_IN_GOI,024_JER_008_023
EXTRA_IN_GOI,026_EZK_021_033
EXTRA_IN_GOI,026_EZK_021_034
EXTRA_IN_GOI,026_EZK_021_035
EXTRA_IN_GOI,026_EZK_021_036
EXTRA_IN_GOI,026_EZK_021_037
EXTRA_IN_GOI,027_DAN_003_031
EXTRA_IN_GOI,027_DAN_003_032
EXTRA_IN_GOI,027_DAN_003_033
EXTRA_IN_GOI,027_DAN_006_029
EXTRA_IN_GOI,028_HOS_002_024
EXTRA_IN_GOI,028_HOS_002_025
EXTRA_IN_GOI,028_HOS_012_015
EXTRA_IN_GOI,028_HOS_014_010
EXTRA_IN_GOI,029_JOL_004_001
EXTRA_IN_GOI,029_JOL_004_002
EXTRA_IN_GOI,029_JOL_004_003
EXTRA_IN_GOI,029_JOL_004_004
EXTRA_IN_GOI,029_JOL_004_005
EXTRA_IN_GOI,032_JON_002_011
EXTRA_IN_GOI,033_MIC_004_014
EXTRA_IN_GOI,034_NAM_002_014
EXTRA_IN_GOI,038_ZEC_002_014
EXTRA_IN_GOI,038_ZEC_002_015
EXTRA_IN_GOI,038_ZEC_002_016
EXTRA_IN_GOI,038_ZEC_002_017
