ref	src	yhwh	adonai	pair	it_Eterno	it_Signore	flags	italian	hebrew
EXO 23:17	canon	1	0	0	1	1	S_STRAY	Tre volte all'anno comparirà ogni tuo maschio davanti al volto del Signore, l'Eterno.	שָׁלֹ֥שׁ פְּעָמִ֖ים בַּשָּׁנָ֑ה יֵרָאֶה֙ כָּל זְכ֣וּרְךָ֔ אֶל פְּנֵ֖י הָאָדֹ֥ן יְהוָֽה
EXO 34:23	canon	1	0	0	1	1	S_STRAY	Tre volte all'anno comparirà ogni tuo maschio davanti al volto del Signore, l'Eterno, Dio d'Israele.	שָׁלֹ֥שׁ פְּעָמִ֖ים בַּשָּׁנָ֑ה יֵרָאֶה֙ כָּל זְכ֣וּרְךָ֔ אֶת פְּנֵ֛י הָֽאָדֹ֥ן יְהוָ֖ה אֱלֹהֵ֥י יִשְׂרָאֵֽל
DEU 10:17	canon	1	0	0	1	1	S_STRAY	Perché l'Eterno, il vostro Dio, è il Dio degli dèi e il Signore dei signori, il Dio grande, il potente e il terribile, che non alza il volto e non prende tangente.	כִּ֚י יְהוָ֣ה אֱלֹֽהֵיכֶ֔ם ה֚וּא אֱלֹהֵ֣י הָֽאֱלֹהִ֔ים וַאֲדֹנֵ֖י הָאֲדֹנִ֑ים הָאֵ֨ל הַגָּדֹ֤ל הַגִּבֹּר֙ וְהַנּוֹרָ֔א אֲשֶׁר֙ לֹא יִשָּׂ֣א פָנִ֔ים וְלֹ֥א יִקַּ֖ח שֹֽׁחַד
JOS 3:11	canon	0	0	0	0	1	S_STRAY	Ecco l'arca del patto, il Signore di tutta la terra, passa davanti a voi nel Giordano.	הִנֵּה֙ אֲר֣וֹן הַבְּרִ֔ית אֲד֖וֹן כָּל הָאָ֑רֶץ עֹבֵ֥ר לִפְנֵיכֶ֖ם בַּיַּרְדֵּֽן
JOS 3:13	quarantine	1	0	0	1	1	S_STRAY	E avverrà che quando le piante dei piedi dei sacerdoti che portano l'arca dell'Eterno, Signore di tutta la terra, si poseranno nelle acque del Giordano, le acque del Giordano saranno tagliate, le acque che scendono dall'alto, e si fermeranno in un unico mucchio.	וְהָיָ֡ה כְּנ֣וֹחַ כַּפּ֣וֹת רַגְלֵ֣י הַכֹּהֲנִ֡ים נֹשְׂאֵי֩ אֲר֨וֹן יְהוָ֜ה אֲד֤וֹן כָּל הָאָ֨רֶץ֙ בְּמֵ֣י הַיַּרְדֵּ֔ן מֵ֤י הַיַּרְדֵּן֙ יִכָּ֣רֵת֔וּן הַמַּ֥יִם הַיֹּרְדִ֖ים מִלְמָ֑עְלָה וְיַעַמְד֖וּ נֵ֥ד אֶחָֽד
JOS 5:14	canon	1	0	0	1	1	S_STRAY	"Ed egli disse: ""No, perché io sono il capo dell'esercito dell'Eterno; ora sono venuto."" E Giosuè cadde con il volto a terra, si prostrò e gli disse: ""Che cosa dice il mio Signore al suo servo?"""	וַיֹּ֣אמֶר לֹ֗א כִּ֛י אֲנִ֥י שַׂר צְבָֽא יְהוָ֖ה עַתָּ֣ה בָ֑אתִי וַיִּפֹּל֩ יְהוֹשֻׁ֨עַ אֶל פָּנָ֥יו אַ֨רְצָה֙ וַיִּשְׁתָּ֔חוּ וַיֹּ֣אמֶר ל֔וֹ מָ֥ה אֲדֹנִ֖י מְדַבֵּ֥ר אֶל עַבְדּֽוֹ
JDG 13:8	canon	1	0	0	1	1	S_STRAY	"Manoach supplicò l'Eterno e disse: ""O Signore mio, l'uomo di Dio che hai mandato venga ancora a noi e ci insegni che cosa dobbiamo fare per il giovane che nascerà."""	וַיֶּעְתַּ֥ר מָנ֛וֹחַ אֶל יְהוָ֖ה וַיֹּאמַ֑ר בִּ֣י אֲדוֹנָ֔י אִ֣ישׁ הָאֱלֹהִ֞ים אֲשֶׁ֣ר שָׁלַ֗חְתָּ יָבוֹא נָ֥א עוֹד֙ אֵלֵ֔ינוּ וְיוֹרֵ֕נוּ מַֽה נַּעֲשֶׂ֖ה לַנַּ֥עַר הַיּוּלָּֽד
NEH 8:10	canon	1	0	0	1	1	S_STRAY	Andate, mangiate del grasso, bevete della dolcezza, e mandate porzioni a chi non ha nulla di preparato, perché il giorno è santo per il nostro Signore; e non siate tristi, perché la gioia dell'Eterno è la vostra fortezza.	וַיֹּ֣אמֶר לָהֶ֡ם לְכוּ֩ אִכְל֨וּ מַשְׁמַנִּ֜ים וּשְׁת֣וּ מַֽמְתַקִּ֗ים וְשִׁלְח֤וּ מָנוֹת֙ לְאֵ֣ין נָכ֣וֹן ל֔וֹ כִּֽי קָד֥וֹשׁ הַיּ֖וֹם לַאֲדֹנֵ֑ינוּ וְאַל תֵּ֣עָצֵ֔בוּ כִּֽי חֶדְוַ֥ת יְהוָ֖ה הִ֥יא מָֽעֻזְּכֶֽם
NEH 10:29	canon	1	0	0	1	1	S_STRAY	Tenendo fermamente ai loro fratelli, i loro nobili, e venendo con maledizione e giuramento per camminare nella legge di Dio, che fu data per mano di Mosè, servo di Dio, e per osservare e mettere in pratica tutti i comandamenti dell'Eterno, nostro Signore, e i suoi giudizi e i suoi statuti.	מַחֲזִיקִ֣ים עַל אֲחֵיהֶם֮ אַדִּירֵיהֶם֒ וּבָאִ֞ים בְּאָלָ֣ה וּבִשְׁבוּעָ֗ה לָלֶ֨כֶת֙ בְּתוֹרַ֣ת הָאֱלֹהִ֔ים אֲשֶׁ֣ר נִתְּנָ֔ה בְּיַ֖ד מֹשֶׁ֣ה עֶֽבֶד הָֽאֱלֹהִ֑ים וְלִשְׁמ֣וֹר וְלַעֲשׂ֗וֹת אֶת כָּל מִצְוֺת֙ יְהוָ֣ה אֲדֹנֵ֔ינוּ וּמִשְׁפָּטָ֖יו וְחֻקָּֽיו
PSA 8:1	canon	1	0	0	1	1	S_STRAY	Al maestro del coro, sopra Ghittea, salmo di Davide. O Eterno, Signore nostro, quanto è magnifico il tuo nome in tutta la terra, tu che hai posto la tua maestà sopra i cieli!	לַמְנַצֵּ֥חַ עַֽל הַגִּתִּ֗ית מִזְמ֥וֹר לְדָוִֽד יְהוָ֤ה אֲדֹנֵ֗ינוּ מָֽה אַדִּ֣יר שִׁ֭מְךָ בְּכָל הָאָ֑רֶץ אֲשֶׁ֥ר תְּנָ֥ה ה֝וֹדְךָ֗ עַל הַשָּׁמָֽיִם
PSA 8:9	canon	1	0	0	1	1	S_STRAY	O Eterno, Signore nostro, quanto è magnifico il tuo nome in tutta la terra!	יְהוָ֥ה אֲדֹנֵ֑ינוּ מָֽה אַדִּ֥יר שִׁ֝מְךָ֗ בְּכָל הָאָֽרֶץ
PSA 97:5	canon	1	0	0	1	1	S_STRAY	I monti si sciolsero come cera davanti al volto dell'Eterno, davanti al volto del Signore di tutta la terra.	הָרִ֗ים כַּדּוֹנַ֗ג נָ֭מַסּוּ מִלִּפְנֵ֣י יְהוָ֑ה מִ֝לִּפְנֵ֗י אֲד֣וֹן כָּל הָאָֽרֶץ
PSA 135:5	canon	1	0	0	1	1	S_STRAY	Poiché io so che grande è l'Eterno, e il nostro Signore è al di sopra di tutti gli dèi.	כִּ֤י אֲנִ֣י יָ֭דַעְתִּי כִּי גָד֣וֹל יְהוָ֑ה וַ֝אֲדֹנֵ֗ינוּ מִכָּל אֱלֹהִֽים
PSA 147:5	canon	0	0	0	0	1	S_STRAY	Grande è il nostro Signore e grande è la sua forza; al suo intendimento non c'è numero.	גָּד֣וֹל אֲדוֹנֵ֣ינוּ וְרַב כֹּ֑חַ לִ֝תְבוּנָת֗וֹ אֵ֣ין מִסְפָּֽר
SNG 8:6	canon	0	0	0	1	0	E_STRAY	Mettimi come un sigillo sul tuo cuore, come un sigillo sul tuo braccio; perché forte come la morte è l'amore, dura come il soggiorno dei morti è la gelosia; le sue fiamme sono fiamme di fuoco, una fiamma ardente dell'Eterno.	שִׂימֵ֨נִי כַֽחוֹתָ֜ם עַל לִבֶּ֗ךָ כַּֽחוֹתָם֙ עַל זְרוֹעֶ֔ךָ כִּֽי עַזָּ֤ה כַמָּ֨וֶת֙ אַהֲבָ֔ה קָשָׁ֥ה כִשְׁא֖וֹל קִנְאָ֑ה רְשָׁפֶ֕יהָ רִשְׁפֵּ֕י אֵ֖שׁ שַׁלְהֶ֥בֶתְ יָֽה
ISA 1:24	canon	1	0	0	1	1	S_STRAY	"Perciò, oracolo del Signore, l'Eterno degli eserciti, il Forte d'Israele: ""Guai, mi vendicherò dei miei nemici e mi vendicherò dei miei avversari."""	לָכֵ֗ן נְאֻ֤ם הָֽאָדוֹן֙ יְהוָ֣ה צְבָא֔וֹת אֲבִ֖יר יִשְׂרָאֵ֑ל ה֚וֹי אֶנָּחֵ֣ם מִצָּרַ֔י וְאִנָּקְמָ֖ה מֵאוֹיְבָֽי
ISA 3:1	canon	1	0	0	1	1	S_STRAY	Poiché ecco, il Signore, l'Eterno degli eserciti, toglie da Gerusalemme e da Giuda sostegno e bastone, ogni sostegno di pane e ogni sostegno d'acqua.	כִּי֩ הִנֵּ֨ה הָאָד֜וֹן יְהוָ֣ה צְבָא֗וֹת מֵסִ֤יר מִירוּשָׁלִַ֨ם֙ וּמִ֣יהוּדָ֔ה מַשְׁעֵ֖ן וּמַשְׁעֵנָ֑ה כֹּ֚ל מִשְׁעַן לֶ֔חֶם וְכֹ֖ל מִשְׁעַן מָֽיִם
ISA 10:16	canon	1	0	0	1	1	S_STRAY	Perciò il Signore, l'Eterno degli eserciti, manderà consunzione nel suo grasso, e sotto la sua gloria arderà un incendio come incendio di fuoco.	לָ֠כֵן יְשַׁלַּ֨ח הָאָד֜וֹן יְהוָ֧ה צְבָא֛וֹת בְּמִשְׁמַנָּ֖יו רָז֑וֹן וְתַ֧חַת כְּבֹד֛וֹ יֵקַ֥ד יְקֹ֖ד כִּיק֥וֹד אֵֽשׁ
ISA 19:4	canon	1	0	0	1	1	S_STRAY	E consegnerò l'Egitto in mano di signori duri, e un re forte dominerà su di loro, oracolo del Signore, l'Eterno degli eserciti.	וְסִכַּרְתִּי֙ אֶת מִצְרַ֔יִם בְּיַ֖ד אֲדֹנִ֣ים קָשֶׁ֑ה וּמֶ֤לֶךְ עַז֙ יִמְשָׁל בָּ֔ם נְאֻ֥ם הָאָד֖וֹן יְהוָ֥ה צְבָאֽוֹת
ISA 51:22	canon	1	0	0	1	1	S_STRAY	Così dice il tuo Signore, l'Eterno, e il tuo Dio, che difende la causa del suo popolo: Ecco, ho tolto dalla tua mano la coppa dello stordimento, la feccia della coppa del mio furore; tu non la berrai più.	כֹּֽה אָמַ֞ר אֲדֹנַ֣יִךְ יְהוָ֗ה וֵאלֹהַ֨יִךְ֙ יָרִ֣יב עַמּ֔וֹ הִנֵּ֥ה לָקַ֛חְתִּי מִיָּדֵ֖ךְ אֶת כּ֣וֹס הַתַּרְעֵלָ֑ה אֶת קֻבַּ֨עַת֙ כּ֣וֹס חֲמָתִ֔י לֹא תוֹסִ֥יפִי לִשְׁתּוֹתָ֖הּ עֽוֹד
DAN 2:47	canon	0	0	0	0	1	S_STRAY	"Il re rispose a Daniele e disse: ""In verità, il vostro Dio è il Dio degli dèi e il Signore dei re, e colui che rivela i segreti, poiché hai potuto rivelare questo segreto."""	עָנֵה֩ מַלְכָּ֨א לְדָנִיֵּ֜אל וְאָמַ֗ר מִן קְשֹׁט֙ דִּ֣י אֱלָהֲכ֗וֹן ה֣וּא אֱלָ֧הּ אֱלָהִ֛ין וּמָרֵ֥א מַלְכִ֖ין וְגָלֵ֣ה רָזִ֑ין דִּ֣י יְכֵ֔לְתָּ לְמִגְלֵ֖א רָזָ֥ה דְנָֽה
HOS 12:14	canon	0	0	0	0	1	S_STRAY	Efraim ha provocato con amaritudine, e il suo sangue ricadrà su di lui; il suo Signore gli restituirà il suo vituperio.	הִכְעִ֥יס אֶפְרַ֖יִם תַּמְרוּרִ֑ים וְדָמָיו֙ עָלָ֣יו יִטּ֔וֹשׁ וְחֶ֨רְפָּת֔וֹ יָשִׁ֥יב ל֖וֹ אֲדֹנָֽיו
MAL 3:1	canon	1	0	0	1	1	S_STRAY	Ecco, io mando il mio angelo, ed egli preparerà la via davanti al mio volto; e subito verrà al suo tempio il Signore che voi cercate, e l'angelo del patto che voi desiderate: ecco, egli viene, dice l'Eterno degli eserciti.	הִנְנִ֤י שֹׁלֵחַ֙ מַלְאָכִ֔י וּפִנָּה דֶ֖רֶךְ לְפָנָ֑י וּפִתְאֹם֩ יָב֨וֹא אֶל הֵיכָל֜וֹ הָאָד֣וֹן אֲשֶׁר אַתֶּ֣ם מְבַקְשִׁ֗ים וּמַלְאַ֨ךְ הַבְּרִ֜ית אֲשֶׁר אַתֶּ֤ם חֲפֵצִים֙ הִנֵּה בָ֔א אָמַ֖ר יְהוָ֥ה צְבָאֽוֹת
