book	chapter	verse	reason	detail	at
GEN	2	19	anchor	missing: anima	2026-10-03T19:13:03.046007+00:00
GEN	3	19	anchor	missing: ira	2026-10-03T19:13:47.024159+00:00
GEN	4	3	anchor	missing: fine, giorno	2026-10-03T19:14:00.656114+00:00
GEN	4	4	anchor	missing: pecora	2026-10-03T19:14:07.768021+00:00
GEN	4	14	anchor	missing: giorno, tutto	2026-10-03T19:14:30.274102+00:00
GEN	4	15	anchor	missing: tutto, tutto	2026-10-03T19:14:36.329157+00:00
GEN	5	32	anchor	missing: figlio	2026-10-03T19:15:32.491295+00:00
GEN	7	6	anchor	missing: figlio	2026-10-03T19:16:17.326062+00:00
GEN	7	22	anchor	missing: ira	2026-10-03T19:16:49.998693+00:00
GEN	8	5	anchor	missing: capo	2026-10-03T19:17:07.099077+00:00
GEN	11	3	anchor	missing: uomo	2026-10-03T19:18:49.344805+00:00
GEN	12	8	anchor	missing: mare	2026-10-03T19:19:41.417398+00:00
GEN	12	20	anchor	missing: donna	2026-10-03T19:20:00.509933+00:00
GEN	13	9	anchor	missing: terra	2026-10-03T19:20:20.101010+00:00
GEN	14	8	anchor	missing: guerra	2026-10-03T19:20:52.640318+00:00
GEN	15	17	anchor	missing: fumo	2026-10-03T19:21:50.898160+00:00
GEN	17	21	anchor	missing: tenda di convegno	2026-10-03T19:23:06.952637+00:00
GEN	17	23	anchor	missing: osso	2026-10-03T19:23:15.027731+00:00
GEN	17	26	anchor	missing: osso	2026-10-03T19:23:23.191742+00:00
GEN	18	12	anchor	missing: mezzo	2026-10-03T19:23:44.612928+00:00
GEN	18	25	anchor	missing: parola	2026-10-03T19:24:05.466971+00:00
GEN	19	26	anchor	missing: donna	2026-10-03T19:25:01.308154+00:00
GEN	19	29	anchor	missing: talento	2026-10-03T19:25:10.734017+00:00
GEN	21	6	anchor	missing: tutto	2026-10-03T19:26:10.296247+00:00
GEN	21	26	anchor	missing: giorno	2026-10-03T19:26:53.573393+00:00
GEN	21	28	anchor	missing: pecora	2026-10-03T19:26:59.712257+00:00
GEN	22	3	anchor	missing: albero	2026-10-03T19:27:19.737184+00:00
GEN	22	14	anchor	missing: giorno	2026-10-03T19:27:39.228380+00:00
GEN	23	13	anchor	missing: orecchio	2026-10-03T19:28:13.903794+00:00
GEN	23	17	anchor	missing: volto	2026-10-03T19:28:23.207734+00:00
GEN	24	12	anchor	missing: giorno	2026-10-03T19:28:54.317710+00:00
GEN	24	42	anchor	missing: giorno	2026-10-03T19:29:43.852351+00:00
GEN	24	45	anchor	missing: occhio	2026-10-03T19:29:52.406974+00:00
GEN	24	47	anchor	missing: ira	2026-10-03T19:30:02.345603+00:00
GEN	24	54	anchor	missing: mattina	2026-10-03T19:30:18.268589+00:00
GEN	25	9	anchor	missing: volto	2026-10-03T19:31:03.299552+00:00
GEN	25	31	anchor	missing: giorno	2026-10-03T19:31:40.891408+00:00
GEN	25	33	anchor	missing: giorno	2026-10-03T19:31:46.654163+00:00
GEN	26	1	anchor	missing: solo	2026-10-03T19:31:55.900771+00:00
GEN	26	7	anchor	missing: donna, donna	2026-10-03T19:32:10.753686+00:00
GEN	26	32	anchor	missing: motivo	2026-10-03T19:32:49.850692+00:00
GEN	29	25	anchor	missing: mattina	2026-10-03T19:35:37.760583+00:00
GEN	30	32	anchor	missing: giorno	2026-10-03T19:36:54.960496+00:00
GEN	31	7	anchor	missing: tempo	2026-10-03T19:37:33.698521+00:00
GEN	31	41	anchor	missing: tempo	2026-10-03T19:38:33.965072+00:00
GEN	31	43	anchor	missing: giorno	2026-10-03T19:38:43.563045+00:00
GEN	31	48	anchor	missing: giorno	2026-10-03T19:38:53.202632+00:00
GEN	31	52	anchor	missing: onda, onda, onda	2026-10-03T19:39:05.323288+00:00
GEN	34	25	anchor	missing: uomo	2026-10-03T19:41:21.292443+00:00
GEN	36	20	anchor	missing: Orei	2026-10-03T19:42:51.107166+00:00
GEN	37	29	anchor	missing: vestito	2026-10-03T19:44:20.996046+00:00
GEN	37	32	anchor	missing: veste variopinta	2026-10-03T19:44:35.140172+00:00
GEN	40	6	anchor	missing: mattina	2026-10-03T19:46:24.155099+00:00
GEN	40	7	anchor	missing: giorno	2026-10-03T19:46:31.704459+00:00
GEN	41	8	anchor	missing: mattina	2026-10-03T19:47:14.304601+00:00
GEN	41	9	anchor	missing: giorno	2026-10-03T19:47:18.014162+00:00
GEN	41	13	anchor	missing: base	2026-10-03T19:47:30.353561+00:00
GEN	41	46	anchor	missing: figlio	2026-10-03T19:48:18.398342+00:00
GEN	42	13	anchor	missing: giorno	2026-10-03T19:49:01.776651+00:00
GEN	42	32	anchor	missing: giorno	2026-10-03T19:49:36.150444+00:00
GEN	43	7	anchor	missing: bocca	2026-10-03T19:50:05.860932+00:00
GEN	43	12	anchor	missing: secondo	2026-10-03T19:50:20.376335+00:00
GEN	43	15	anchor	missing: secondo	2026-10-03T19:50:31.106052+00:00
GEN	44	13	anchor	missing: vestito	2026-10-03T19:51:21.630460+00:00
GEN	46	26	anchor	missing: solo	2026-10-03T19:53:09.833579+00:00
GEN	47	23	anchor	missing: giorno	2026-10-03T19:54:19.065279+00:00
GEN	49	17	anchor	missing: dietro	2026-10-03T19:55:37.422982+00:00
GEN	49	26	anchor	missing: eternità	2026-10-03T19:55:54.254413+00:00
GEN	49	27	anchor	missing: mattina	2026-10-03T19:55:59.507777+00:00
GEN	49	30	anchor	missing: volto	2026-10-03T19:56:10.649706+00:00
GEN	50	13	anchor	missing: volto	2026-10-03T19:56:44.762743+00:00
GEN	50	26	anchor	missing: figlio	2026-10-03T19:57:05.524951+00:00
EXO	2	18	anchor	missing: giorno	2026-10-03T19:58:00.597384+00:00
EXO	3	7	anchor	missing: volto	2026-10-03T19:58:24.895807+00:00
EXO	3	8	anchor	missing: Gebusei	2026-10-03T19:58:32.243913+00:00
EXO	3	17	anchor	missing: Gebusei	2026-10-03T19:58:55.967066+00:00
EXO	5	3	anchor	missing: via	2026-10-03T20:00:00.475366+00:00
EXO	5	14	anchor	missing: giorno	2026-10-03T20:00:24.975772+00:00
EXO	6	5	anchor	missing: Egitto	2026-10-03T20:00:48.345126+00:00
EXO	7	15	anchor	missing: mattina	2026-10-03T20:02:26.771662+00:00
EXO	8	27	anchor	missing: via	2026-10-03T20:03:46.166354+00:00
EXO	9	6	anchor	missing: indomani	2026-10-03T20:04:33.236887+00:00
EXO	12	3	anchor	missing: strumento a dieci corde	2026-10-03T20:07:37.653485+00:00
EXO	12	10	anchor	missing: mattina, mattina	2026-10-03T20:07:52.443286+00:00
EXO	12	15	anchor	missing: tutto	2026-10-03T20:08:05.765957+00:00
EXO	12	19	anchor	missing: tutto	2026-10-03T20:08:20.597012+00:00
EXO	12	29	anchor	missing: prigionia	2026-10-03T20:08:43.617290+00:00
EXO	12	35	anchor	missing: Egitto	2026-10-03T20:08:56.529359+00:00
EXO	12	38	anchor	missing: ordito	2026-10-03T20:09:06.754524+00:00
EXO	12	41	anchor	missing: osso, esercito	2026-10-03T20:09:17.584458+00:00
EXO	12	43	anchor	missing: tutto	2026-10-03T20:09:29.105420+00:00
EXO	12	46	anchor	missing: strada	2026-10-03T20:09:52.777873+00:00
EXO	12	51	anchor	missing: osso	2026-10-03T20:10:07.889375+00:00
EXO	13	3	anchor	missing: servo	2026-10-03T20:10:20.443162+00:00
EXO	13	4	anchor	missing: giorno	2026-10-03T20:10:26.771091+00:00
EXO	14	13	anchor	missing: giorno, giorno	2026-10-03T20:11:28.435855+00:00
EXO	15	8	anchor	missing: ira	2026-10-03T20:12:24.319886+00:00
EXO	15	11	anchor	missing: santo	2026-10-03T20:12:34.297970+00:00
EXO	16	5	anchor	missing: secondo	2026-10-03T20:13:29.597699+00:00
EXO	16	7	anchor	missing: mattina	2026-10-03T20:13:44.603326+00:00
EXO	16	12	anchor	missing: mattina	2026-10-03T20:14:04.513848+00:00
EXO	16	13	anchor	missing: mattina, rapporto carnale	2026-10-03T20:14:10.147139+00:00
EXO	16	14	anchor	missing: volto	2026-10-03T20:14:17.626498+00:00
EXO	16	15	anchor	missing: uomo, fratello	2026-10-03T20:14:26.027033+00:00
EXO	16	22	anchor	missing: secondo	2026-10-03T20:14:53.572098+00:00
EXO	16	25	anchor	missing: giorno, giorno, giorno	2026-10-03T20:15:10.486716+00:00
EXO	19	10	anchor	missing: giorno	2026-10-03T20:17:46.310701+00:00
EXO	20	10	anchor	missing: tutto	2026-10-03T20:18:54.123226+00:00
EXO	20	16	anchor	missing: testimone, falsità	2026-10-03T20:19:21.810579+00:00
EXO	22	19	anchor	missing: tutto	2026-10-03T20:21:24.493999+00:00
EXO	22	22	anchor	missing: tutto	2026-10-03T20:21:34.363004+00:00
EXO	22	31	anchor	missing: preda sbranata	2026-10-03T20:21:50.913289+00:00
EXO	23	15	anchor	missing: tenda di convegno	2026-10-03T20:22:31.712854+00:00
EXO	24	4	anchor	missing: mattina	2026-10-03T20:23:23.919343+00:00
EXO	24	14	anchor	missing: padrone	2026-10-03T20:23:49.754202+00:00
EXO	25	10	anchor	missing: albero, metà, metà, metà	2026-10-03T20:24:33.823291+00:00
EXO	25	11	anchor	missing: casa, strada	2026-10-03T20:24:45.512524+00:00
EXO	25	13	anchor	missing: albero	2026-10-03T20:24:51.566300+00:00
EXO	25	17	anchor	missing: metà, metà	2026-10-03T20:25:03.292695+00:00
EXO	25	20	anchor	missing: uomo, fratello	2026-10-03T20:25:14.979707+00:00
EXO	25	28	anchor	missing: albero	2026-10-03T20:25:48.756144+00:00
EXO	25	36	anchor	missing: lavorato al martello	2026-10-03T20:26:11.746537+00:00
EXO	26	16	anchor	missing: metà	2026-10-03T20:26:52.694156+00:00
EXO	26	26	anchor	missing: albero	2026-10-03T20:27:16.258780+00:00
EXO	26	35	anchor	missing: strada	2026-10-03T20:27:39.520664+00:00
EXO	27	1	anchor	missing: albero	2026-10-03T20:27:47.208985+00:00
EXO	27	6	anchor	missing: albero	2026-10-03T20:28:04.431250+00:00
EXO	28	29	anchor	missing: continuo	2026-10-03T20:29:58.039299+00:00
EXO	28	32	anchor	missing: capo	2026-10-03T20:30:21.245100+00:00
EXO	28	38	anchor	missing: continuo	2026-10-03T20:30:48.603265+00:00
EXO	29	38	anchor	missing: continuo	2026-10-03T20:32:58.484803+00:00
EXO	29	39	anchor	missing: mattina	2026-10-03T20:33:02.941878+00:00
EXO	30	1	anchor	missing: albero	2026-10-03T20:33:17.020728+00:00
EXO	30	10	anchor	missing: santo, santo	2026-10-03T20:33:41.823729+00:00
EXO	30	12	anchor	missing: capo	2026-10-03T20:33:49.840402+00:00
EXO	30	23	anchor	missing: capo	2026-10-03T20:34:18.713401+00:00
EXO	30	33	anchor	missing: uomo	2026-10-03T20:34:42.435227+00:00
EXO	31	14	anchor	missing: tutto	2026-10-03T20:35:36.418617+00:00
EXO	31	15	anchor	missing: tutto	2026-10-03T20:35:48.197611+00:00
EXO	32	20	anchor	missing: volto	2026-10-03T20:36:42.961828+00:00
EXO	32	27	anchor	missing: uomo, uomo, uomo, uomo	2026-10-03T20:37:11.529540+00:00
EXO	32	29	anchor	missing: giorno, giorno	2026-10-03T20:37:19.047400+00:00
EXO	32	30	anchor	missing: indomani	2026-10-03T20:37:26.567397+00:00
EXO	33	7	anchor	missing: tutto	2026-10-03T20:37:59.779568+00:00
EXO	34	11	anchor	missing: giorno	2026-10-03T20:38:43.704528+00:00
EXO	35	2	anchor	missing: tutto	2026-10-03T20:39:32.821908+00:00
EXO	36	7	anchor	missing: sufficienza	2026-10-03T20:40:45.988178+00:00
EXO	36	21	anchor	missing: metà	2026-10-03T20:41:19.772396+00:00
EXO	36	31	anchor	missing: albero	2026-10-03T20:41:38.273319+00:00
EXO	37	1	anchor	missing: albero, metà, metà, metà	2026-10-03T20:41:54.431755+00:00
EXO	37	2	anchor	missing: casa, strada	2026-10-03T20:42:00.017152+00:00
EXO	37	4	anchor	missing: albero	2026-10-03T20:42:06.581326+00:00
EXO	37	9	anchor	missing: uomo	2026-10-03T20:42:22.669840+00:00
EXO	37	10	anchor	missing: albero, metà	2026-10-03T20:42:28.872649+00:00
EXO	37	15	anchor	missing: albero	2026-10-03T20:42:37.970812+00:00
EXO	37	25	anchor	missing: albero	2026-10-03T20:43:02.943728+00:00
EXO	37	28	anchor	missing: albero	2026-10-03T20:43:10.899434+00:00
EXO	38	1	anchor	missing: albero	2026-10-03T20:43:20.235623+00:00
EXO	40	10	anchor	missing: santo, santo	2026-10-03T20:45:43.603497+00:00
LEV	1	10	anchor	missing: pecora	2026-10-03T20:46:51.284678+00:00
LEV	2	2	anchor	missing: pienezza	2026-10-03T20:47:17.708493+00:00
LEV	2	3	anchor	missing: santo, santo	2026-10-03T20:47:24.602432+00:00
LEV	2	10	anchor	missing: santo, santo	2026-10-03T20:47:43.268439+00:00
LEV	3	5	anchor	missing: albero	2026-10-03T20:48:07.076018+00:00
LEV	4	25	anchor	missing: fondamento	2026-10-03T20:49:41.748983+00:00
LEV	4	30	anchor	missing: fondamento	2026-10-03T20:49:57.861346+00:00
LEV	5	18	anchor	missing: pecora	2026-10-03T20:51:26.879086+00:00
LEV	6	3	anchor	missing: falsità	2026-10-03T20:51:39.789758+00:00
LEV	6	5	anchor	missing: falsità, capo	2026-10-03T20:51:49.438101+00:00
LEV	6	12	anchor	missing: albero	2026-10-03T20:52:19.528428+00:00
LEV	6	17	anchor	missing: santo, santo	2026-10-03T20:52:39.883459+00:00
LEV	6	20	anchor	missing: mattina	2026-10-03T20:52:54.138765+00:00
LEV	6	29	anchor	missing: santo, santo	2026-10-03T20:53:21.884777+00:00
LEV	7	21	anchor	missing: tutto, tutto	2026-10-03T20:54:16.793050+00:00
LEV	7	25	anchor	missing: tutto	2026-10-03T20:54:29.312164+00:00
LEV	8	15	anchor	missing: fondamento	2026-10-03T20:55:29.584353+00:00
LEV	9	4	anchor	missing: giorno	2026-10-03T20:56:24.909948+00:00
LEV	10	1	anchor	missing: uomo	2026-10-03T20:57:17.159980+00:00
LEV	10	12	anchor	missing: santo, santo	2026-10-03T20:57:50.947069+00:00
LEV	11	20	anchor	missing: uccello	2026-10-03T20:58:44.337859+00:00
LEV	11	21	anchor	missing: uccello	2026-10-03T20:58:49.035862+00:00
LEV	11	23	anchor	missing: uccello	2026-10-03T20:58:57.556195+00:00
LEV	11	24	anchor	missing: tutto	2026-10-03T20:59:06.673517+00:00
LEV	11	25	anchor	missing: tutto	2026-10-03T20:59:12.665649+00:00
LEV	11	27	anchor	missing: mano	2026-10-03T20:59:23.569014+00:00
LEV	11	32	anchor	missing: albero	2026-10-03T20:59:45.756230+00:00
LEV	12	4	anchor	missing: tutto	2026-10-03T21:00:34.234048+00:00
LEV	14	3	anchor	missing: strada	2026-10-03T21:03:13.018745+00:00
LEV	14	4	anchor	missing: albero	2026-10-03T21:03:23.949050+00:00
LEV	14	6	anchor	missing: albero	2026-10-03T21:03:40.505643+00:00
LEV	14	49	anchor	missing: albero	2026-10-03T21:05:26.034171+00:00
LEV	14	51	anchor	missing: albero	2026-10-03T21:05:38.026467+00:00
LEV	14	52	anchor	missing: albero	2026-10-03T21:05:43.517991+00:00
LEV	14	53	anchor	missing: strada	2026-10-03T21:05:51.224664+00:00
LEV	15	10	anchor	missing: tutto, tutto	2026-10-03T21:06:30.311314+00:00
LEV	15	11	anchor	missing: tutto	2026-10-03T21:06:41.183955+00:00
LEV	15	19	anchor	missing: tutto	2026-10-03T21:07:11.667593+00:00
LEV	15	21	anchor	missing: tutto	2026-10-03T21:07:20.672846+00:00
LEV	15	22	anchor	missing: tutto, tutto	2026-10-03T21:07:28.015974+00:00
LEV	15	27	anchor	missing: tutto	2026-10-03T21:07:44.342718+00:00
LEV	16	29	anchor	missing: strumento a dieci corde, tutto	2026-10-03T21:08:54.924641+00:00
LEV	18	6	anchor	missing: tutto	2026-10-03T21:09:46.399879+00:00
LEV	18	9	anchor	missing: strada	2026-10-03T21:09:52.821985+00:00
LEV	18	22	anchor	missing: letto	2026-10-03T21:10:13.780312+00:00
LEV	18	23	anchor	missing: tutto	2026-10-03T21:10:22.173757+00:00
LEV	20	16	anchor	missing: tutto	2026-10-03T21:12:01.419728+00:00
LEV	21	11	anchor	missing: tutto	2026-10-03T21:12:47.040168+00:00
LEV	21	17	anchor	missing: seme	2026-10-03T21:12:57.360623+00:00
LEV	22	10	anchor	missing: tutto	2026-10-03T21:13:36.436552+00:00
LEV	22	21	anchor	missing: favore, tutto	2026-10-03T21:14:07.037097+00:00
LEV	23	7	anchor	missing: tutto	2026-10-03T21:14:41.750339+00:00
LEV	23	8	anchor	missing: tutto	2026-10-03T21:14:48.775597+00:00
LEV	23	14	anchor	missing: osso	2026-10-03T21:15:07.153928+00:00
LEV	23	21	anchor	missing: osso, eternità	2026-10-03T21:15:25.702482+00:00
LEV	23	25	anchor	missing: tutto	2026-10-03T21:15:34.621533+00:00
LEV	23	27	anchor	missing: strumento a dieci corde	2026-10-03T21:15:43.351985+00:00
LEV	23	28	anchor	missing: tutto, osso	2026-10-03T21:15:50.684438+00:00
LEV	23	29	anchor	missing: osso	2026-10-03T21:15:55.983393+00:00
LEV	23	30	anchor	missing: osso	2026-10-03T21:16:00.244518+00:00
LEV	23	35	anchor	missing: tutto	2026-10-03T21:16:16.343673+00:00
LEV	23	36	anchor	missing: tutto	2026-10-03T21:16:25.645741+00:00
LEV	24	3	anchor	missing: strada, continuo	2026-10-03T21:16:57.746628+00:00
LEV	24	4	anchor	missing: continuo	2026-10-03T21:17:04.911387+00:00
LEV	24	8	anchor	missing: continuo	2026-10-03T21:17:14.577156+00:00
LEV	24	18	anchor	missing: bestiame	2026-10-03T21:17:43.425375+00:00
LEV	25	28	anchor	missing: sufficienza	2026-10-03T21:19:18.044437+00:00
LEV	26	26	anchor	missing: tribù	2026-10-03T21:21:25.695031+00:00
LEV	27	3	anchor	missing: figlio, figlio	2026-10-03T21:22:20.437046+00:00
NUM	3	39	anchor	missing: figlio	2026-10-03T21:27:25.801166+00:00
NUM	3	43	anchor	missing: figlio	2026-10-03T21:27:45.304469+00:00
NUM	4	30	anchor	missing: figlio, figlio	2026-10-03T21:29:41.013258+00:00
NUM	5	3	anchor	missing: strada	2026-10-03T21:30:50.932805+00:00
NUM	5	8	anchor	missing: solo	2026-10-03T21:31:15.426746+00:00
NUM	6	9	anchor	missing: improvviso	2026-10-03T21:32:53.949860+00:00
NUM	6	21	anchor	missing: solo	2026-10-03T21:33:33.552267+00:00
NUM	7	61	anchor	missing: santo	2026-10-03T21:36:03.687497+00:00
NUM	7	87	anchor	missing: bue	2026-10-03T21:37:18.258444+00:00
NUM	7	88	anchor	missing: bue	2026-10-03T21:37:31.676451+00:00
NUM	9	13	anchor	missing: via, tenda di convegno	2026-10-03T21:39:03.896149+00:00
NUM	9	16	anchor	missing: continuo	2026-10-03T21:39:14.657401+00:00
NUM	10	33	anchor	missing: via, via	2026-10-03T21:40:40.169883+00:00
NUM	12	15	anchor	missing: strada	2026-10-03T21:42:45.008198+00:00
NUM	13	29	anchor	missing: Gebusei	2026-10-03T21:43:40.508437+00:00
NUM	14	4	anchor	missing: uomo	2026-10-03T21:44:02.718576+00:00
NUM	15	33	anchor	missing: albero	2026-10-03T21:47:37.868232+00:00
NUM	16	5	anchor	missing: mattina	2026-10-03T21:48:13.402932+00:00
NUM	16	17	anchor	missing: uomo, uomo, uomo	2026-10-03T21:48:46.100998+00:00
NUM	16	38	anchor	missing: laccio	2026-10-03T21:49:38.964473+00:00
NUM	16	41	anchor	missing: indomani	2026-10-03T21:49:54.240055+00:00
NUM	16	49	anchor	missing: solo	2026-10-03T21:50:32.573662+00:00
NUM	17	8	anchor	missing: indomani	2026-10-03T21:50:57.874438+00:00
NUM	17	13	anchor	missing: tutto	2026-10-03T21:51:14.001230+00:00
NUM	18	9	anchor	missing: santo, santo, santo, santo	2026-10-03T21:51:54.121180+00:00
NUM	18	16	anchor	missing: figlio	2026-10-03T21:52:22.887346+00:00
NUM	18	23	anchor	missing: eternità	2026-10-03T21:52:54.331914+00:00
NUM	19	9	anchor	missing: strada	2026-10-03T21:53:50.400939+00:00
NUM	19	11	anchor	missing: uomo	2026-10-03T21:53:58.636158+00:00
NUM	19	13	anchor	missing: tutto, uomo	2026-10-03T21:54:13.642742+00:00
NUM	19	16	anchor	missing: tutto, volto	2026-10-03T21:54:23.121232+00:00
NUM	20	28	anchor	missing: capo	2026-10-03T21:55:31.293882+00:00
NUM	21	8	anchor	missing: tutto	2026-10-03T21:55:52.454278+00:00
NUM	21	13	anchor	missing: lato	2026-10-03T21:56:08.111476+00:00
NUM	21	24	anchor	missing: bocca	2026-10-03T21:56:26.827781+00:00
NUM	22	13	anchor	missing: mattina	2026-10-03T21:57:15.942786+00:00
NUM	22	21	anchor	missing: mattina	2026-10-03T21:57:31.533293+00:00
NUM	22	32	anchor	missing: piede	2026-10-03T21:57:59.121571+00:00
NUM	22	33	anchor	missing: piede	2026-10-03T21:58:07.694564+00:00
NUM	22	38	anchor	missing: nulla	2026-10-03T21:58:34.368142+00:00
NUM	23	9	anchor	missing: capo	2026-10-03T21:59:03.352993+00:00
NUM	26	6	anchor	missing: Chezron	2026-10-03T22:02:53.135292+00:00
NUM	26	17	anchor	missing: Arodi	2026-10-03T22:03:35.415247+00:00
NUM	26	21	anchor	missing: Chezron	2026-10-03T22:03:44.966886+00:00
NUM	27	11	anchor	missing: carne	2026-10-03T22:05:22.437652+00:00
NUM	28	4	anchor	missing: mattina	2026-10-03T22:05:44.753917+00:00
NUM	28	18	anchor	missing: tutto	2026-10-03T22:06:14.569896+00:00
NUM	28	25	anchor	missing: tutto	2026-10-03T22:06:26.819305+00:00
NUM	28	26	anchor	missing: tutto	2026-10-03T22:06:33.123174+00:00
NUM	29	1	anchor	missing: tutto	2026-10-03T22:06:45.511890+00:00
NUM	29	6	anchor	missing: solo	2026-10-03T22:07:09.051183+00:00
NUM	29	7	anchor	missing: tutto	2026-10-03T22:07:16.224271+00:00
NUM	29	11	anchor	missing: solo	2026-10-03T22:07:28.656540+00:00
NUM	29	12	anchor	missing: tutto	2026-10-03T22:07:37.502617+00:00
NUM	29	16	anchor	missing: solo	2026-10-03T22:07:46.206841+00:00
NUM	29	19	anchor	missing: solo	2026-10-03T22:08:03.231572+00:00
NUM	29	25	anchor	missing: solo	2026-10-03T22:08:20.063331+00:00
NUM	29	34	anchor	missing: solo	2026-10-03T22:08:39.886105+00:00
NUM	29	35	anchor	missing: tutto	2026-10-03T22:08:44.103133+00:00
NUM	29	39	anchor	missing: solo	2026-10-03T22:08:56.316274+00:00
NUM	30	8	anchor	missing: uomo	2026-10-03T22:09:18.890012+00:00
NUM	30	12	anchor	missing: uomo, uomo	2026-10-03T22:09:35.435625+00:00
NUM	31	19	anchor	missing: strada, tutto, tutto	2026-10-03T22:10:25.725037+00:00
NUM	32	17	anchor	missing: fortezza	2026-10-03T22:11:54.108388+00:00
NUM	32	36	anchor	missing: fortezza	2026-10-03T22:12:29.464255+00:00
NUM	35	5	anchor	missing: strada	2026-10-03T22:15:26.755738+00:00
NUM	35	15	anchor	missing: tutto	2026-10-03T22:15:49.358254+00:00
NUM	35	27	anchor	missing: strada	2026-10-03T22:16:20.502306+00:00
NUM	36	3	anchor	missing: donna	2026-10-03T22:16:59.950081+00:00
NUM	36	12	anchor	missing: donna	2026-10-03T22:17:33.914351+00:00
DEU	1	1	anchor	missing: lato	2026-10-03T22:17:44.377464+00:00
DEU	1	5	anchor	missing: lato	2026-10-03T22:17:56.536226+00:00
DEU	1	10	anchor	missing: giorno	2026-10-03T22:18:09.546550+00:00
DEU	1	23	anchor	missing: parola	2026-10-03T22:18:56.466631+00:00
DEU	1	39	anchor	missing: giorno	2026-10-03T22:19:36.102285+00:00
DEU	2	5	anchor	missing: mano	2026-10-03T22:20:11.278087+00:00
DEU	2	18	anchor	missing: giorno	2026-10-03T22:20:37.427348+00:00
DEU	2	20	anchor	missing: volto	2026-10-03T22:20:43.995831+00:00
DEU	4	8	anchor	missing: giorno	2026-10-03T22:22:58.087248+00:00
DEU	4	15	anchor	missing: tutto	2026-10-03T22:23:14.267266+00:00
DEU	4	23	anchor	missing: tutto	2026-10-03T22:23:29.713035+00:00
DEU	4	32	anchor	missing: volto	2026-10-03T22:24:14.201125+00:00
DEU	4	39	anchor	missing: giorno	2026-10-03T22:24:44.546615+00:00
DEU	5	1	anchor	missing: giorno	2026-10-03T22:25:48.503938+00:00
DEU	5	3	anchor	missing: giorno	2026-10-03T22:25:56.512111+00:00
DEU	5	20	anchor	missing: testimone	2026-10-03T22:26:31.512229+00:00
DEU	6	6	anchor	missing: giorno	2026-10-03T22:27:15.958982+00:00
DEU	6	12	anchor	missing: servo	2026-10-03T22:27:45.949795+00:00
DEU	7	11	anchor	missing: giorno	2026-10-03T22:28:41.954332+00:00
DEU	8	1	anchor	missing: giorno	2026-10-03T22:29:25.869848+00:00
DEU	8	9	anchor	missing: tutto	2026-10-03T22:29:46.801647+00:00
DEU	8	11	anchor	missing: giorno	2026-10-03T22:29:55.530076+00:00
DEU	8	19	anchor	missing: giorno	2026-10-03T22:30:29.672357+00:00
DEU	9	1	anchor	missing: giorno	2026-10-03T22:30:39.086487+00:00
DEU	9	3	anchor	missing: giorno	2026-10-03T22:30:51.246856+00:00
DEU	10	3	anchor	missing: albero	2026-10-03T22:32:03.223183+00:00
DEU	10	13	anchor	missing: giorno	2026-10-03T22:32:46.220117+00:00
DEU	10	18	anchor	missing: giudizio	2026-10-03T22:33:04.255183+00:00
DEU	11	2	anchor	missing: giorno	2026-10-03T22:33:27.916825+00:00
DEU	11	8	anchor	missing: giorno	2026-10-03T22:34:02.772393+00:00
DEU	11	12	anchor	missing: continuo	2026-10-03T22:34:13.861643+00:00
DEU	11	13	anchor	missing: giorno	2026-10-03T22:34:20.856959+00:00
DEU	11	24	anchor	missing: mano	2026-10-03T22:34:47.787970+00:00
DEU	11	26	anchor	missing: giorno	2026-10-03T22:34:59.607708+00:00
DEU	11	27	anchor	missing: giorno	2026-10-03T22:35:04.007501+00:00
DEU	11	28	anchor	missing: giorno	2026-10-03T22:35:37.767101+00:00
DEU	11	30	anchor	missing: lato	2026-10-03T22:35:47.243516+00:00
DEU	11	32	anchor	missing: giorno	2026-10-03T22:35:56.427554+00:00
DEU	12	8	anchor	missing: giorno	2026-10-03T22:36:35.252758+00:00
DEU	12	17	anchor	missing: tutto	2026-10-03T22:37:18.917086+00:00
DEU	13	18	anchor	missing: giorno	2026-10-03T22:39:01.155311+00:00
DEU	14	19	anchor	missing: uccello	2026-10-03T22:39:28.370094+00:00
DEU	14	21	anchor	missing: tutto	2026-10-03T22:39:38.375662+00:00
DEU	15	5	anchor	missing: giorno	2026-10-03T22:40:25.154323+00:00
DEU	15	8	anchor	missing: sufficienza	2026-10-03T22:40:43.224026+00:00
DEU	15	15	anchor	missing: giorno	2026-10-03T22:41:07.044868+00:00
DEU	15	18	anchor	missing: secondo	2026-10-03T22:41:21.601689+00:00
DEU	15	21	anchor	missing: tutto	2026-10-03T22:41:42.960126+00:00
DEU	16	4	anchor	missing: mattina	2026-10-03T22:42:06.727870+00:00
DEU	16	21	anchor	missing: tutto	2026-10-03T22:42:41.457049+00:00
DEU	17	1	anchor	missing: tutto	2026-10-03T22:42:51.030091+00:00
DEU	17	18	anchor	missing: secondo	2026-10-03T22:43:31.425460+00:00
DEU	20	3	anchor	missing: giorno	2026-10-03T22:45:51.019159+00:00
DEU	21	13	anchor	missing: prigioniero	2026-10-03T22:47:15.953936+00:00
DEU	22	6	anchor	missing: tutto	2026-10-03T22:48:28.791622+00:00
DEU	23	10	anchor	missing: notte	2026-10-03T22:49:56.635316+00:00
DEU	23	18	anchor	missing: tutto	2026-10-03T22:50:16.771166+00:00
DEU	24	5	anchor	missing: tutto	2026-10-03T22:50:42.161685+00:00
DEU	24	10	anchor	missing: debito, nulla	2026-10-03T22:50:53.137757+00:00
DEU	25	5	anchor	missing: strada	2026-10-03T22:51:35.862848+00:00
DEU	25	15	anchor	missing: giustizia, giustizia	2026-10-03T22:51:55.675203+00:00
DEU	26	17	anchor	missing: giorno	2026-10-03T22:53:02.211500+00:00
DEU	26	18	anchor	missing: giorno	2026-10-03T22:53:07.044791+00:00
DEU	27	1	anchor	missing: giorno	2026-10-03T22:53:16.794382+00:00
DEU	27	4	anchor	missing: giorno	2026-10-03T22:53:45.907039+00:00
DEU	27	9	anchor	missing: giorno	2026-10-03T22:54:00.282831+00:00
DEU	27	10	anchor	missing: giorno	2026-10-03T22:54:07.969386+00:00
DEU	28	1	anchor	missing: giorno	2026-10-03T22:54:48.323956+00:00
DEU	28	13	anchor	missing: giorno	2026-10-03T22:55:15.973747+00:00
DEU	28	14	anchor	missing: giorno	2026-10-03T22:55:24.738844+00:00
DEU	28	15	anchor	missing: giorno	2026-10-03T22:55:35.875123+00:00
DEU	28	35	anchor	missing: mano	2026-10-03T22:56:27.314481+00:00
DEU	28	56	anchor	missing: mano	2026-10-03T22:57:28.497090+00:00
DEU	28	65	anchor	missing: mano	2026-10-03T22:57:52.252331+00:00
DEU	28	67	anchor	missing: mattina, mattina	2026-10-03T22:58:01.836179+00:00
DEU	29	1	anchor	missing: solo	2026-10-03T22:58:09.746993+00:00
DEU	29	10	anchor	missing: giorno	2026-10-03T22:58:30.400579+00:00
DEU	29	12	anchor	missing: giorno	2026-10-03T22:58:41.529350+00:00
DEU	29	13	anchor	missing: giorno	2026-10-03T22:58:48.027866+00:00
DEU	29	15	anchor	missing: giorno, giorno	2026-10-03T22:58:54.490736+00:00
DEU	29	17	anchor	missing: abominio	2026-10-03T22:59:00.072239+00:00
DEU	29	18	anchor	missing: giorno	2026-10-03T22:59:10.845712+00:00
DEU	29	29	anchor	missing: eternità	2026-10-03T22:59:35.726488+00:00
DEU	30	2	anchor	missing: giorno	2026-10-03T22:59:45.817793+00:00
DEU	30	6	anchor	missing: vita	2026-10-03T22:59:58.619808+00:00
DEU	30	8	anchor	missing: giorno	2026-10-03T23:00:07.709772+00:00
DEU	30	11	anchor	missing: giorno	2026-10-03T23:00:16.975209+00:00
DEU	30	15	anchor	missing: giorno	2026-10-03T23:00:25.515010+00:00
DEU	30	16	anchor	missing: giorno	2026-10-03T23:00:38.098992+00:00
DEU	30	19	anchor	missing: giorno	2026-10-03T23:00:49.566443+00:00
DEU	31	2	anchor	missing: giorno	2026-10-03T23:01:00.212576+00:00
DEU	31	21	anchor	missing: giorno	2026-10-03T23:02:12.495863+00:00
DEU	31	27	anchor	missing: giorno	2026-10-03T23:02:33.772817+00:00
DEU	32	25	anchor	missing: strada	2026-10-03T23:04:20.609560+00:00
DEU	32	46	anchor	missing: giorno	2026-10-03T23:05:17.128436+00:00
DEU	32	48	anchor	missing: osso	2026-10-03T23:05:27.471303+00:00
DEU	32	49	anchor	missing: volto	2026-10-03T23:05:33.341689+00:00
DEU	34	1	anchor	missing: volto, terra	2026-10-03T23:07:15.119538+00:00
JOS	1	3	anchor	missing: mano	2026-10-04T04:07:34.299901+00:00
JOS	2	1	anchor	missing: artigiano	2026-10-04T04:08:15.635871+00:00
JOS	2	2	anchor	missing: notte	2026-10-04T04:08:18.510836+00:00
JOS	2	18	anchor	missing: speranza	2026-10-04T04:08:48.040305+00:00
JOS	2	19	anchor	missing: tutto, tutto	2026-10-04T04:08:54.689661+00:00
JOS	3	10	anchor	missing: Gebusei	2026-10-04T04:09:17.705046+00:00
JOS	3	13	anchor	missing: mano	2026-10-04T04:09:24.883304+00:00
JOS	4	18	anchor	missing: mano	2026-10-04T04:10:04.145872+00:00
JOS	4	19	anchor	missing: strumento a dieci corde, oriente	2026-10-04T04:10:09.570677+00:00
JOS	5	1	anchor	missing: lato	2026-10-04T04:10:28.722630+00:00
JOS	5	11	anchor	missing: osso	2026-10-04T04:11:00.716214+00:00
JOS	6	12	anchor	missing: mattina	2026-10-04T04:11:42.635237+00:00
JOS	6	21	anchor	missing: bocca	2026-10-04T04:12:18.851459+00:00
JOS	7	14	anchor	missing: mattina	2026-10-04T04:14:45.426608+00:00
JOS	8	27	anchor	missing: Israele	2026-10-04T04:17:44.825631+00:00
JOS	10	6	anchor	missing: velocità	2026-10-04T04:19:21.779048+00:00
JOS	10	14	anchor	missing: volto	2026-10-04T04:19:40.774050+00:00
JOS	10	28	anchor	missing: bocca	2026-10-04T04:20:15.181134+00:00
JOS	10	30	anchor	missing: bocca	2026-10-04T04:20:23.464250+00:00
JOS	10	32	anchor	missing: bocca	2026-10-04T04:20:31.659670+00:00
JOS	10	35	anchor	missing: bocca	2026-10-04T04:20:41.160241+00:00
JOS	10	37	anchor	missing: bocca	2026-10-04T04:20:59.919570+00:00
JOS	10	39	anchor	missing: bocca	2026-10-04T04:21:22.588931+00:00
JOS	10	40	anchor	missing: terra	2026-10-04T04:21:35.637184+00:00
JOS	11	10	anchor	missing: volto	2026-10-04T04:21:57.956692+00:00
JOS	11	12	anchor	missing: bocca	2026-10-04T04:22:03.710344+00:00
JOS	12	8	anchor	missing: Gebusei	2026-10-04T04:22:49.342393+00:00
JOS	13	4	anchor	missing: terra	2026-10-04T04:23:09.228522+00:00
JOS	13	25	anchor	missing: volto	2026-10-04T04:23:37.960259+00:00
JOS	14	6	anchor	missing: motivo, motivo	2026-10-04T04:24:09.868122+00:00
JOS	14	10	anchor	missing: giorno	2026-10-04T04:24:23.910120+00:00
JOS	14	15	anchor	missing: volto	2026-10-04T04:24:34.556024+00:00
JOS	17	5	anchor	missing: solo	2026-10-04T04:26:29.722010+00:00
JOS	18	4	anchor	missing: bocca	2026-10-04T04:27:05.837691+00:00
JOS	18	16	anchor	missing: Gebusei	2026-10-04T04:27:37.586933+00:00
JOS	18	28	anchor	missing: Gebusei	2026-10-04T04:27:59.378649+00:00
JOS	19	11	anchor	missing: volto	2026-10-04T04:28:20.368304+00:00
JOS	19	35	anchor	missing: fortezza	2026-10-04T04:28:44.655635+00:00
JOS	21	43	anchor	missing: terra	2026-10-04T04:30:35.150783+00:00
JOS	22	16	anchor	missing: giorno, giorno	2026-10-04T04:31:16.004750+00:00
JOS	22	18	anchor	missing: giorno, giorno	2026-10-04T04:31:23.952901+00:00
JOS	22	29	anchor	missing: giorno, solo	2026-10-04T04:31:48.309787+00:00
JOS	22	31	anchor	missing: giorno	2026-10-04T04:32:00.010231+00:00
JOS	23	14	anchor	missing: giorno	2026-10-04T04:32:36.834825+00:00
JOS	24	2	anchor	missing: lato	2026-10-04T04:32:50.343769+00:00
JOS	24	11	anchor	missing: Gebusei	2026-10-04T04:33:10.435385+00:00
JOS	24	14	anchor	missing: lato	2026-10-04T04:33:17.499984+00:00
JOS	24	15	anchor	missing: giorno, lato, lato	2026-10-04T04:33:23.793301+00:00
JOS	24	17	anchor	missing: servo	2026-10-04T04:33:31.867472+00:00
JDG	1	8	anchor	missing: bocca	2026-10-04T04:34:05.818706+00:00
JDG	1	10	anchor	missing: volto	2026-10-04T04:34:09.127399+00:00
JDG	1	23	anchor	missing: volto	2026-10-04T04:34:26.462782+00:00
JDG	3	5	anchor	missing: Gebusei	2026-10-04T04:35:22.316597+00:00
JDG	3	8	anchor	missing: Mesopotamia, Mesopotamia	2026-10-04T04:35:33.187852+00:00
JDG	3	16	anchor	missing: lunghezza, destra	2026-10-04T04:35:48.663408+00:00
JDG	3	21	anchor	missing: destra	2026-10-04T04:36:02.526671+00:00
JDG	4	9	anchor	missing: estremità	2026-10-04T04:36:39.975547+00:00
JDG	4	16	anchor	missing: bocca	2026-10-04T04:36:50.961733+00:00
JDG	5	17	anchor	missing: lato	2026-10-04T04:37:38.739211+00:00
JDG	5	30	anchor	missing: compassione	2026-10-04T04:38:01.207485+00:00
JDG	6	28	anchor	missing: mattina	2026-10-04T04:39:14.783344+00:00
JDG	6	37	anchor	missing: solo	2026-10-04T04:39:36.363657+00:00
JDG	6	40	anchor	missing: solo	2026-10-04T04:39:44.106442+00:00
JDG	7	15	anchor	missing: numero	2026-10-04T04:40:34.713017+00:00
JDG	8	24	anchor	missing: uomo	2026-10-04T04:41:38.933235+00:00
JDG	8	26	anchor	missing: solo, solo	2026-10-04T04:41:47.698710+00:00
JDG	9	7	anchor	missing: capo	2026-10-04T04:42:15.769430+00:00
JDG	9	18	anchor	missing: giorno	2026-10-04T04:42:30.595134+00:00
JDG	9	25	anchor	missing: padrone, capo	2026-10-04T04:42:59.111781+00:00
JDG	9	33	anchor	missing: mattina	2026-10-04T04:43:20.370605+00:00
JDG	9	53	anchor	missing: carro	2026-10-04T04:43:58.362588+00:00
JDG	9	54	anchor	missing: velocità	2026-10-04T04:44:03.238930+00:00
JDG	11	27	anchor	missing: giorno	2026-10-04T04:45:16.815347+00:00
JDG	11	35	anchor	missing: vestito	2026-10-04T04:45:42.576389+00:00
JDG	11	37	anchor	missing: amica	2026-10-04T04:45:54.627877+00:00
JDG	11	39	anchor	missing: fine	2026-10-04T04:46:06.623196+00:00
JDG	12	2	anchor	missing: uomo	2026-10-04T04:46:19.886049+00:00
JDG	13	4	anchor	missing: tutto	2026-10-04T04:46:52.728777+00:00
JDG	13	7	anchor	missing: tutto	2026-10-04T04:47:02.813820+00:00
JDG	13	23	anchor	missing: donna	2026-10-04T04:47:38.913271+00:00
JDG	16	2	anchor	missing: mattina	2026-10-04T04:49:08.038037+00:00
JDG	16	5	anchor	missing: uomo	2026-10-04T04:49:30.369249+00:00
JDG	17	2	anchor	missing: orecchio	2026-10-04T04:50:36.092428+00:00
JDG	18	2	anchor	missing: esercito	2026-10-04T04:51:12.679603+00:00
JDG	18	27	anchor	missing: bocca	2026-10-04T04:52:09.688097+00:00
JDG	19	9	anchor	missing: via	2026-10-04T04:52:52.555237+00:00
JDG	19	19	anchor	missing: mancanza	2026-10-04T04:53:13.744109+00:00
JDG	19	25	anchor	missing: mattina	2026-10-04T04:53:26.339809+00:00
JDG	19	27	anchor	missing: mattina	2026-10-04T04:53:33.015399+00:00
JDG	20	2	anchor	missing: angolo	2026-10-04T04:53:54.364069+00:00
JDG	20	17	anchor	missing: solo	2026-10-04T04:54:23.075160+00:00
JDG	20	19	anchor	missing: mattina	2026-10-04T04:54:34.030422+00:00
JDG	20	48	anchor	missing: bocca, salute	2026-10-04T04:55:41.761811+00:00
JDG	21	3	anchor	missing: giorno	2026-10-04T04:55:49.402754+00:00
JDG	21	4	anchor	missing: indomani	2026-10-04T04:55:53.358890+00:00
JDG	21	6	anchor	missing: giorno	2026-10-04T04:56:01.294713+00:00
RUT	1	11	anchor	missing: uomo	2026-10-04T04:57:21.869737+00:00
RUT	2	19	anchor	missing: giorno, giorno	2026-10-04T04:58:18.792301+00:00
RUT	3	11	anchor	missing: esercito	2026-10-04T04:58:42.797251+00:00
RUT	3	13	anchor	missing: mattina, vita, mattina	2026-10-04T04:58:55.355266+00:00
RUT	3	14	anchor	missing: mattina	2026-10-04T04:59:01.990194+00:00
RUT	3	18	anchor	missing: giorno	2026-10-04T04:59:15.888726+00:00
RUT	4	4	anchor	missing: orecchio	2026-10-04T04:59:27.420292+00:00
RUT	4	7	anchor	missing: volto	2026-10-04T04:59:36.061624+00:00
RUT	4	9	anchor	missing: giorno	2026-10-04T04:59:41.393118+00:00
RUT	4	10	anchor	missing: giorno	2026-10-04T04:59:46.316366+00:00
RUT	4	14	anchor	missing: giorno	2026-10-04T05:00:18.458404+00:00
1SA	1	7	anchor	missing: sufficienza	2026-10-04T05:01:22.132367+00:00
1SA	1	20	anchor	missing: giorno	2026-10-04T05:01:56.234134+00:00
1SA	2	19	anchor	missing: giorno, giorno, uomo, giorno	2026-10-04T05:02:55.912970+00:00
1SA	3	11	anchor	missing: tutto	2026-10-04T05:03:47.744563+00:00
1SA	4	3	anchor	missing: giorno	2026-10-04T05:04:16.364154+00:00
1SA	4	13	anchor	missing: mano	2026-10-04T05:04:44.617059+00:00
1SA	4	15	anchor	missing: figlio	2026-10-04T05:04:51.867245+00:00
1SA	4	16	anchor	missing: giorno, parola	2026-10-04T05:04:57.784708+00:00
1SA	6	6	anchor	missing: Egiziano	2026-10-04T05:06:14.995148+00:00
1SA	6	18	anchor	missing: fortezza, riscatto	2026-10-04T05:06:53.702521+00:00
1SA	9	9	anchor	missing: volto, giorno, volto	2026-10-04T05:08:42.240436+00:00
1SA	9	12	anchor	missing: giorno, giorno	2026-10-04T05:08:51.706183+00:00
1SA	9	19	anchor	missing: giorno	2026-10-04T05:09:06.030216+00:00
1SA	9	27	anchor	missing: giorno	2026-10-04T05:09:39.970383+00:00
1SA	10	2	anchor	missing: giorno	2026-10-04T05:09:50.963862+00:00
1SA	10	19	anchor	missing: giorno	2026-10-04T05:10:24.713432+00:00
1SA	11	2	anchor	missing: destra	2026-10-04T05:10:51.427051+00:00
1SA	11	11	anchor	missing: indomani	2026-10-04T05:11:20.202150+00:00
1SA	12	17	anchor	missing: giorno	2026-10-04T05:12:31.005740+00:00
1SA	14	2	anchor	missing: melagrana	2026-10-04T05:13:44.904448+00:00
1SA	14	7	anchor	missing: vaso	2026-10-04T05:13:57.624078+00:00
1SA	14	25	anchor	missing: terra, volto	2026-10-04T05:14:50.040493+00:00
1SA	14	28	anchor	missing: giorno	2026-10-04T05:15:10.499266+00:00
1SA	14	30	anchor	missing: giorno	2026-10-04T05:15:15.359901+00:00
1SA	14	33	anchor	missing: giorno	2026-10-04T05:15:33.434349+00:00
1SA	14	36	anchor	missing: mattina	2026-10-04T05:15:59.029361+00:00
1SA	14	38	anchor	missing: giorno	2026-10-04T05:16:10.065359+00:00
1SA	15	8	anchor	missing: bocca	2026-10-04T05:19:19.200561+00:00
1SA	15	12	anchor	missing: mattina, mano	2026-10-04T05:20:05.735167+00:00
1SA	15	28	anchor	missing: giorno	2026-10-04T05:20:47.248434+00:00
1SA	17	7	anchor	missing: albero	2026-10-04T05:22:19.089320+00:00
1SA	17	23	anchor	missing: uomo, esercito	2026-10-04T05:22:48.246509+00:00
1SA	18	10	anchor	missing: indomani	2026-10-04T05:29:32.389517+00:00
1SA	18	17	anchor	missing: esercito	2026-10-04T05:30:41.455472+00:00
1SA	18	19	anchor	missing: donna	2026-10-04T05:30:53.566156+00:00
1SA	18	21	anchor	missing: giorno	2026-10-04T05:30:59.373447+00:00
1SA	18	30	anchor	missing: sufficienza	2026-10-04T05:31:38.826254+00:00
1SA	19	2	anchor	missing: mattina	2026-10-04T05:31:45.440238+00:00
1SA	19	11	anchor	missing: mattina	2026-10-04T05:32:37.968436+00:00
1SA	20	41	anchor	missing: ira	2026-10-04T05:36:32.232186+00:00
1SA	21	5	anchor	missing: giorno	2026-10-04T05:36:50.976736+00:00
1SA	21	6	anchor	missing: calore	2026-10-04T05:36:55.361039+00:00
1SA	22	15	anchor	missing: giorno	2026-10-04T05:37:50.288188+00:00
1SA	22	19	anchor	missing: bocca, bocca	2026-10-04T05:38:04.341440+00:00
1SA	24	18	anchor	missing: giorno	2026-10-04T05:39:53.149315+00:00
1SA	25	7	anchor	missing: giorno	2026-10-04T05:40:26.402771+00:00
1SA	25	10	anchor	missing: giorno	2026-10-04T05:40:33.910877+00:00
1SA	25	18	anchor	missing: saltèro	2026-10-04T05:40:48.703814+00:00
1SA	25	33	anchor	missing: giorno	2026-10-04T05:41:24.758165+00:00
1SA	25	34	anchor	missing: mattina	2026-10-04T05:41:40.213726+00:00
1SA	25	37	anchor	missing: mattina, mezzo	2026-10-04T05:41:56.427114+00:00
1SA	26	3	anchor	missing: volto	2026-10-04T05:42:17.375970+00:00
1SA	26	8	anchor	missing: giorno	2026-10-04T05:42:30.514991+00:00
1SA	26	19	anchor	missing: giorno	2026-10-04T05:42:56.646694+00:00
1SA	26	23	anchor	missing: giorno	2026-10-04T05:43:08.057520+00:00
1SA	26	24	anchor	missing: giorno	2026-10-04T05:43:17.025105+00:00
1SA	27	10	anchor	missing: giorno	2026-10-04T05:43:56.239028+00:00
1SA	28	1	anchor	missing: esercito	2026-10-04T05:44:03.726310+00:00
1SA	28	20	anchor	missing: pienezza	2026-10-04T05:44:41.136058+00:00
1SA	29	10	anchor	missing: mattina, mattina	2026-10-04T05:45:19.926944+00:00
1SA	29	11	anchor	missing: mattina	2026-10-04T05:45:24.303421+00:00
1SA	31	4	anchor	missing: vaso, vaso	2026-10-04T05:46:44.017162+00:00
1SA	31	5	anchor	missing: vaso	2026-10-04T05:46:50.727726+00:00
1SA	31	6	anchor	missing: vaso	2026-10-04T05:47:12.742662+00:00
1SA	31	8	anchor	missing: indomani	2026-10-04T05:47:24.388532+00:00
1SA	31	12	anchor	missing: esercito	2026-10-04T05:47:39.501354+00:00
2SA	1	22	anchor	missing: dietro	2026-10-04T05:48:56.606159+00:00
2SA	2	31	anchor	missing: Beniamino	2026-10-04T05:50:17.522530+00:00
2SA	3	8	anchor	missing: giorno, giorno	2026-10-04T05:51:30.939693+00:00
2SA	3	33	anchor	missing: morte	2026-10-04T05:53:04.920688+00:00
2SA	3	35	anchor	missing: nulla	2026-10-04T05:53:20.226112+00:00
2SA	3	38	anchor	missing: giorno	2026-10-04T05:53:26.108744+00:00
2SA	3	39	anchor	missing: giorno	2026-10-04T05:53:38.419175+00:00
2SA	4	8	anchor	missing: giorno	2026-10-04T05:54:04.182100+00:00
2SA	5	6	anchor	missing: Gebusei	2026-10-04T05:54:25.412802+00:00
2SA	5	8	anchor	missing: tutto, Gebusei	2026-10-04T05:54:34.321729+00:00
2SA	5	24	anchor	missing: capo	2026-10-04T05:55:40.554961+00:00
2SA	6	20	anchor	missing: giorno, giorno	2026-10-04T05:57:03.188297+00:00
2SA	9	3	anchor	missing: estremità, uomo	2026-10-04T05:59:22.244385+00:00
2SA	9	7	anchor	missing: continuo	2026-10-04T05:59:32.049402+00:00
2SA	9	10	anchor	missing: continuo	2026-10-04T05:59:41.398927+00:00
2SA	9	13	anchor	missing: continuo	2026-10-04T05:59:55.990806+00:00
2SA	10	2	anchor	missing: mano	2026-10-04T06:00:06.886663+00:00
2SA	10	6	anchor	missing: Aram, Aram	2026-10-04T06:00:30.532456+00:00
2SA	10	8	anchor	missing: guerra	2026-10-04T06:00:41.775275+00:00
2SA	10	9	anchor	missing: guerra	2026-10-04T06:00:51.961656+00:00
2SA	11	1	anchor	missing: risposta	2026-10-04T06:01:21.967160+00:00
2SA	12	3	anchor	missing: tutto	2026-10-04T06:05:12.702743+00:00
2SA	12	14	anchor	missing: estremità	2026-10-04T06:05:50.898341+00:00
2SA	13	18	anchor	missing: manto	2026-10-04T06:07:17.092616+00:00
2SA	13	19	anchor	missing: veste variopinta	2026-10-04T06:07:23.880422+00:00
2SA	13	37	anchor	missing: Ammiur	2026-10-04T06:08:21.099165+00:00
2SA	14	22	anchor	missing: giorno	2026-10-04T06:10:26.649586+00:00
2SA	14	25	anchor	missing: mano	2026-10-04T06:10:35.850387+00:00
2SA	14	28	anchor	missing: giorno	2026-10-04T06:10:51.363386+00:00
2SA	15	11	anchor	missing: tutto	2026-10-04T06:11:54.019983+00:00
2SA	15	18	anchor	missing: mano	2026-10-04T06:13:14.074110+00:00
2SA	15	20	anchor	missing: giorno	2026-10-04T06:13:20.928612+00:00
2SA	16	3	anchor	missing: giorno	2026-10-04T06:14:10.108597+00:00
2SA	16	12	anchor	missing: occhio	2026-10-04T06:14:44.290462+00:00
2SA	17	18	anchor	missing: velocità	2026-10-04T06:16:23.264091+00:00
2SA	17	21	anchor	missing: velocità	2026-10-04T06:16:34.712819+00:00
2SA	17	22	anchor	missing: mattina	2026-10-04T06:16:40.266909+00:00
2SA	18	28	anchor	missing: ira	2026-10-04T06:18:33.894917+00:00
2SA	18	31	anchor	missing: giorno	2026-10-04T06:18:45.762629+00:00
2SA	19	5	anchor	missing: giorno, giorno	2026-10-04T06:19:14.999672+00:00
2SA	19	6	anchor	missing: giorno, giorno, giorno	2026-10-04T06:19:32.707883+00:00
2SA	19	20	anchor	missing: giorno	2026-10-04T06:20:11.577136+00:00
2SA	19	22	anchor	missing: giorno, giorno, giorno	2026-10-04T06:20:24.951021+00:00
2SA	19	35	anchor	missing: giorno	2026-10-04T06:21:00.269836+00:00
2SA	23	4	anchor	missing: mattina, mattina	2026-10-04T06:26:02.542822+00:00
2SA	23	5	anchor	missing: eternità	2026-10-04T06:26:09.345619+00:00
2SA	23	11	anchor	missing: Arar	2026-10-04T06:26:25.338304+00:00
2SA	23	20	anchor	missing: esercito	2026-10-04T06:27:31.234616+00:00
2SA	23	31	anchor	missing: Barhum	2026-10-04T06:28:02.504263+00:00
2SA	23	33	anchor	missing: Arar, Arar	2026-10-04T06:28:11.728201+00:00
2SA	24	11	anchor	missing: mattina	2026-10-04T06:29:11.646547+00:00
2SA	24	16	anchor	missing: Gebusei	2026-10-04T06:29:42.592685+00:00
2SA	24	18	anchor	missing: Gebusei	2026-10-04T06:29:50.069831+00:00
1KI	1	25	anchor	missing: giorno	2026-10-04T06:32:36.980474+00:00
1KI	1	48	anchor	missing: giorno	2026-10-04T06:34:17.275981+00:00
1KI	1	51	anchor	missing: giorno	2026-10-04T06:34:28.510058+00:00
1KI	2	24	anchor	missing: giorno	2026-10-04T06:35:59.090365+00:00
1KI	3	12	anchor	missing: volto	2026-10-04T06:37:43.713321+00:00
1KI	3	21	anchor	missing: mattina, mattina	2026-10-04T06:38:42.851467+00:00
1KI	4	23	anchor	missing: solo	2026-10-04T06:40:09.103241+00:00
1KI	5	3	anchor	missing: mano	2026-10-04T06:40:35.200106+00:00
1KI	5	16	anchor	missing: solo	2026-10-04T06:41:06.170090+00:00
1KI	6	6	anchor	missing: strada	2026-10-04T06:41:52.814088+00:00
1KI	6	15	anchor	missing: lato, lato	2026-10-04T06:43:04.840545+00:00
1KI	6	29	anchor	missing: muro	2026-10-04T06:43:31.122124+00:00
1KI	7	16	anchor	missing: capo	2026-10-04T06:44:18.210400+00:00
1KI	7	31	anchor	missing: metà	2026-10-04T06:44:58.029230+00:00
1KI	8	6	anchor	missing: santo, santo	2026-10-04T06:45:54.663686+00:00
1KI	9	8	anchor	missing: tutto	2026-10-04T06:47:42.933624+00:00
1KI	9	11	anchor	missing: albero, albero	2026-10-04T06:47:52.929050+00:00
1KI	9	18	anchor	missing: Tadmor	2026-10-04T06:48:02.443697+00:00
1KI	10	6	anchor	missing: verità	2026-10-04T06:48:28.404429+00:00
1KI	10	8	anchor	missing: continuo	2026-10-04T06:48:37.567181+00:00
1KI	10	10	anchor	missing: moltitudine	2026-10-04T06:48:48.813569+00:00
1KI	10	13	anchor	missing: solo	2026-10-04T06:48:54.825602+00:00
1KI	11	19	anchor	missing: donna, donna	2026-10-04T06:53:27.704560+00:00
1KI	11	28	anchor	missing: esercito	2026-10-04T06:54:55.175190+00:00
1KI	12	10	anchor	missing: bambino	2026-10-04T06:57:09.056878+00:00
1KI	17	6	anchor	missing: mattina	2026-10-04T07:05:28.648031+00:00
1KI	18	15	anchor	missing: giorno	2026-10-04T07:06:18.976289+00:00
1KI	18	36	anchor	missing: giorno	2026-10-04T07:07:39.370200+00:00
1KI	18	42	anchor	missing: capo	2026-10-04T07:07:50.381110+00:00
1KI	20	13	anchor	missing: giorno	2026-10-04T07:09:21.246144+00:00
1KI	20	22	anchor	missing: risposta	2026-10-04T07:09:40.293676+00:00
1KI	20	26	anchor	missing: risposta	2026-10-04T07:09:51.863191+00:00
1KI	21	7	anchor	missing: donna	2026-10-04T07:10:52.204858+00:00
1KI	21	8	anchor	missing: libro, libro, libro	2026-10-04T07:10:56.688570+00:00
1KI	21	13	anchor	missing: strada	2026-10-04T07:11:07.894208+00:00
1KI	22	5	anchor	missing: giorno	2026-10-04T07:12:14.096527+00:00
1KI	22	22	anchor	missing: volto	2026-10-04T07:14:00.789515+00:00
1KI	22	39	anchor	missing: dente	2026-10-04T07:15:27.554955+00:00
2KI	2	3	anchor	missing: giorno	2026-10-04T07:16:32.207511+00:00
2KI	2	5	anchor	missing: giorno	2026-10-04T07:16:41.592702+00:00
2KI	2	16	anchor	missing: esercito	2026-10-04T07:17:18.144515+00:00
2KI	2	21	anchor	missing: uscita	2026-10-04T07:17:30.557827+00:00
2KI	3	20	anchor	missing: mattina	2026-10-04T07:19:03.263257+00:00
2KI	4	2	anchor	missing: tutto	2026-10-04T07:20:43.113113+00:00
2KI	4	3	anchor	missing: strada	2026-10-04T07:20:52.144016+00:00
2KI	4	23	anchor	missing: giorno	2026-10-04T07:23:59.035844+00:00
2KI	5	12	anchor	missing: Amana	2026-10-04T07:26:44.201058+00:00
2KI	5	17	anchor	missing: oracolo	2026-10-04T07:26:58.669851+00:00
2KI	5	20	anchor	missing: nulla	2026-10-04T07:27:23.886569+00:00
2KI	6	28	anchor	missing: giorno	2026-10-04T07:28:41.536028+00:00
2KI	6	31	anchor	missing: giorno	2026-10-04T07:28:49.370060+00:00
2KI	7	2	anchor	missing: mano	2026-10-04T07:29:07.948923+00:00
2KI	7	6	anchor	missing: uomo, fratello	2026-10-04T07:29:20.708556+00:00
2KI	7	9	anchor	missing: uomo, prossimo	2026-10-04T07:29:33.298960+00:00
2KI	8	17	anchor	missing: figlio	2026-10-04T07:31:30.508286+00:00
2KI	9	15	anchor	missing: anima	2026-10-04T07:32:46.366871+00:00
2KI	9	21	anchor	missing: uomo	2026-10-04T07:33:09.543974+00:00
2KI	10	2	anchor	missing: libro, fortezza	2026-10-04T07:34:04.560240+00:00
2KI	10	7	anchor	missing: libro	2026-10-04T07:34:25.511990+00:00
2KI	10	9	anchor	missing: mattina	2026-10-04T07:34:41.256559+00:00
2KI	10	33	anchor	missing: terra	2026-10-04T07:35:55.367638+00:00
2KI	11	21	anchor	missing: figlio	2026-10-04T07:38:42.042628+00:00
2KI	12	11	anchor	missing: albero	2026-10-04T07:39:19.112153+00:00
2KI	12	13	anchor	missing: tutto	2026-10-04T07:39:26.080746+00:00
2KI	14	2	anchor	missing: figlio	2026-10-04T07:42:52.467420+00:00
2KI	15	2	anchor	missing: figlio	2026-10-04T07:43:54.867241+00:00
2KI	15	29	anchor	missing: terra	2026-10-04T07:44:40.524035+00:00
2KI	16	2	anchor	missing: figlio	2026-10-04T07:45:00.873379+00:00
2KI	16	15	anchor	missing: mattina	2026-10-04T07:47:54.756422+00:00
2KI	17	9	anchor	missing: fortezza	2026-10-04T07:48:28.614040+00:00
2KI	18	8	anchor	missing: fortezza	2026-10-04T07:53:41.214035+00:00
2KI	18	33	anchor	missing: uomo	2026-10-04T07:55:14.720131+00:00
2KI	19	22	anchor	missing: altezza	2026-10-04T07:56:08.110747+00:00
2KI	19	24	anchor	missing: mano, volta	2026-10-04T07:56:19.406982+00:00
2KI	20	12	anchor	missing: libro	2026-10-04T07:57:38.751333+00:00
2KI	21	1	anchor	missing: figlio	2026-10-04T07:58:07.073154+00:00
2KI	21	12	anchor	missing: tutto	2026-10-04T07:58:39.026896+00:00
2KI	21	16	anchor	missing: solo	2026-10-04T07:58:56.794065+00:00
2KI	23	5	anchor	missing: giro	2026-10-04T08:00:46.635045+00:00
2KI	23	25	anchor	missing: volto	2026-10-04T08:01:50.376789+00:00
2KI	24	14	anchor	missing: prigione	2026-10-04T08:02:45.150590+00:00
1CH	3	9	anchor	missing: solo	2026-10-04T08:06:52.278168+00:00
1CH	4	7	anchor	missing: Zocar	2026-10-04T08:07:15.130768+00:00
1CH	6	49	anchor	missing: santo, santo	2026-10-04T08:09:04.065162+00:00
1CH	8	40	anchor	missing: esercito	2026-10-04T08:11:07.330773+00:00
1CH	9	13	anchor	missing: esercito	2026-10-04T08:11:28.121587+00:00
1CH	9	20	anchor	missing: volto	2026-10-04T08:11:36.317230+00:00
1CH	10	4	anchor	missing: vaso, vaso	2026-10-04T08:12:11.714693+00:00
1CH	10	8	anchor	missing: indomani	2026-10-04T08:12:18.568625+00:00
1CH	10	12	anchor	missing: esercito	2026-10-04T08:12:24.626909+00:00
1CH	11	6	anchor	missing: tutto, Gebusei	2026-10-04T08:12:33.859192+00:00
1CH	11	22	anchor	missing: esercito	2026-10-04T08:12:54.954064+00:00
1CH	11	35	anchor	missing: Arar	2026-10-04T08:13:07.499040+00:00
1CH	12	3	anchor	missing: Ghibea	2026-10-04T08:13:24.032701+00:00
1CH	12	28	anchor	missing: esercito	2026-10-04T08:13:49.862614+00:00
1CH	12	30	anchor	missing: esercito	2026-10-04T08:13:57.734426+00:00
1CH	12	36	anchor	missing: guerra	2026-10-04T08:14:09.401294+00:00
1CH	14	15	anchor	missing: capo	2026-10-04T08:15:09.259575+00:00
1CH	16	6	anchor	missing: continuo	2026-10-04T08:16:06.849348+00:00
1CH	16	11	anchor	missing: continuo	2026-10-04T08:16:12.527598+00:00
1CH	16	37	anchor	missing: continuo	2026-10-04T08:16:35.724938+00:00
1CH	16	40	anchor	missing: continuo, mattina	2026-10-04T08:16:43.479972+00:00
1CH	19	10	anchor	missing: volto, volto	2026-10-04T08:18:01.731571+00:00
1CH	20	1	anchor	missing: risposta	2026-10-04T08:18:25.830837+00:00
1CH	21	15	anchor	missing: Gebusei	2026-10-04T08:19:00.156101+00:00
1CH	21	18	anchor	missing: Gebusei	2026-10-04T08:19:06.856316+00:00
1CH	21	28	anchor	missing: Gebusei	2026-10-04T08:19:20.960182+00:00
1CH	23	3	anchor	missing: figlio	2026-10-04T08:19:58.108168+00:00
1CH	23	9	anchor	missing: Selomìt	2026-10-04T08:20:04.460698+00:00
1CH	23	13	anchor	missing: santo, santo	2026-10-04T08:20:14.017047+00:00
1CH	23	27	anchor	missing: Levita	2026-10-04T08:20:35.117012+00:00
1CH	23	31	anchor	missing: continuo	2026-10-04T08:20:43.733016+00:00
1CH	24	4	anchor	missing: padre, padre	2026-10-04T08:20:51.530478+00:00
1CH	26	7	anchor	missing: esercito	2026-10-04T08:22:16.698666+00:00
1CH	26	8	anchor	missing: esercito, forza	2026-10-04T08:22:23.764648+00:00
1CH	26	9	anchor	missing: esercito	2026-10-04T08:22:26.539115+00:00
1CH	26	30	anchor	missing: esercito	2026-10-04T08:22:58.719814+00:00
1CH	26	32	anchor	missing: esercito	2026-10-04T08:23:05.871821+00:00
1CH	27	9	anchor	missing: Tecoi	2026-10-04T08:23:19.420740+00:00
1CH	27	25	anchor	missing: campo	2026-10-04T08:23:41.391160+00:00
1CH	29	5	anchor	missing: giorno	2026-10-04T08:24:34.289412+00:00
2CH	1	12	anchor	missing: volto	2026-10-04T08:25:16.814304+00:00
2CH	3	1	anchor	missing: Gebusei	2026-10-04T08:25:48.361870+00:00
2CH	3	8	anchor	missing: santo, santo	2026-10-04T08:25:57.796754+00:00
2CH	5	7	anchor	missing: santo, santo	2026-10-04T08:26:37.523839+00:00
2CH	6	37	anchor	missing: cuore	2026-10-04T08:27:37.997444+00:00
2CH	7	3	anchor	missing: figlio, ira, eternità	2026-10-04T08:27:56.031437+00:00
2CH	7	21	anchor	missing: tutto	2026-10-04T08:28:17.349598+00:00
2CH	8	8	anchor	missing: tributo	2026-10-04T08:28:29.562090+00:00
2CH	8	18	anchor	missing: mano	2026-10-04T08:28:42.923543+00:00
2CH	9	7	anchor	missing: continuo	2026-10-04T08:28:53.970969+00:00
2CH	9	10	anchor	missing: Uram	2026-10-04T08:28:59.117196+00:00
2CH	9	12	anchor	missing: solo	2026-10-04T08:29:05.413945+00:00
2CH	9	18	anchor	missing: mano, mano	2026-10-04T08:29:17.745571+00:00
2CH	10	6	anchor	missing: volto	2026-10-04T08:29:49.611610+00:00
2CH	10	10	anchor	missing: bambino	2026-10-04T08:30:00.754441+00:00
2CH	13	9	anchor	missing: tutto	2026-10-04T08:31:56.782889+00:00
2CH	17	14	anchor	missing: visita	2026-10-04T08:33:58.310874+00:00
2CH	17	15	anchor	missing: mano	2026-10-04T08:34:00.442076+00:00
2CH	17	16	anchor	missing: mano	2026-10-04T08:34:05.925945+00:00
2CH	17	18	anchor	missing: mano	2026-10-04T08:34:10.974155+00:00
2CH	17	19	anchor	missing: solo	2026-10-04T08:34:14.282824+00:00
2CH	18	2	anchor	missing: fine	2026-10-04T08:34:19.774512+00:00
2CH	18	4	anchor	missing: giorno	2026-10-04T08:34:23.859545+00:00
2CH	18	8	anchor	missing: Mica	2026-10-04T08:34:33.952171+00:00
2CH	20	25	anchor	missing: oracolo	2026-10-04T08:36:06.850524+00:00
2CH	20	27	anchor	missing: capo	2026-10-04T08:36:14.891953+00:00
2CH	21	5	anchor	missing: figlio	2026-10-04T08:36:34.855957+00:00
2CH	21	19	anchor	missing: ventre	2026-10-04T08:36:56.656294+00:00
2CH	21	20	anchor	missing: figlio	2026-10-04T08:37:02.474651+00:00
2CH	23	19	anchor	missing: tutto	2026-10-04T08:37:40.434496+00:00
2CH	24	1	anchor	missing: figlio	2026-10-04T08:37:47.774369+00:00
2CH	24	14	anchor	missing: continuo	2026-10-04T08:38:07.524396+00:00
2CH	24	24	anchor	missing: moltitudine	2026-10-04T08:38:23.556865+00:00
2CH	25	1	anchor	missing: figlio	2026-10-04T08:38:30.362322+00:00
2CH	25	18	anchor	missing: spina, spina	2026-10-04T08:39:11.123635+00:00
2CH	26	3	anchor	missing: figlio	2026-10-04T08:39:31.043551+00:00
2CH	26	12	anchor	missing: tutto	2026-10-04T08:39:42.436581+00:00
2CH	27	8	anchor	missing: figlio	2026-10-04T08:40:11.147304+00:00
2CH	28	1	anchor	missing: figlio	2026-10-04T08:40:17.214248+00:00
2CH	29	28	anchor	missing: assemblea	2026-10-04T08:41:46.700163+00:00
2CH	31	14	anchor	missing: santo, santo	2026-10-04T08:42:43.219670+00:00
2CH	31	16	anchor	missing: solo	2026-10-04T08:42:48.910499+00:00
2CH	31	17	anchor	missing: padre	2026-10-04T08:42:53.293532+00:00
2CH	32	3	anchor	missing: occhio, strada	2026-10-04T08:43:02.059127+00:00
2CH	32	5	anchor	missing: strada	2026-10-04T08:43:08.041691+00:00
2CH	32	15	anchor	missing: tutto, tutto	2026-10-04T08:43:22.393870+00:00
2CH	32	17	anchor	missing: libro	2026-10-04T08:43:27.111965+00:00
2CH	33	21	anchor	missing: figlio	2026-10-04T08:44:13.558224+00:00
2CH	34	1	anchor	missing: figlio	2026-10-04T08:44:22.336206+00:00
2CH	35	21	anchor	missing: giorno	2026-10-04T08:45:51.642524+00:00
2CH	36	5	anchor	missing: figlio	2026-10-04T08:46:10.967400+00:00
2CH	36	10	anchor	missing: risposta	2026-10-04T08:46:20.846426+00:00
2CH	36	11	anchor	missing: figlio	2026-10-04T08:46:24.325860+00:00
EZR	2	46	anchor	missing: Salmai	2026-10-04T08:48:11.596287+00:00
EZR	2	65	anchor	missing: solo	2026-10-04T08:48:39.163868+00:00
EZR	2	69	anchor	missing: sacerdote	2026-10-04T08:48:53.896749+00:00
EZR	7	9	anchor	missing: gradino	2026-10-04T08:51:34.463631+00:00
EZR	7	26	anchor	missing: tutto	2026-10-04T08:52:12.860526+00:00
EZR	8	14	anchor	missing: Zaccur	2026-10-04T08:52:37.264403+00:00
EZR	10	19	anchor	missing: pecora	2026-10-04T08:54:36.308257+00:00
NEH	1	11	anchor	missing: giorno	2026-10-04T08:55:25.857582+00:00
NEH	3	20	anchor	missing: Zaccai	2026-10-04T08:57:06.555439+00:00
NEH	5	5	anchor	missing: servo	2026-10-04T08:58:07.087632+00:00
NEH	6	2	anchor	missing: giovane leone	2026-10-04T08:58:43.876545+00:00
NEH	6	16	anchor	missing: lavoro	2026-10-04T08:59:11.165875+00:00
NEH	7	52	anchor	missing: Nefusim	2026-10-04T09:00:16.319901+00:00
NEH	7	67	anchor	missing: solo	2026-10-04T09:00:39.961578+00:00
NEH	7	70	anchor	missing: sacerdote	2026-10-04T09:00:48.049915+00:00
NEH	7	71	anchor	missing: diecimila	2026-10-04T09:00:50.993860+00:00
NEH	7	72	anchor	missing: sacerdote	2026-10-04T09:00:54.869085+00:00
NEH	9	8	anchor	missing: Gebusei	2026-10-04T09:02:01.283550+00:00
NEH	9	36	anchor	missing: giorno	2026-10-04T09:02:59.025677+00:00
NEH	11	14	anchor	missing: esercito	2026-10-04T09:04:07.127347+00:00
NEH	12	28	anchor	missing: talento	2026-10-04T09:05:13.477489+00:00
NEH	12	37	anchor	missing: occhio	2026-10-04T09:05:26.559180+00:00
NEH	13	4	anchor	missing: volto	2026-10-04T09:05:57.858683+00:00
NEH	13	5	anchor	missing: volto	2026-10-04T09:06:02.288572+00:00
NEH	13	23	anchor	missing: Asdodei, Asdodei	2026-10-04T09:06:49.906239+00:00
EST	1	22	anchor	missing: libro	2026-10-04T09:07:36.255380+00:00
EST	3	13	anchor	missing: libro	2026-10-04T09:08:39.383163+00:00
EST	5	2	anchor	missing: capo	2026-10-04T09:09:01.065824+00:00
EST	5	4	anchor	missing: giorno	2026-10-04T09:09:04.493357+00:00
EST	5	14	anchor	missing: mattina	2026-10-04T09:09:29.081988+00:00
EST	6	6	anchor	missing: eccedenza	2026-10-04T09:09:42.031006+00:00
EST	6	7	anchor	missing: onore	2026-10-04T09:09:47.548467+00:00
EST	6	9	anchor	missing: onore, onore	2026-10-04T09:09:53.954653+00:00
EST	6	11	anchor	missing: onore	2026-10-04T09:10:01.940840+00:00
EST	8	15	anchor	missing: volto, regno	2026-10-04T09:10:46.918139+00:00
EST	9	13	anchor	missing: giorno	2026-10-04T09:11:13.872070+00:00
EST	9	19	anchor	missing: villaggio	2026-10-04T09:11:22.250732+00:00
JOB	1	15	anchor	missing: bocca	2026-10-04T09:12:10.649383+00:00
JOB	2	7	anchor	missing: mano	2026-10-04T09:12:30.625045+00:00
JOB	2	9	anchor	missing: donna	2026-10-04T09:12:34.344585+00:00
JOB	11	9	anchor	missing: veste	2026-10-04T09:16:09.068515+00:00
JOB	11	17	anchor	missing: mattina	2026-10-04T09:16:20.807425+00:00
JOB	13	26	anchor	missing: fiele	2026-10-04T09:17:14.629834+00:00
JOB	23	2	anchor	missing: giorno	2026-10-04T09:21:26.452145+00:00
JOB	28	10	anchor	missing: onore	2026-10-04T09:22:58.359770+00:00
JOB	28	25	anchor	missing: spirito	2026-10-04T09:23:11.229909+00:00
JOB	29	2	anchor	missing: oriente	2026-10-04T09:23:19.029218+00:00
JOB	34	20	anchor	missing: notte	2026-10-04T09:25:58.670987+00:00
JOB	38	7	anchor	missing: mattina	2026-10-04T09:27:23.535219+00:00
JOB	39	27	anchor	missing: bocca	2026-10-04T09:28:19.805175+00:00
JOB	41	25	anchor	missing: Dio	2026-10-04T09:29:02.669291+00:00
JOB	42	11	anchor	missing: volto	2026-10-04T09:29:39.830725+00:00
PSA	1	3	anchor	missing: tempo	2026-10-04T09:29:51.990286+00:00
PSA	2	7	anchor	missing: giorno	2026-10-04T09:30:03.746846+00:00
PSA	4	1	anchor	missing: canzone	2026-10-04T09:30:18.034133+00:00
PSA	5	3	anchor	missing: mattina, mattina	2026-10-04T09:30:35.592588+00:00
PSA	7	1	anchor	missing: Etiopia	2026-10-04T09:31:04.664363+00:00
PSA	9	3	anchor	missing: dietro	2026-10-04T09:31:33.061120+00:00
PSA	9	6	anchor	missing: deserto	2026-10-04T09:31:40.151585+00:00
PSA	11	4	anchor	missing: santo	2026-10-04T09:32:25.658288+00:00
PSA	12	2	anchor	missing: uomo	2026-10-04T09:32:34.354975+00:00
PSA	16	8	anchor	missing: continuo	2026-10-04T09:33:13.095770+00:00
PSA	18	44	anchor	missing: fama	2026-10-04T09:34:22.282111+00:00
PSA	19	5	anchor	missing: genero	2026-10-04T09:34:44.543653+00:00
PSA	25	15	anchor	missing: continuo	2026-10-04T09:36:16.452490+00:00
PSA	25	19	anchor	missing: violenza	2026-10-04T09:36:25.534190+00:00
PSA	31	21	anchor	missing: assedio	2026-10-04T09:37:44.183892+00:00
PSA	31	23	anchor	missing: resto	2026-10-04T09:37:48.435537+00:00
PSA	34	1	anchor	missing: continuo	2026-10-04T09:38:16.500986+00:00
PSA	34	10	anchor	missing: tutto	2026-10-04T09:38:23.445514+00:00
PSA	35	4	anchor	missing: dietro	2026-10-04T09:38:38.949704+00:00
PSA	35	13	anchor	missing: vestito	2026-10-04T09:38:50.881728+00:00
PSA	35	27	anchor	missing: continuo	2026-10-04T09:39:07.063158+00:00
PSA	38	3	anchor	missing: indignazione	2026-10-04T09:39:58.640774+00:00
PSA	40	14	anchor	missing: dietro	2026-10-04T09:40:50.681567+00:00
PSA	40	16	anchor	missing: continuo	2026-10-04T09:40:58.735425+00:00
PSA	44	10	anchor	missing: dietro	2026-10-04T09:41:47.884145+00:00
PSA	45	8	anchor	missing: dente	2026-10-04T09:42:20.924056+00:00
PSA	46	5	anchor	missing: mattina	2026-10-04T09:42:37.928851+00:00
PSA	47	8	anchor	missing: santo	2026-10-04T09:42:50.724922+00:00
PSA	49	13	anchor	missing: fianco	2026-10-04T09:43:21.876536+00:00
PSA	49	14	anchor	missing: mattina	2026-10-04T09:43:29.661640+00:00
PSA	50	8	anchor	missing: continuo	2026-10-04T09:43:46.882897+00:00
PSA	50	10	anchor	missing: vita	2026-10-04T09:43:52.509806+00:00
PSA	56	9	anchor	missing: dietro	2026-10-04T09:45:17.603900+00:00
PSA	57	6	anchor	missing: volta	2026-10-04T09:45:33.582952+00:00
PSA	59	16	anchor	missing: mattina	2026-10-04T09:46:06.274118+00:00
PSA	60	8	anchor	missing: pentola	2026-10-04T09:46:27.072155+00:00
PSA	60	9	anchor	missing: assedio	2026-10-04T09:46:29.835947+00:00
PSA	65	13	anchor	missing: pecora	2026-10-04T09:47:35.804635+00:00
PSA	67	1	anchor	missing: canzone	2026-10-04T09:48:03.088117+00:00
PSA	68	23	anchor	missing: da	2026-10-04T09:48:47.351126+00:00
PSA	70	2	anchor	missing: dietro	2026-10-04T09:49:33.806068+00:00
PSA	70	4	anchor	missing: continuo	2026-10-04T09:49:37.934081+00:00
PSA	71	3	anchor	missing: continuo	2026-10-04T09:49:43.915170+00:00
PSA	71	14	anchor	missing: continuo	2026-10-04T09:49:58.480753+00:00
PSA	72	15	anchor	missing: continuo	2026-10-04T09:50:24.120367+00:00
PSA	72	16	anchor	missing: capo	2026-10-04T09:50:27.293481+00:00
PSA	73	23	anchor	missing: continuo	2026-10-04T09:50:52.737668+00:00
PSA	74	7	anchor	missing: fuoco	2026-10-04T09:51:08.252215+00:00
PSA	76	1	anchor	missing: canzone	2026-10-04T09:51:51.641979+00:00
PSA	77	7	anchor	missing: Signore	2026-10-04T09:52:15.537472+00:00
PSA	77	19	anchor	missing: calcagno	2026-10-04T09:52:27.608727+00:00
PSA	88	13	anchor	missing: mattina	2026-10-04T09:55:48.641090+00:00
PSA	89	35	anchor	missing: santo	2026-10-04T09:56:29.862658+00:00
PSA	90	6	anchor	missing: mattina	2026-10-04T09:56:53.050168+00:00
PSA	90	14	anchor	missing: mattina	2026-10-04T09:57:08.629207+00:00
PSA	92	2	anchor	missing: mattina	2026-10-04T09:57:32.059090+00:00
PSA	94	19	anchor	missing: mezzo	2026-10-04T09:58:23.055648+00:00
PSA	95	7	anchor	missing: giorno	2026-10-04T09:58:34.419910+00:00
PSA	95	8	anchor	missing: contesa	2026-10-04T09:58:39.332399+00:00
PSA	102	25	anchor	missing: volto	2026-10-04T09:59:51.721930+00:00
PSA	104	11	anchor	missing: vita	2026-10-04T10:00:28.165964+00:00
PSA	105	4	anchor	missing: continuo	2026-10-04T10:01:03.564727+00:00
PSA	105	12	anchor	missing: uomini	2026-10-04T10:01:13.855022+00:00
PSA	107	4	anchor	missing: dimora	2026-10-04T10:02:55.318900+00:00
PSA	107	34	anchor	missing: frutto	2026-10-04T10:03:33.195263+00:00
PSA	108	9	anchor	missing: pentola	2026-10-04T10:03:55.099821+00:00
PSA	108	10	anchor	missing: fortezza	2026-10-04T10:03:57.172153+00:00
PSA	109	15	anchor	missing: continuo	2026-10-04T10:04:28.081296+00:00
PSA	109	19	anchor	missing: continuo	2026-10-04T10:04:36.268259+00:00
PSA	111	1	anchor	missing: Signore	2026-10-04T10:05:02.646787+00:00
PSA	112	3	anchor	missing: eternità	2026-10-04T10:05:20.226941+00:00
PSA	114	3	anchor	missing: dietro	2026-10-04T10:05:44.127604+00:00
PSA	114	5	anchor	missing: dietro	2026-10-04T10:05:47.592564+00:00
PSA	118	18	anchor	missing: Signore	2026-10-04T10:06:41.679996+00:00
PSA	119	44	anchor	missing: continuo	2026-10-04T10:07:42.574298+00:00
PSA	119	62	anchor	missing: notte	2026-10-04T10:07:59.012718+00:00
PSA	119	91	anchor	missing: giorno	2026-10-04T10:08:26.333971+00:00
PSA	119	109	anchor	missing: continuo	2026-10-04T10:08:45.253114+00:00
PSA	119	133	anchor	missing: volta, tutto	2026-10-04T10:09:10.662730+00:00
PSA	125	2	anchor	missing: intorno, intorno	2026-10-04T10:10:19.121499+00:00
PSA	127	1	anchor	missing: vanità, vanità	2026-10-04T10:10:32.466992+00:00
PSA	129	5	anchor	missing: dietro	2026-10-04T10:10:47.858175+00:00
PSA	133	2	anchor	missing: misura	2026-10-04T10:11:36.502359+00:00
PSA	134	2	anchor	missing: santo	2026-10-04T10:11:43.084650+00:00
PSA	135	4	anchor	missing: Signore	2026-10-04T10:11:50.275223+00:00
PSA	139	5	anchor	missing: oriente	2026-10-04T10:13:42.992623+00:00
PSA	139	22	anchor	missing: fine	2026-10-04T10:13:59.401755+00:00
PSA	143	2	anchor	missing: tutto	2026-10-04T10:14:38.209491+00:00
PSA	143	8	anchor	missing: mattina	2026-10-04T10:14:51.182799+00:00
PRO	1	21	anchor	missing: capo	2026-10-04T10:16:28.574459+00:00
PRO	1	27	anchor	missing: rovina	2026-10-04T10:16:43.775306+00:00
PRO	3	27	anchor	missing: Dio	2026-10-04T10:17:46.495436+00:00
PRO	3	31	anchor	missing: tutto	2026-10-04T10:17:51.854069+00:00
PRO	6	21	anchor	missing: continuo	2026-10-04T10:19:16.958884+00:00
PRO	6	29	anchor	missing: tutto	2026-10-04T10:19:27.181393+00:00
PRO	6	35	anchor	missing: tutto	2026-10-04T10:19:36.396402+00:00
PRO	7	14	anchor	missing: giorno	2026-10-04T10:19:50.192867+00:00
PRO	10	4	anchor	missing: frode	2026-10-04T10:21:04.701908+00:00
PRO	11	7	anchor	missing: iniquità	2026-10-04T10:21:29.338165+00:00
PRO	11	17	anchor	missing: benignità	2026-10-04T10:21:41.913468+00:00
PRO	11	22	anchor	missing: ira	2026-10-04T10:21:47.399063+00:00
PRO	11	25	anchor	missing: benedizione	2026-10-04T10:21:53.260612+00:00
PRO	12	4	anchor	missing: esercito	2026-10-04T10:22:02.287742+00:00
PRO	12	21	anchor	missing: tutto	2026-10-04T10:22:23.081154+00:00
PRO	13	7	anchor	missing: tutto	2026-10-04T10:22:35.984462+00:00
PRO	13	17	anchor	missing: dolore	2026-10-04T10:22:43.303610+00:00
PRO	15	14	anchor	missing: bocca	2026-10-04T10:23:32.933845+00:00
PRO	16	29	anchor	missing: violenza	2026-10-04T10:24:17.557493+00:00
PRO	17	7	anchor	missing: resto	2026-10-04T10:24:29.358448+00:00
PRO	17	17	anchor	missing: prossimo	2026-10-04T10:24:46.911825+00:00
PRO	20	1	anchor	missing: tutto	2026-10-04T10:25:56.074392+00:00
PRO	20	6	anchor	missing: moltitudine	2026-10-04T10:26:02.108722+00:00
PRO	22	19	anchor	missing: giorno	2026-10-04T10:27:05.239581+00:00
PRO	25	14	anchor	missing: principe	2026-10-04T10:28:39.153761+00:00
PRO	25	24	anchor	missing: incantesimo	2026-10-04T10:28:55.233211+00:00
PRO	29	15	anchor	missing: tribù	2026-10-04T10:30:48.698044+00:00
PRO	30	15	anchor	missing: ricchezza	2026-10-04T10:31:25.170893+00:00
PRO	31	10	anchor	missing: esercito	2026-10-04T10:32:01.654375+00:00
ECC	1	4	anchor	missing: eternità	2026-10-04T10:32:30.356982+00:00
ECC	1	6	anchor	missing: intorno	2026-10-04T10:32:36.079733+00:00
ECC	1	9	anchor	missing: tutto	2026-10-04T10:32:43.437323+00:00
ECC	4	12	anchor	missing: velocità	2026-10-04T10:34:05.048778+00:00
ECC	5	11	anchor	missing: vista	2026-10-04T10:34:31.528396+00:00
ECC	5	16	anchor	missing: accanto	2026-10-04T10:34:36.920158+00:00
ECC	6	12	anchor	missing: vanità	2026-10-04T10:34:59.392951+00:00
ECC	9	1	anchor	missing: lavoro	2026-10-04T10:35:56.692944+00:00
ECC	10	16	anchor	missing: mattina	2026-10-04T10:36:42.397340+00:00
ECC	11	6	anchor	missing: mattina	2026-10-04T10:36:55.338595+00:00
ECC	12	12	anchor	missing: eccedenza	2026-10-04T10:37:11.984684+00:00
SNG	1	3	anchor	missing: odore	2026-10-04T10:37:21.547208+00:00
SNG	1	8	anchor	missing: pecora	2026-10-04T10:37:40.356363+00:00
SNG	2	3	anchor	missing: mela	2026-10-04T10:37:54.570002+00:00
SNG	4	3	anchor	missing: deserto	2026-10-04T10:38:29.174893+00:00
SNG	4	8	anchor	missing: capo, capo	2026-10-04T10:38:39.196071+00:00
SNG	5	14	anchor	missing: dente	2026-10-04T10:39:06.903678+00:00
SNG	6	5	anchor	missing: pelo	2026-10-04T10:39:18.539437+00:00
SNG	7	4	anchor	missing: dente, ira	2026-10-04T10:39:43.207694+00:00
SNG	8	5	anchor	missing: mela	2026-10-04T10:40:04.758162+00:00
ISA	1	4	anchor	missing: dietro	2026-10-04T10:40:27.572072+00:00
ISA	3	16	anchor	missing: gola	2026-10-04T10:42:03.280489+00:00
ISA	5	28	anchor	missing: nemico	2026-10-04T10:43:01.368141+00:00
ISA	7	20	anchor	missing: lato	2026-10-04T10:43:46.558694+00:00
ISA	7	22	anchor	missing: tutto	2026-10-04T10:43:51.644290+00:00
ISA	10	32	anchor	missing: giorno	2026-10-04T10:45:26.620095+00:00
ISA	11	7	anchor	missing: bambino	2026-10-04T10:45:42.390682+00:00
ISA	13	15	anchor	missing: tutto, tutto	2026-10-04T10:46:55.600944+00:00
ISA	13	17	anchor	missing: Media	2026-10-04T10:47:02.350300+00:00
ISA	15	5	anchor	missing: terzo	2026-10-04T10:47:56.509770+00:00
ISA	16	11	anchor	missing: ventre	2026-10-04T10:48:52.868370+00:00
ISA	17	6	anchor	missing: capo	2026-10-04T10:49:11.060934+00:00
ISA	17	14	anchor	missing: mattina	2026-10-04T10:49:29.792263+00:00
ISA	18	2	anchor	missing: dolore, volto, calpestamento	2026-10-04T10:49:37.601956+00:00
ISA	18	5	anchor	missing: volto	2026-10-04T10:49:44.448401+00:00
ISA	18	7	anchor	missing: calpestamento	2026-10-04T10:49:49.198717+00:00
ISA	19	20	anchor	missing: volto	2026-10-04T10:50:23.669102+00:00
ISA	21	8	anchor	missing: continuo	2026-10-04T10:50:52.809417+00:00
ISA	23	8	anchor	missing: Canaan	2026-10-04T10:51:53.081976+00:00
ISA	25	10	anchor	missing: per	2026-10-04T10:52:47.563745+00:00
ISA	28	1	anchor	missing: olio	2026-10-04T10:53:35.282349+00:00
ISA	28	4	anchor	missing: olio	2026-10-04T10:53:42.994538+00:00
ISA	28	13	anchor	missing: dietro	2026-10-04T10:53:55.884976+00:00
